40	-1136	2032	15936	0	0	0	0	0	0	0	0	0	32768	0	0	0	0	0	95	142	0	0	0	38
41	-960	2448	15760	0	0	0	0	0	0	0	0	0	0	0	0	0	0	0	95	142	0	0	0	34
42	-1280	2192	15904	0	0	0	0	0	0	0	0	0	0	0	0	0	0	0	95	142	0	0	1	31
43	-1632	2416	15920	0	0	0	0	0	0	0	0	0	0	0	0	0	0	0	95	142	1	0	1	28
44	-1584	2400	15872	0	0	26	0	0	0	0	0	0	0	0	0	0	0	0	95	142	1	1	2	25
45	-1232	2336	15920	0	0	26	0	0	0	0	0	0	0	0	0	0	0	0	95	142	2	1	2	25
46	-1344	2032	15968	0	0	26	0	0	0	0	0	0	0	0	0	0	0	0	95	142	2	1	3	24
47	-1264	2016	15968	0	0	26	0	0	0	0	0	0	0	0	0	0	0	0	95	142	3	1	4	24
48	-1584	2096	15600	0	0	26	0	0	0	0	0	0	0	0	0	0	0	0	95	142	3	2	5	20
49	-1248	2128	15600	0	0	26	0	0	0	0	0	0	0	0	0	0	0	0	95	142	3	1	4	19
50	-1552	2352	15952	0	0	26	0	0	0	0	0	0	0	0	0	0	0	0	95	142	3	1	4	20
51	-1408	2672	15952	0	0	26	0	0	0	0	0	0	0	0	0	0	0	0	95	142	2	1	5	35
52	-1600	2560	15968	0	0	26	0	0	0	0	0	0	0	0	0	0	0	0	95	142	2	1	5	62
53	-1584	2320	15920	0	0	26	0	0	0	0	0	0	0	0	0	0	0	0	95	142	5	4	24	60
54	-1664	2016	15952	0	0	26	0	0	0	0	0	0	0	0	0	0	0	0	95	142	5	5	24	51
55	-1664	2880	15520	0	0	26	0	0	0	0	0	0	0	0	0	0	0	0	95	142	5	5	25	44
56	-1536	2560	15536	0	0	26	0	0	0	0	0	0	0	0	0	0	0	0	95	142	5	5	24	35
57	-2320	2208	15488	0	0	26	0	0	0	0	0	0	0	0	0	0	0	0	95	142	5	5	24	30
58	-2432	2544	15648	0	0	26	0	0	0	0	0	2	8192	0	0	0	0	0	95	142	5	5	24	26
59	-2832	2352	15632	0	0	26	0	0	0	0	0	0	8192	0	0	3	0	0	95	142	5	5	24	25
60	-2752	2560	15648	0	0	26	0	0	0	0	0	0	8192	0	0	5	0	0	95	142	6	5	24	28
61	-2448	2736	15328	0	0	26	0	0	0	0	0	0	8192	0	0	12	0	0	95	142	3	2	5	30
62	-2496	2896	15344	0	0	26	0	0	0	0	0	0	8192	0	0	23	0	0	95	142	3	2	5	29
63	-2288	2768	15632	0	0	26	0	0	0	0	0	0	8192	0	0	30	0	0	95	142	3	2	4	28
64	-2672	2752	15648	0	0	26	0	0	0	0	0	0	0	0	0	2	0	0	95	142	3	2	4	34
65	-2448	2816	15616	0	0	26	0	0	0	0	0	0	8192	0	0	0	0	0	95	142	4	3	5	154
66	-2592	2544	15648	0	0	26	0	0	0	0	0	0	8192	0	0	0	0	0	95	142	6	3	7	156
67	-2224	2864	15664	0	0	26	0	0	0	0	0	0	8192	0	0	0	0	0	95	142	6	4	9	120
68	-2304	2800	15616	0	0	26	0	0	0	0	0	0	0	0	0	0	0	0	95	142	5	4	9	90
69	-2256	2704	15632	0	0	26	0	0	0	0	0	0	0	0	0	0	0	0	95	142	5	4	9	69
70	-2624	3184	15616	0	0	26	0	0	0	0	0	0	0	0	0	0	0	0	95	142	6	4	9	54
71	-2624	3120	15632	0	0	26	0	0	0	0	0	0	0	0	0	0	0	0	95	142	6	4	9	47
72	-2288	3088	15344	0	0	26	0	0	0	0	0	0	0	0	0	0	0	0	95	142	8	3	8	45
73	-2240	2960	15344	0	0	26	0	0	0	0	0	0	0	0	0	0	0	0	95	142	8	3	7	37
74	-2240	3408	15344	0	0	26	0	0	0	0	0	0	0	0	0	0	0	0	95	142	7	3	6	32
75	-2432	3328	15344	0	0	26	0	0	0	0	0	0	0	0	0	0	0	0	95	142	6	2	4	31
76	-2272	3376	15344	0	0	26	0	0	0	0	0	0	0	8	0	0	0	0	95	142	7	2	4	27
77	-2256	3232	15296	0	0	26	0	0	0	0	0	0	8192	0	0	0	0	0	95	142	7	2	4	25
78	-2272	3200	15344	0	0	26	0	0	0	0	0	0	0	0	0	0	0	0	95	142	6	1	4	26
79	-2288	3424	15648	0	0	26	0	0	0	0	0	0	0	0	0	0	0	0	95	142	6	2	4	27
80	-2256	3440	15648	0	0	26	0	0	0	0	0	0	0	0	0	0	0	0	95	142	4	2	4	28
81	-2608	3344	15616	0	0	26	0	0	0	0	0	0	0	0	0	0	0	0	95	142	4	1	4	28
82	-2624	3360	15328	0	0	26	0	0	0	0	0	0	0	0	0	0	0	0	95	142	4	1	4	29
83	-2432	3024	15664	0	0	26	0	0	0	0	0	0	0	0	0	0	0	0	95	142	4	1	4	27
84	-2672	3136	15616	0	0	26	0	0	0	0	0	0	0	0	0	0	0	0	95	142	4	1	3	24
85	-2672	2928	15664	0	0	26	0	0	0	0	0	0	0	0	0	0	0	0	95	142	5	1	3	22
86	-2480	2656	15712	0	0	26	0	0	0	0	0	0	0	0	0	0	0	0	95	142	5	1	3	22
87	-2688	2608	15664	0	0	26	0	0	0	0	0	0	0	0	0	2	0	0	95	142	4	1	3	21
88	-2656	1920	15712	0	0	26	0	0	0	0	0	0	0	0	0	4	0	0	95	142	4	1	3	25
89	-2896	2064	15616	0	0	26	0	0	0	0	0	2	8192	0	0	9	0	0	95	142	5	2	3	29
90	-2512	1888	15632	0	0	26	0	0	0	0	0	0	8192	0	0	24	0	0	95	142	6	2	5	40
91	-2432	1200	15600	0	0	26	0	0	0	0	0	0	8192	0	0	51	0	0	95	142	6	2	5	39
92	-2064	1568	15936	0	0	26	0	0	0	0	0	0	8192	0	0	60	0	0	95	142	5	2	5	65
93	-1424	2128	15584	0	0	26	0	0	0	0	0	0	8196	0	0	50	0	0	125	142	6	5	5	63
94	-1712	1920	15568	0	0	26	0	0	0	0	0	0	8192	0	0	11	0	0	95	142	5	5	5	68
95	-1792	2064	15888	0	0	26	0	0	0	0	0	0	8192	0	0	0	0	0	95	142	8	12	265	61
96	-2064	2080	15552	0	0	26	0	0	0	0	0	0	8192	0	0	0	0	0	95	142	8	12	271	49
97	-1888	1936	15904	0	0	26	0	0	0	0	0	0	0	0	0	0	0	0	95	142	7	11	272	42
98	-1360	1776	15792	0	0	26	0	0	0	0	0	0	8192	0	0	0	0	0	95	142	5	11	270	41
99	-928	2640	15776	0	0	26	0	0	0	0	0	0	8192	0	0	0	0	0	95	142	5	11	270	56
100	-2000	2960	15696	0	0	26	0	0	0	0	0	0	8192	0	0	0	0	0	95	142	6	13	271	69
101	-3440	3888	15152	0	0	26	0	0	0	0	0	0	8192	0	0	0	0	0	95	142	6	12	272	75
102	-3936	3872	14912	0	0	26	0	0	0	0	0	0	8192	0	0	0	0	0	95	142	8	13	275	83
103	-4144	4112	14960	0	0	26	0	0	0	0	0	0	8192	0	0	0	0	0	95	142	9	7	17	79
104	-4112	4160	14768	0	0	26	0	0	0	0	0	0	8192	0	0	0	0	0	95	142	9	8	11	78
105	-3376	3808	15152	0	0	26	0	0	0	0	0	0	8192	0	0	0	0	0	95	142	10	9	12	80
106	-2720	4176	15200	0	0	26	0	0	0	0	0	0	8192	0	0	0	0	0	95	142	12	10	12	74
107	-3312	4000	15008	0	0	26	0	0	0	0	0	0	8192	0	0	0	0	0	95	142	13	11	12	68
108	-4400	3936	14864	0	0	26	0	0	0	0	0	0	8192	0	0	0	0	0	95	142	13	10	11	60
109	-4416	4192	14768	0	0	26	0	0	0	0	0	1024	16384	0	0	0	0	0	95	142	12	9	10	51
110	-4144	4016	14736	0	0	26	0	0	0	0	0	0	16384	0	0	3	0	0	95	142	11	8	8	52
111	-3648	4352	14832	0	0	26	0	0	0	0	0	0	8192	0	0	17	0	0	95	142	8	7	6	64
112	-4176	4256	14944	0	0	26	0	0	0	0	0	0	0	0	0	26	0	0	95	142	13	8	6	57
113	-3952	4272	14368	0	0	26	0	0	0	0	0	0	0	0	0	38	0	0	95	142	12	7	5	50
114	-3712	5232	14240	0	0	26	0	0	0	0	0	0	0	0	0	51	0	0	95	142	11	8	5	41
115	-3776	5168	14704	0	0	26	0	0	0	0	0	0	8192	0	0	43	0	0	95	142	10	7	4	34
116	-3840	4848	14640	0	0	26	0	0	0	0	0	0	8192	0	0	8	0	0	95	142	10	5	10	31
117	-3952	5088	14528	0	0	26	0	0	0	0	0	0	8192	0	0	4	0	0	95	142	9	5	10	42
118	-3648	5136	14496	0	0	26	0	0	0	0	0	0	8192	0	0	3	0	0	95	142	10	5	12	85
119	-3328	4704	14720	0	0	26	0	0	0	0	0	0	8192	0	0	0	0	0	95	142	15	24	130	112
120	-3488	4080	15136	0	0	26	0	0	0	0	0	0	8192	0	0	0	0	0	95	142	13	35	194	103
121	-3744	4400	14736	0	0	26	0	0	0	0	0	0	0	0	0	0	0	0	95	142	13	35	196	81
122	-3744	3536	14832	0	0	26	0	0	0	0	0	0	0	0	0	0	0	0	95	142	13	34	196	70
123	-3472	3840	15072	0	0	26	0	0	0	0	0	0	0	0	0	0	0	0	95	142	13	34	196	57
124	-3664	4096	15184	0	0	26	0	0	0	0	0	0	0	0	0	0	0	0	95	142	13	34	190	67
125	-3888	3984	14944	0	0	26	0	0	0	0	0	0	8192	0	0	0	0	0	95	142	13	34	190	69
126	-3728	4336	14784	0	0	26	0	0	0	0	0	0	8192	0	0	0	0	0	95	142	13	34	189	90
127	-3680	4864	14464	0	0	26	0	0	0	0	0	0	0	0	0	0	0	0	95	142	15	20	74	86
128	-3856	4688	14512	0	0	26	0	0	0	0	0	0	0	0	0	0	0	0	95	142	12	8	11	83
129	-3856	4400	14944	0	0	26	0	0	0	0	0	0	0	0	0	2	0	0	95	142	12	10	9	78
130	-3920	4768	14592	0	0	26	0	0	0	0	0	0	0	0	0	0	0	0	95	142	13	11	10	74
131	-3792	5920	14128	0	0	26	0	0	0	0	0	0	0	0	0	0	0	0	95	142	13	11	11	82
132	-4112	5936	14352	0	0	26	0	0	0	0	0	0	8192	0	0	0	0	0	95	142	13	12	13	76
133	-4288	4912	14192	0	0	26	0	0	0	0	0	0	8192	0	0	0	0	0	95	142	15	12	14	71
134	-3744	4576	14304	0	0	26	0	0	0	0	0	0	8192	0	0	0	0	0	95	142	15	13	14	63
135	-2992	4560	14928	0	0	26	0	0	0	0	0	0	8192	0	0	0	0	0	95	142	8	8	10	70
136	-3472	4528	14896	0	0	26	0	0	0	0	0	0	8192	0	0	0	0	0	95	142	9	8	11	76
137	-3312	3984	15152	0	0	26	0	0	0	0	0	0	0	0	0	0	0	0	95	142	9	6	14	78
138	-3104	3888	14736	0	0	26	0	0	0	0	0	0	8192	0	0	0	0	0	95	142	9	8	13	82
139	-2048	3088	14704	0	0	26	0	0	0	0	0	2	8192	0	0	1	0	0	95	142	10	9	13	85
140	-976	2416	14336	0	0	26	0	0	0	0	0	0	8192	0	0	4	0	0	95	142	18	12	12	76
141	-1936	-2720	14736	0	0	26	0	0	0	0	0	0	8192	0	0	29	0	0	95	142	17	13	13	77
142	-3632	-5744	14736	0	0	26	0	0	0	0	0	0	32768	0	0	36	0	0	95	142	16	14	13	86
143	-2992	-10128	15232	0	0	26	0	0	0	0	0	0	32768	0	0	48	0	0	95	142	19	16	15	82
144	-1472	-8592	14736	0	0	26	0	0	0	0	0	0	32768	0	0	60	0	0	95	142	21	17	18	84
145	-1728	-5328	14544	0	0	26	0	0	0	0	0	0	32768	0	0	61	0	0	95	142	19	16	18	79
146	-1920	-4160	14640	0	0	26	0	0	0	0	0	0	32772	0	0	59	0	0	125	142	19	14	18	69
147	-1936	-4896	15216	0	0	26	0	0	0	0	0	0	32768	0	0	29	0	0	95	142	18	13	22	63
148	-2688	-4816	14976	0	0	26	0	0	0	0	0	0	32768	0	0	15	0	0	95	142	11	9	28	86
149	-6336	-2672	13584	0	0	26	0	0	0	0	0	0	32768	0	0	4	0	0	95	142	10	9	30	88
150	-7168	-1712	13216	0	0	26	0	0	0	0	0	0	16384	0	0	2	0	0	95	142	12	7	33	78
151	-7152	-432	13104	0	0	26	0	0	0	0	0	0	16384	0	0	2	0	0	95	142	8	5	31	71
152	-9344	96	11728	0	0	26	0	0	0	0	0	0	16384	0	0	3	0	0	95	142	9	4	28	76
153	-10912	368	11424	0	0	26	0	0	0	0	0	0	16384	0	0	1	0	0	95	142	11	6	29	68
154	-11344	-160	11504	0	0	26	0	0	0	0	0	0	32768	0	0	0	0	0	95	142	10	6	29	57
155	-10400	48	12064	0	0	26	0	0	0	0	0	0	32768	0	0	0	0	0	95	142	9	6	25	66
156	-10736	768	12320	0	0	26	0	0	0	0	0	0	32768	0	0	0	0	0	95	142	8	6	19	69
157	-8416	704	12432	0	0	26	0	0	0	0	0	0	32768	0	0	0	0	0	95	142	11	6	16	67
158	-5328	944	13504	0	0	26	0	0	0	0	0	0	16384	0	0	0	0	0	95	142	11	5	13	65
159	-3632	416	14528	0	0	26	0	0	0	0	0	0	16384	0	0	0	0	0	95	142	11	6	13	68
160	-1360	1280	15648	0	0	26	0	0	0	0	0	0	16384	0	0	0	0	0	95	142	9	6	14	74
161	-1216	1504	15648	0	0	26	0	0	0	0	0	0	16384	0	0	1	0	0	95	142	9	5	9	80
162	-1376	2096	15568	0	0	26	0	0	0	0	0	0	16384	0	0	7	0	0	95	142	10	5	10	74
163	-1328	2656	16016	0	0	26	0	0	0	0	0	0	16384	0	0	23	0	0	95	142	11	6	10	69
164	-1456	2432	15744	0	0	26	0	0	0	0	0	0	32768	0	0	34	0	0	95	142	12	5	10	68
165	-2560	3952	14992	0	0	26	0	0	0	0	0	0	32768	0	0	41	0	0	95	142	12	6	9	74
166	-3904	5472	13760	0	0	26	0	0	0	0	0	0	16384	0	0	49	0	0	95	142	11	6	9	67
167	-4176	6656	13040	0	0	26	0	0	0	0	0	0	16384	0	0	53	0	0	95	142	12	5	9	60
168	-2880	1888	11152	0	0	26	0	0	0	0	0	0	16384	0	0	40	0	0	95	142	12	5	9	69
169	-2176	-9072	13056	0	0	26	0	0	0	0	0	0	8192	0	0	11	0	0	95	142	11	4	8	74
170	-2016	-8784	12992	0	0	26	0	0	0	0	0	0	32768	0	0	11	0	0	95	142	13	5	9	74
171	-1696	-9552	12992	0	0	26	0	0	0	0	0	0	32768	0	0	15	0	0	95	142	13	7	12	76
172	-1264	-10752	13232	0	0	26	0	0	0	0	0	0	32768	0	0	3	0	0	95	142	15	9	13	71
173	-704	-10576	13264	0	0	26	0	0	0	0	0	0	32768	0	0	0	0	0	95	142	12	8	14	57
174	-960	-9360	12976	0	0	26	0	0	0	0	0	0	32768	0	0	0	0	0	95	142	12	8	13	47
175	-512	-9232	13328	0	0	26	0	0	0	0	0	0	32768	0	0	0	0	0	95	142	10	8	12	45
176	-192	-9824	13360	0	0	26	0	0	0	0	0	0	32768	0	0	1	0	0	95	142	11	8	12	80
177	-1616	-9904	13056	0	0	26	0	0	0	0	0	0	32768	0	0	0	0	0	95	142	15	8	14	98
178	-3808	-8800	11424	0	0	26	0	0	0	0	0	0	32768	0	0	0	0	0	95	142	13	7	14	86
179	-4000	-3056	11280	0	0	26	0	0	0	0	0	0	32768	0	0	0	0	0	95	142	12	6	10	70
180	-4816	-9440	12320	0	0	26	0	0	0	0	0	0	16384	0	0	0	0	0	95	142	10	4	9	58
181	-5568	-12176	12864	0	0	26	0	0	0	0	0	0	8192	0	0	0	0	0	95	142	10	3	9	52
182	-5056	-5008	11712	0	0	26	0	0	0	0	0	0	16384	0	0	0	0	0	95	142	11	4	10	67
183	-3760	-4640	11232	0	0	26	0	0	0	0	0	0	16384	0	0	0	0	0	95	142	18	4	9	67
184	-4464	-8864	11600	0	0	26	0	0	0	0	0	0	16384	0	0	0	0	0	95	142	18	4	10	97
185	-2912	-10624	11280	0	0	26	0	0	0	0	0	0	16384	0	0	0	0	0	95	142	15	4	10	128
186	-1056	-13008	11552	0	0	26	0	0	0	0	0	0	8192	0	0	0	0	0	95	142	17	10	10	120
187	-640	-13488	10944	0	0	26	0	0	0	0	0	0	16384	0	0	0	0	0	95	142	17	10	11	109
188	-512	-13424	10864	0	0	26	0	0	0	0	0	0	16384	0	0	0	0	0	95	142	20	15	13	104
189	-992	-13104	10592	0	0	26	0	0	0	0	0	0	16384	0	0	0	0	0	95	142	20	16	14	101
190	-1360	-12160	10832	0	0	26	0	0	0	0	0	0	32768	0	0	0	0	0	95	142	19	16	14	90
191	-1344	-11952	11056	0	0	26	0	0	0	0	0	0	16384	0	0	0	0	0	95	142	12	18	15	78
192	-1472	-11792	11296	0	0	26	0	0	0	0	0	1	16384	0	0	0	0	0	95	142	11	18	14	71
193	-1504	-11760	11552	0	0	26	0	0	0	0	0	0	16384	0	0	0	0	0	95	142	9	19	13	93
194	-2064	-11120	11824	0	0	26	0	0	0	0	0	0	16384	0	0	0	0	0	95	142	10	14	14	93
195	-2688	-10672	12064	0	0	26	0	0	0	0	0	0	8192	0	0	0	0	0	95	142	9	14	14	75
196	-2656	-10928	11648	0	0	26	0	0	0	0	0	0	8192	0	0	0	0	0	95	142	6	9	12	66
197	-2016	-10800	11696	0	0	26	0	0	0	0	0	0	8192	0	0	0	0	0	95	142	7	10	12	67
198	-2368	-10240	12288	0	0	26	0	0	0	0	0	0	8192	0	0	0	0	0	95	142	9	12	16	56
199	-2304	-9872	12352	0	0	26	0	0	0	0	0	0	16384	0	0	0	0	0	95	142	9	10	15	49
200	-2240	-10064	12384	0	0	26	0	0	0	0	0	0	16384	0	0	0	0	0	95	142	10	10	14	43
201	-2400	-10048	12272	0	0	26	0	0	0	0	0	0	8192	0	0	0	0	0	95	142	10	9	14	37
202	-2848	-9904	12160	0	0	26	0	0	0	0	0	0	8192	0	0	0	0	0	95	142	7	7	11	32
203	-2880	-9936	12160	0	0	26	0	0	0	0	0	0	8192	0	0	1	0	0	95	142	7	6	10	28
204	-2688	-10096	12256	0	0	26	0	0	0	0	0	0	8192	0	0	6	0	0	95	142	8	6	10	27
205	-2240	-9792	12640	0	0	26	0	0	0	0	0	0	8192	0	0	9	0	0	95	142	7	3	8	24
206	-2672	-10304	12240	0	0	26	0	0	0	0	0	0	8192	0	0	10	0	0	95	142	3	1	4	23
207	-2592	-9952	12192	0	0	26	0	0	0	0	0	0	0	0	0	13	0	0	95	142	4	1	4	22
208	-2448	-9664	12592	0	0	26	0	0	0	0	0	0	8192	0	0	24	0	0	95	142	3	1	3	21
209	-2448	-10064	12256	0	0	26	0	0	0	0	0	0	0	0	0	27	0	0	95	142	3	1	3	21
210	-2496	-9984	12160	0	0	26	0	0	0	0	0	0	0	0	0	31	0	0	95	142	3	1	3	24
211	-2496	-9904	12544	0	0	26	0	0	0	0	0	0	0	0	0	34	0	0	95	142	3	1	3	24
212	-2864	-10048	12272	0	0	26	0	0	0	0	0	0	0	0	0	38	0	0	95	142	3	1	3	25
213	-2544	-9696	12272	0	0	26	0	0	0	0	0	0	0	0	0	29	0	0	95	142	4	1	3	25
214	-2704	-10112	12240	0	0	26	0	0	0	0	0	0	0	0	0	7	0	0	95	142	4	1	3	24
215	-2720	-9872	12256	0	0	26	0	0	0	0	0	0	0	0	0	1	0	0	95	142	4	1	3	26
216	-2912	-10080	12544	0	0	26	0	0	0	0	0	0	0	0	0	0	0	0	95	142	4	1	3	26
217	-2720	-9680	12560	0	0	26	0	0	0	0	0	0	0	0	0	0	0	0	95	142	4	1	3	25
218	-2896	-9872	12224	0	0	26	0	0	0	0	0	0	0	0	0	0	0	0	95	142	4	1	3	28
219	-2608	-10096	12544	0	0	26	0	0	0	0	0	0	0	0	0	0	0	0	95	142	4	1	3	32
220	-2640	-10032	12256	0	0	26	0	0	0	0	0	0	0	0	0	0	0	0	95	142	4	1	3	32
221	-2304	-9840	12592	0	0	26	0	0	0	0	0	0	0	0	0	0	0	0	95	142	3	1	3	32
222	-2608	-9472	12416	0	0	26	0	0	0	0	0	0	0	0	0	0	0	0	95	142	4	1	3	44
223	-2848	-9472	12448	0	0	26	0	0	0	0	0	0	0	0	0	0	0	0	95	142	10	2	4	42
224	-2480	-9680	12480	0	0	26	0	0	0	0	0	0	0	0	0	0	0	0	95	142	10	2	4	36
225	-3104	-9360	12496	0	0	26	0	0	0	0	0	0	0	0	0	0	0	0	95	142	11	2	5	32
226	-3040	-9552	12464	0	0	26	0	0	0	0	0	0	0	0	0	0	0	0	95	142	11	2	5	31
227	-2784	-9152	12848	0	0	26	0	0	0	0	0	0	0	0	0	0	0	0	95	142	12	2	5	28
228	-2912	-9344	12688	0	0	26	0	0	0	0	0	0	0	0	0	0	0	0	95	142	12	2	5	28
229	-2736	-9136	12912	0	0	26	0	0	0	0	0	0	0	0	0	0	0	0	95	142	13	2	5	30
230	-3056	-9136	12848	0	0	26	0	0	0	0	0	0	8192	0	0	0	0	0	95	142	12	2	5	34
231	-3168	-9296	12912	0	0	26	0	0	0	0	0	0	8192	0	0	0	0	0	95	142	6	2	4	35
232	-2960	-9344	12880	0	0	26	0	0	0	0	0	0	8192	0	0	1	0	0	95	142	6	2	4	32
233	-3200	-9280	12672	0	0	26	0	0	0	0	0	0	0	0	0	3	0	0	95	142	5	2	3	57
234	-3104	-8928	12688	0	0	26	0	0	0	0	0	0	0	0	0	1	0	0	95	142	6	2	4	62
235	-3136	-9296	12704	0	0	26	0	0	0	0	0	0	8192	0	0	0	0	0	95	142	6	3	4	60
236	-2976	-9280	12688	0	0	26	0	0	0	0	0	0	0	0	0	0	0	0	95	142	6	3	5	54
237	-3152	-9232	12720	0	0	26	0	0	0	0	0	0	0	0	0	0	0	0	95	142	6	3	5	49
238	-3168	-9248	12688	0	0	26	0	0	0	0	0	0	0	0	0	0	0	0	95	142	6	4	5	41
239	-3184	-9120	12912	0	0	26	0	0	0	0	0	0	0	0	0	0	0	0	95	142	6	3	5	35
240	-3168	-9104	12688	0	0	26	0	0	0	0	0	0	0	0	0	0	0	0	95	142	6	3	5	33
241	-3168	-9120	12688	0	0	26	0	0	0	0	0	0	0	0	0	0	0	0	95	142	6	3	5	29
242	-2976	-9120	12912	0	0	26	0	0	0	0	0	0	0	0	0	0	0	0	95	142	5	3	4	25
243	-3120	-9120	12704	0	0	26	0	0	0	0	0	0	0	0	0	0	0	0	95	142	4	2	4	25
244	-2816	-9104	12704	0	0	26	0	0	0	0	0	0	0	0	0	0	0	0	95	142	4	2	3	22
245	-3104	-9344	12720	0	0	26	0	0	0	0	0	0	0	0	0	0	0	0	95	142	4	2	3	21
246	-3136	-9312	12720	0	0	26	0	0	0	0	0	0	0	0	0	0	0	0	95	142	4	2	3	23
247	-3152	-9296	12912	0	0	26	0	0	0	0	0	0	0	0	0	0	0	0	95	142	4	2	3	22
248	-2800	-9312	12672	0	0	26	0	0	0	0	0	0	0	0	0	0	0	0	95	142	3	1	3	22
249	-2784	-9312	12672	0	0	26	0	0	0	0	0	0	0	0	0	0	0	0	95	142	3	1	3	22
250	-2816	-9280	12896	0	0	26	0	0	0	0	0	0	0	0	0	0	0	0	95	142	3	1	3	23
251	-2800	-9136	12704	0	0	26	0	0	0	0	0	0	0	0	0	0	0	0	95	142	3	1	3	23
252	-3104	-9120	12704	0	0	26	0	0	0	0	0	0	0	0	0	0	0	0	95	142	2	1	3	22
253	-3088	-9328	12752	0	0	26	0	0	0	0	0	0	0	0	0	0	0	0	95	142	2	1	3	24
254	-3088	-9120	12672	0	0	26	0	0	0	0	0	0	0	0	0	0	0	0	95	142	2	1	3	27
255	-2768	-9312	12688	0	0	26	0	0	0	0	0	0	0	0	0	0	0	0	95	142	2	1	3	27
256	-2704	-9152	12672	0	0	26	0	0	0	0	0	0	0	0	0	1	0	0	95	142	2	1	3	26
257	-2752	-9104	12848	0	0	26	0	0	0	0	0	0	0	0	0	2	0	0	95	142	3	1	3	25
258	-3184	-9136	12688	0	0	26	0	0	0	0	0	0	0	0	0	3	0	0	95	142	3	1	2	24
259	-3136	-9264	12720	0	0	26	0	0	0	0	0	0	0	0	0	4	0	0	95	142	3	1	2	28
260	-3088	-9232	12704	0	0	26	0	0	0	0	0	0	0	0	0	5	0	0	95	142	3	1	2	31
261	-2752	-9088	12720	0	0	26	0	0	0	0	0	0	0	0	0	4	0	0	95	142	4	1	3	31
262	-2864	-8960	13072	0	0	26	0	0	0	0	0	0	0	0	0	3	0	0	95	142	5	1	3	31
263	-2864	-9168	12768	0	0	26	0	0	0	0	0	0	0	0	0	1	0	0	95	142	5	1	3	31
264	-2992	-9280	12896	0	0	26	0	0	0	0	0	0	0	0	0	0	0	0	95	142	5	2	3	29
265	-2880	-9264	12784	0	0	26	0	0	0	0	0	0	0	0	0	0	0	0	95	142	4	1	3	29
266	-2784	-9120	12768	0	0	26	0	0	0	0	0	0	0	0	0	0	0	0	95	142	5	1	3	28
267	-2720	-9328	12704	0	0	26	0	0	0	0	0	0	0	0	0	0	0	0	95	142	4	1	3	28
268	-2784	-9312	12720	0	0	26	0	0	0	0	0	0	0	0	0	0	0	0	95	142	4	1	3	29
269	-3088	-9328	12704	0	0	26	0	0	0	0	0	0	0	0	0	0	0	0	95	142	3	1	2	29
270	-2800	-9104	12720	0	0	26	0	0	0	0	0	0	0	0	0	0	0	0	95	142	2	1	2	29
271	-3168	-9296	12736	0	0	26	0	0	0	0	0	0	0	0	0	0	0	0	95	142	2	1	2	28
272	-2816	-9280	12768	0	0	26	0	0	0	0	0	0	0	0	0	0	0	0	95	142	2	1	2	27
273	-2768	-9280	12752	0	0	26	0	0	0	0	0	0	0	0	0	0	0	0	95	142	2	1	2	31
274	-2736	-9296	12736	0	0	26	0	0	0	0	0	0	0	0	0	0	0	0	95	142	2	1	2	33
275	-2912	-9344	12768	0	0	26	0	0	0	0	0	0	0	0	0	1	0	0	95	142	2	1	2	31
276	-2912	-9296	12768	0	0	26	0	0	0	0	0	0	0	0	0	0	0	0	95	142	2	1	3	31
277	-2912	-9104	12768	0	0	26	0	0	0	0	0	0	0	0	0	0	0	0	95	142	2	1	3	29
278	-2928	-9120	12736	0	0	26	0	0	0	0	0	0	0	0	0	1	0	0	95	142	2	1	3	27
279	-2736	-9104	12768	0	0	26	0	0	0	0	0	0	0	0	0	2	0	0	95	142	3	1	3	25
280	-2704	-9344	12736	0	0	26	0	0	0	0	0	0	0	0	0	2	0	0	95	142	3	1	3	25
281	-2944	-9104	12752	0	0	26	0	0	0	0	0	0	0	0	0	2	0	0	95	142	4	1	3	24
282	-2944	-9136	12768	0	0	26	0	0	0	0	0	0	0	0	0	2	0	0	95	142	3	1	3	24
283	-2736	-9344	12720	0	0	26	0	0	0	0	0	0	0	0	0	1	0	0	95	142	3	1	3	21
284	-2736	-9344	12720	0	0	26	0	0	0	0	0	0	0	0	0	0	0	0	95	142	3	1	3	19
285	-2912	-9264	12720	0	0	26	0	0	0	0	0	0	0	0	0	0	0	0	95	142	3	1	3	20
286	-2912	-9328	12704	0	0	26	0	0	0	0	0	0	0	0	0	0	0	0	95	142	3	1	3	18
287	-2912	-9312	12704	0	0	26	0	0	0	0	0	0	0	0	0	0	0	0	95	142	3	1	3	19
288	-2944	-9104	12752	0	0	26	0	0	0	0	0	0	0	0	0	0	0	0	95	142	4	1	3	19
289	-2944	-9280	12768	0	0	26	0	0	0	0	0	0	0	0	0	0	0	0	95	142	4	1	3	19
290	-2704	-9312	12736	0	0	26	0	0	0	0	0	0	0	0	0	0	0	0	95	142	4	1	3	20
291	-2752	-9264	12720	0	0	26	0	0	0	0	0	0	0	0	0	0	0	0	95	142	4	1	3	20
292	-2704	-9296	12736	0	0	26	0	0	0	0	0	0	0	0	0	0	0	0	95	142	4	1	3	19
293	-2704	-9280	12720	0	0	26	0	0	0	0	0	0	0	0	0	0	0	0	95	142	4	1	3	21
294	-2720	-8960	12736	0	0	26	0	0	0	0	0	0	0	0	0	0	0	0	95	142	4	1	3	21
295	-2720	-9280	12720	0	0	26	0	0	0	0	0	0	0	0	0	0	0	0	95	142	4	1	3	22
296	-2896	-9344	12720	0	0	26	0	0	0	0	0	0	0	0	0	0	0	0	95	142	3	1	2	21
297	-2704	-9104	12720	0	0	26	0	0	0	0	0	0	0	0	0	0	0	0	95	142	2	1	2	23
298	-2704	-9312	12784	0	0	26	0	0	0	0	0	0	0	0	0	0	0	0	95	142	2	1	2	23
299	-2704	-9248	12768	0	0	26	0	0	0	0	0	0	0	0	0	0	0	0	95	142	3	1	2	22
300	-2944	-9232	12736	0	0	26	0	0	0	0	0	0	0	0	0	0	0	0	95	142	3	1	3	24
301	-2704	-8944	12720	0	0	26	0	0	0	0	0	0	0	0	0	0	0	0	95	142	3	1	3	26
302	-2928	-8944	12784	0	0	26	0	0	0	0	0	0	0	0	0	0	0	0	95	142	4	1	3	25
303	-2768	-8912	12768	0	0	26	0	0	0	0	0	0	0	0	0	0	0	0	95	142	3	1	3	23
304	-2720	-9264	12736	0	0	26	0	0	0	0	0	0	0	0	0	0	0	0	95	142	3	1	3	23
305	-2784	-9264	12752	0	0	26	0	0	0	0	0	0	0	0	0	0	0	0	95	142	4	1	3	22
306	-2736	-9232	12704	0	0	26	0	0	0	0	0	0	0	0	0	0	0	0	95	142	4	1	3	21
307	-2736	-9280	12768	0	0	26	0	0	0	0	0	0	0	0	0	0	0	0	95	142	5	1	3	19
308	-2912	-9248	12752	0	0	26	0	0	0	0	0	0	0	0	0	0	0	0	95	142	5	1	3	20
309	-2848	-9232	13072	0	0	26	0	0	0	0	0	0	0	0	0	0	0	0	95	142	5	1	3	23
310	-2928	-9296	12768	0	0	26	0	0	0	0	0	0	0	0	0	0	0	0	95	142	5	1	3	26
311	-2896	-9280	12784	0	0	26	0	0	0	0	0	0	0	0	0	0	0	0	95	142	4	1	3	24
312	-2928	-9280	12784	0	0	26	0	0	0	0	0	0	0	0	0	0	0	0	95	142	4	1	3	24
313	-2896	-9328	13072	0	0	26	0	0	0	0	0	0	0	0	0	0	0	0	95	142	5	1	3	24
314	-2912	-9264	12784	0	0	26	0	0	0	0	0	0	0	0	0	0	0	0	95	142	5	1	3	25
315	-2912	-9232	13056	0	0	26	0	0	0	0	0	0	0	0	0	0	0	0	95	142	4	1	3	26
316	-2736	-8944	12768	0	0	26	0	0	0	0	0	0	0	0	0	0	0	0	95	142	4	2	3	25
317	-3088	-8944	12672	0	0	26	0	0	0	0	0	0	0	0	0	0	0	0	95	142	4	1	3	24
318	-2720	-8912	12704	0	0	26	0	0	0	0	0	0	0	0	0	0	0	0	95	142	4	1	3	26
319	-2736	-8912	12736	0	0	26	0	0	0	0	0	0	0	0	0	0	0	0	95	142	4	1	3	26
320	-2720	-8912	12768	0	0	26	0	0	0	0	0	0	0	0	0	0	0	0	95	142	4	1	3	25
321	-2736	-8944	12736	0	0	26	0	0	0	0	0	0	0	0	0	0	0	0	95	142	3	1	3	23
322	-2944	-8944	12768	0	0	26	0	0	0	0	0	0	0	0	0	0	0	0	95	142	2	1	3	21
323	-2944	-8928	12752	0	0	26	0	0	0	0	0	0	0	0	0	0	0	0	95	142	2	1	3	19
324	-2928	-8928	12752	0	0	26	0	0	0	0	0	0	0	0	0	0	0	0	95	142	2	1	3	19
325	-2880	-9280	12736	0	0	26	0	0	0	0	0	0	0	0	0	0	0	0	95	142	2	1	3	21
326	-2896	-9248	12752	0	0	26	0	0	0	0	0	0	0	0	0	0	0	0	95	142	3	1	3	21
327	-2832	-9328	13088	0	0	26	0	0	0	0	0	0	0	0	0	0	0	0	95	142	2	1	3	20
328	-2848	-9264	13056	0	0	26	0	0	0	0	0	0	0	0	0	0	0	0	95	142	2	1	3	19
329	-2864	-8960	12752	0	0	26	0	0	0	0	0	0	0	0	0	0	0	0	95	142	2	1	3	21
330	-2912	-9248	12784	0	0	26	0	0	0	0	0	0	0	0	0	0	0	0	95	142	3	1	3	23
331	-2944	-9232	13072	0	0	26	0	0	0	0	0	0	0	0	0	0	0	0	95	142	3	1	3	25
332	-2720	-9232	12768	0	0	26	0	0	0	0	0	0	0	0	0	0	0	0	95	142	3	1	3	26
333	-2944	-8960	12720	0	0	26	0	0	0	0	0	0	0	0	0	0	0	0	95	142	3	1	3	25
334	-2912	-9280	12736	0	0	26	0	0	0	0	0	0	0	0	0	0	0	0	95	142	3	1	2	23
335	-2896	-9248	12768	0	0	26	0	0	0	0	0	0	0	0	0	0	0	0	95	142	3	1	2	24
336	-2896	-9264	13056	0	0	26	0	0	0	0	0	0	0	0	0	0	0	0	95	142	3	1	3	23
337	-2704	-9280	12720	0	0	26	0	0	0	0	0	0	0	0	0	0	0	0	95	142	3	1	3	22
338	-2944	-9280	12752	0	0	26	0	0	0	0	0	0	0	0	0	0	0	0	95	142	4	1	3	20
339	-2928	-9344	12720	0	0	26	0	0	0	0	0	0	0	0	0	0	0	0	95	142	3	1	3	20
340	-2928	-9296	12736	0	0	26	0	0	0	0	0	0	0	0	0	0	0	0	95	142	3	1	3	22
341	-2944	-9248	12752	0	0	26	0	0	0	0	0	0	0	0	0	0	0	0	95	142	3	1	2	22
342	-2704	-9248	12752	0	0	26	0	0	0	0	0	0	0	0	0	0	0	0	95	142	3	1	3	23
343	-2704	-9264	12768	0	0	26	0	0	0	0	0	0	0	0	0	0	0	0	95	142	2	1	3	25
344	-2704	-9248	12768	0	0	26	0	0	0	0	0	0	0	0	0	0	0	0	95	142	2	1	2	27
345	-2752	-9312	12720	0	0	26	0	0	0	0	0	0	0	0	0	0	0	0	95	142	3	1	3	28
346	-2944	-9264	12720	0	0	26	0	0	0	0	0	0	0	0	0	0	0	0	95	142	2	1	3	27
347	-2928	-9296	12704	0	0	26	0	0	0	0	0	0	0	0	0	0	0	0	95	142	2	2	3	27
348	-2880	-9296	12688	0	0	26	0	0	0	0	0	0	0	0	0	0	0	0	95	142	2	1	3	26
349	-2864	-9264	12752	0	0	26	0	0	0	0	0	0	0	0	0	0	0	0	95	142	2	1	3	26
350	-2896	-9296	12752	0	0	26	0	0	0	0	0	0	0	0	0	0	0	0	95	142	2	1	3	26
351	-2864	-9264	12768	0	0	26	0	0	0	0	0	0	0	0	0	0	0	0	95	142	2	1	3	26
352	-2928	-9312	12784	0	0	26	0	0	0	0	0	0	0	0	0	0	0	0	95	142	2	1	3	26
353	-2928	-8928	13056	0	0	26	0	0	0	0	0	0	0	0	0	0	0	0	95	142	1	1	2	24
354	-2944	-8960	13056	0	0	26	0	0	0	0	0	0	0	0	0	0	0	0	95	142	2	1	2	25
355	-2736	-8896	12784	0	0	26	0	0	0	0	0	0	0	0	0	0	0	0	95	142	2	1	2	25
356	-2736	-8960	12736	0	0	26	0	0	0	0	0	0	0	0	0	0	0	0	95	142	2	1	3	24
357	-2928	-9088	12768	0	0	26	0	0	0	0	0	0	0	0	0	0	0	0	95	142	2	1	3	22
358	-2752	-8928	12768	0	0	26	0	0	0	0	0	0	0	0	0	0	0	0	95	142	2	1	3	20
359	-2736	-8960	13056	0	0	26	0	0	0	0	0	0	0	0	0	0	0	0	95	142	2	1	3	18
360	-2704	-9280	13056	0	0	26	0	0	0	0	0	0	0	0	0	0	0	0	95	142	2	1	3	17
361	-2752	-9328	12752	0	0	26	0	0	0	0	0	0	0	0	0	0	0	0	95	142	2	1	4	17
362	-2944	-9296	12784	0	0	26	0	0	0	0	0	0	0	0	0	0	0	0	95	142	2	1	3	19
363	-2912	-9264	13056	0	0	26	0	0	0	0	0	0	0	0	0	0	0	0	95	142	2	1	3	22
364	-2704	-9248	12768	0	0	26	0	0	0	0	0	0	0	0	0	0	0	0	95	142	2	1	3	22
365	-2944	-9248	12784	0	0	26	0	0	0	0	0	0	0	0	0	0	0	0	95	142	3	1	4	27
366	-2752	-8960	12784	0	0	26	0	0	0	0	0	0	0	0	0	0	0	0	95	142	3	1	4	29
367	-2784	-9232	12768	0	0	26	0	0	0	0	0	0	0	0	0	0	0	0	95	142	3	1	4	36
368	-2752	-9344	12768	0	0	26	0	0	0	0	0	0	0	0	0	0	0	0	95	142	4	1	4	49
369	-2720	-9296	12784	0	0	26	0	0	0	0	0	0	0	0	0	0	0	0	95	142	4	2	6	59
370	-3200	-9280	12784	0	0	26	0	0	0	0	0	0	0	0	0	0	0	0	95	142	6	2	7	59
371	-3120	-8848	12736	0	0	26	0	0	0	0	0	0	0	0	0	0	0	0	95	142	6	2	7	1002
372	-2160	-9312	12944	0	0	26	0	0	0	0	0	0	0	0	0	0	0	0	95	142	1241	326	685	1044
373	-1600	-9488	12960	0	0	26	0	0	0	0	0	0	8192	0	0	0	0	0	95	142	1256	349	704	801
374	-1872	-9120	12928	0	0	26	0	0	0	0	0	0	8192	0	0	0	0	0	95	142	1256	349	704	1034
375	-1728	-9536	13088	0	0	26	0	0	0	0	0	0	8192	0	0	0	0	0	95	142	2530	564	1229	2567
376	-1952	-9552	12752	0	0	26	0	0	0	0	0	0	8192	0	0	0	0	0	95	142	18791	8622	2836	3268
377	-2336	-9504	12752	0	0	26	0	0	0	0	0	0	8192	0	0	0	0	0	95	142	25010	10336	4430	2830
378	-2320	-9120	13104	0	0	26	0	0	0	0	0	0	0	0	0	0	0	0	95	142	25027	10439	4454	2069
379	-2432	-9280	13104	0	0	26	0	0	0	0	0	0	0	0	0	0	0	0	95	142	25028	10488	4465	1380
380	-2384	-9248	13072	0	0	26	0	0	0	0	0	0	0	0	0	0	0	0	95	142	23793	10165	3788	876
381	-2000	-9136	12784	0	0	26	0	0	0	0	0	0	8192	0	0	0	0	0	95	142	23779	10143	3768	554
382	-2352	-8944	13104	0	0	26	0	0	0	0	0	0	8192	0	0	0	0	0	95	142	23779	10145	3769	390
383	-2192	-8864	12928	0	0	26	0	0	0	0	0	0	0	0	0	0	0	0	95	142	22510	9963	3320	275
384	-2384	-8880	13104	0	0	26	0	0	0	0	0	0	0	0	0	0	0	1	95	142	6249	1906	1721	183
385	-2400	-9216	13088	0	0	26	0	0	0	0	0	0	0	8	0	0	0	3	95	142	29	191	126	121
386	-2256	-9104	13072	0	0	26	0	0	0	0	0	0	0	0	0	0	0	11	95	142	10	88	100	81
387	-2208	-8944	13104	0	0	26	0	0	0	0	0	0	0	0	0	0	0	15	95	142	9	39	89	57
388	-2400	-8912	13136	0	0	26	0	0	0	0	0	0	0	0	0	0	0	35	95	142	8	38	89	40
389	-2416	-9232	13136	0	0	26	0	0	0	0	0	0	0	0	0	0	0	57	95	142	7	37	89	31
390	-2352	-9280	13168	0	0	26	0	0	0	0	0	4	0	8	0	0	0	82	95	142	6	35	87	27
391	-2016	-9104	13104	0	0	26	0	0	0	0	0	0	0	0	0	0	0	83	95	142	2	3	12	25
392	-2320	-9184	12784	0	0	26	0	0	0	0	0	0	0	0	0	0	0	88	95	142	2	1	4	23
393	-2000	-9136	13056	0	0	26	0	0	0	0	0	0	0	0	0	0	1	8	95	142	1	1	2	24
394	-2320	-9200	12768	0	0	26	0	0	0	0	0	0	0	0	0	0	26	0	95	142	2	1	3	23
395	-2400	-9120	12752	0	0	26	0	0	0	0	0	0	0	0	0	0	45	0	95	142	2	1	3	23
396	-2400	-9248	13088	0	0	26	0	0	0	0	0	0	0	0	0	0	47	0	95	142	2	1	3	26
397	-2320	-8896	13136	0	0	26	0	0	0	0	0	0	0	0	0	0	46	0	95	142	2	1	3	27
398	-2000	-8928	13168	0	0	26	0	0	0	0	0	0	0	0	0	0	48	0	95	142	2	1	3	28
399	-2016	-9296	13136	0	0	26	0	0	0	0	0	0	1	0	0	1	69	0	95	142	3	1	3	30
400	-1968	-8928	13136	0	0	26	0	0	0	0	0	0	0	0	0	2	73	0	95	142	3	1	3	31
401	-2320	-9152	12768	0	0	26	0	0	0	0	0	0	0	0	0	2	75	0	95	142	4	1	3	29
402	-2320	-9168	12720	0	0	26	0	0	0	0	0	0	0	0	0	0	76	0	95	142	5	1	3	26
403	-2048	-9504	12752	0	0	26	0	0	0	0	0	0	0	0	0	0	38	0	95	142	5	1	3	25
404	-2032	-9360	12736	0	0	26	0	0	0	0	0	0	0	0	0	0	6	0	95	142	5	1	3	28
405	-2352	-9472	12704	0	0	26	0	0	0	0	0	0	0	0	0	0	4	0	95	142	7	2	3	26
406	-2352	-9520	12736	0	0	26	0	0	0	0	0	0	0	0	0	0	3	0	95	142	6	2	4	26
407	-2032	-9536	12752	0	0	26	0	0	0	0	0	0	0	0	0	0	2	0	95	142	6	2	4	26
408	-2032	-9120	13072	0	0	26	0	0	0	0	0	0	0	0	0	0	1	0	95	142	6	2	4	24
409	-2368	-9296	13056	0	0	26	0	0	0	0	0	0	0	0	0	0	0	0	95	142	5	2	4	22
410	-2032	-9120	13104	0	0	26	0	0	0	0	0	0	0	0	0	0	0	0	95	142	4	1	4	22
411	-2368	-9136	13088	0	0	26	0	0	0	0	0	0	0	0	0	0	0	0	95	142	4	1	4	22
412	-2208	-9328	13120	0	0	26	0	0	0	0	0	0	0	0	0	0	0	0	95	142	4	1	4	20
413	-2432	-9280	13104	0	0	26	0	0	0	0	0	0	0	0	0	0	0	0	95	142	3	1	3	21
414	-2192	-9248	13088	0	0	26	0	0	0	0	0	0	0	0	0	0	0	0	95	142	3	1	6	21
415	-2240	-8960	13104	0	0	26	0	0	0	0	0	0	0	0	0	0	0	0	95	142	3	1	7	24
416	-2224	-9248	13120	0	0	26	0	0	0	0	0	0	0	0	0	0	0	0	95	142	3	2	8	28
417	-2224	-9344	13072	0	0	26	0	0	0	0	0	0	0	0	0	0	0	0	95	142	3	1	8	28
418	-2416	-9296	12784	0	0	26	0	0	0	0	0	0	0	0	0	0	0	0	95	142	3	2	8	25
419	-2432	-8944	13120	0	0	26	0	0	0	0	0	0	0	0	0	0	0	0	95	142	3	2	8	22
420	-2224	-9344	13088	0	0	26	0	0	0	0	0	0	0	0	0	0	0	0	95	142	3	1	8	20
421	-2256	-9104	13072	0	0	26	0	0	0	0	0	0	0	0	0	0	0	0	95	142	3	1	8	21
422	-2240	-9312	13088	0	0	26	0	0	0	0	0	0	0	0	0	0	0	0	95	142	3	1	4	22
423	-2416	-9344	13104	0	0	26	0	0	0	0	0	0	0	0	0	0	0	0	95	142	3	1	3	23
424	-2432	-9232	13088	0	0	26	0	0	0	0	0	0	0	0	0	0	0	0	95	142	2	1	3	24
425	-2416	-9312	13056	0	0	26	0	0	0	0	0	0	0	0	0	0	0	0	95	142	2	1	2	22
426	-2240	-9296	13056	0	0	26	0	0	0	0	0	0	0	0	0	0	0	0	95	142	3	1	3	20
427	-2416	-9264	13056	0	0	26	0	0	0	0	0	0	0	0	0	0	0	0	95	142	2	1	3	20
428	-2400	-9328	13056	0	0	26	0	0	0	0	0	0	0	0	0	0	0	0	95	142	2	1	3	21
429	-2400	-9296	13104	0	0	26	0	0	0	0	0	0	0	0	0	0	0	0	95	142	3	1	3	23
430	-2384	-9264	13072	0	0	26	0	0	0	0	0	0	0	0	0	0	0	0	95	142	2	1	3	22
431	-2400	-9280	13056	0	0	26	0	0	0	0	0	0	0	0	0	0	0	0	95	142	3	1	3	21
432	-2416	-9296	12784	0	0	26	0	0	0	0	0	0	0	0	0	0	0	0	95	142	3	1	3	21
433	-2384	-9312	13072	0	0	26	0	0	0	0	0	0	0	0	0	0	0	0	95	142	4	1	3	22
434	-2432	-9328	13056	0	0	26	0	0	0	0	0	0	0	0	0	0	0	0	95	142	4	1	3	22
435	-2192	-9136	12752	0	0	26	0	0	0	0	0	0	0	0	0	0	0	0	95	142	5	1	3	22
436	-2224	-9296	13104	0	0	26	0	0	0	0	0	0	0	0	0	0	0	0	95	142	4	1	3	22
437	-2192	-8944	13088	0	0	26	0	0	0	0	0	0	0	0	0	0	0	0	95	142	5	1	3	25
438	-2208	-9280	13088	0	0	26	0	0	0	0	0	0	0	0	0	0	0	0	95	142	6	1	4	29
439	-2432	-9248	13088	0	0	26	0	0	0	0	0	0	0	0	0	0	0	0	95	142	6	2	3	28
440	-2432	-9296	13056	0	0	26	0	0	0	0	0	0	0	0	0	0	0	0	95	142	7	2	3	25
441	-2384	-9328	12784	0	0	26	0	0	0	0	0	0	0	0	0	0	0	0	95	142	6	2	3	24
442	-2352	-9296	13104	0	0	26	0	0	0	0	0	0	0	0	0	0	0	0	95	142	6	2	3	23
443	-2400	-9296	13088	0	0	26	0	0	0	0	0	0	0	0	0	0	0	0	95	142	5	2	3	24
444	-2416	-9264	13088	0	0	26	0	0	0	0	0	0	0	0	0	0	0	0	95	142	6	2	3	22
445	-2208	-9296	13136	0	0	26	0	0	0	0	0	0	0	0	0	0	0	0	95	142	5	1	3	23
446	-2432	-9312	13152	0	0	26	0	0	0	0	0	0	0	0	0	0	0	0	95	142	5	1	3	23
447	-2416	-9232	13104	0	0	26	0	0	0	0	0	0	0	0	0	0	0	0	95	142	3	1	2	24
448	-2400	-9248	13120	0	0	26	0	0	0	0	0	0	0	0	0	0	0	0	95	142	3	1	3	26
449	-2352	-8944	13120	0	0	26	0	0	0	0	0	0	0	0	0	0	0	0	95	142	3	1	3	27
450	-2368	-9232	13120	0	0	26	0	0	0	0	0	0	0	0	0	0	0	0	95	142	3	1	3	25
451	-2400	-9232	13072	0	0	26	0	0	0	0	0	0	0	0	0	0	0	0	95	142	3	1	3	25
452	-2368	-9296	13104	0	0	26	0	0	0	0	0	0	0	0	0	0	0	0	95	142	3	1	3	23
453	-2352	-9280	13088	0	0	26	0	0	0	0	0	0	0	0	0	0	0	0	95	142	3	1	3	22
454	-2352	-9328	13072	0	0	26	0	0	0	0	0	0	0	0	0	0	0	0	95	142	3	1	2	23
455	-2368	-9296	13072	0	0	26	0	0	0	0	0	0	0	0	0	0	0	0	95	142	3	1	2	24
456	-2352	-9312	13072	0	0	26	0	0	0	0	0	0	0	0	0	0	0	0	95	142	4	1	2	23
457	-2336	-9280	13120	0	0	26	0	0	0	0	0	0	0	0	0	0	0	0	95	142	4	2	3	22
458	-2400	-9264	13136	0	0	26	0	0	0	0	0	0	0	0	0	0	0	0	95	142	4	1	3	21
459	-2384	-9328	13120	0	0	26	0	0	0	0	0	0	0	0	0	0	0	0	95	142	4	1	4	20
460	-2336	-9344	13120	0	0	26	0	0	0	0	0	0	0	0	0	0	0	0	95	142	3	1	4	21
461	-2320	-9280	13136	0	0	26	0	0	0	0	0	0	0	0	0	0	0	0	95	142	3	1	4	20
462	-2416	-9312	13120	0	0	26	0	0	0	0	0	0	0	0	0	0	0	0	95	142	3	1	5	20
463	-2384	-9344	13088	0	0	26	0	0	0	0	0	0	0	0	0	0	0	0	95	142	3	1	5	20
464	-2336	-9328	13136	0	0	26	0	0	0	0	0	0	0	0	0	1	0	0	95	142	3	1	5	24
465	-2384	-9232	13152	0	0	26	0	0	0	0	0	0	0	0	0	0	0	0	95	142	3	1	5	24
466	-2352	-9264	13120	0	0	26	0	0	0	0	0	0	0	0	0	0	0	0	95	142	4	1	4	24
467	-2416	-9232	12784	0	0	26	0	0	0	0	0	0	0	0	0	0	0	0	95	142	3	1	4	22
468	-2384	-9248	13056	0	0	26	0	0	0	0	0	0	0	0	0	0	0	0	95	142	3	1	4	22
469	-2336	-9296	13072	0	0	26	0	0	0	0	0	0	0	0	0	0	0	0	95	142	4	1	4	23
470	-2368	-9264	13104	0	0	26	0	0	0	0	0	0	0	0	0	0	0	0	95	142	3	1	3	24
471	-2384	-9264	13072	0	0	26	0	0	0	0	0	0	0	0	0	0	0	0	95	142	3	1	3	22
472	-2416	-9264	13088	0	0	26	0	0	0	0	0	0	0	0	0	0	0	0	95	142	3	1	3	20
473	-2432	-9312	13104	0	0	26	0	0	0	0	0	0	0	0	0	0	0	0	95	142	4	1	3	23
474	-2384	-9248	13072	0	0	26	0	0	0	0	0	0	0	0	0	0	0	0	95	142	4	1	3	23
475	-2352	-9232	13120	0	0	26	0	0	0	0	0	0	0	0	0	0	0	0	95	142	4	1	3	22
476	-2416	-9280	13088	0	0	26	0	0	0	0	0	0	0	0	0	0	0	0	95	142	4	1	3	22
477	-2352	-9280	13120	0	0	26	0	0	0	0	0	0	0	0	0	0	0	0	95	142	4	1	3	22
478	-2368	-9296	13104	0	0	26	0	0	0	0	0	0	0	0	0	0	0	0	95	142	4	1	3	22
479	-2400	-9280	13088	0	0	26	0	0	0	0	0	0	0	0	0	0	0	0	95	142	3	1	3	20
480	-2416	-9232	13136	0	0	26	0	0	0	0	0	0	0	0	0	0	0	0	95	142	3	1	4	20
481	-2368	-9232	13104	0	0	26	0	0	0	0	0	0	0	0	0	0	0	0	95	142	3	1	3	18
482	-2432	-9296	13072	0	0	26	0	0	0	0	0	0	0	0	0	0	0	0	95	142	2	1	3	19
483	-2400	-9312	13056	0	0	26	0	0	0	0	0	0	0	0	0	0	0	0	95	142	2	1	3	19
484	-2432	-9328	13120	0	0	26	0	0	0	0	0	0	0	0	0	0	0	0	95	142	2	1	3	20
485	-2368	-8960	13120	0	0	26	0	0	0	0	0	0	0	0	0	0	0	0	95	142	2	1	3	20
486	-2336	-9232	13056	0	0	26	0	0	0	0	0	0	0	0	0	0	0	0	95	142	2	1	3	20
487	-2336	-9248	13056	0	0	26	0	0	0	0	0	0	0	0	0	0	0	0	95	142	2	1	3	19
488	-2048	-9296	12784	0	0	26	0	0	0	0	0	0	0	0	0	0	0	0	95	142	2	1	3	18
489	-2032	-9312	13072	0	0	26	0	0	0	0	0	0	0	0	0	0	0	0	95	142	2	1	2	20
490	-2032	-9264	13152	0	0	26	0	0	0	0	0	0	0	0	0	0	0	0	95	142	2	1	3	21
491	-2352	-9264	13136	0	0	26	0	0	0	0	0	0	0	0	0	0	0	0	95	142	2	1	2	21
492	-2336	-9264	13152	0	0	26	0	0	0	0	0	0	0	0	0	0	0	0	95	142	2	1	3	20
493	-2336	-8944	13104	0	0	26	0	0	0	0	0	0	0	0	0	0	0	0	95	142	2	1	3	19
494	-2368	-9264	13088	0	0	26	0	0	0	0	0	0	0	0	0	0	0	0	95	142	2	1	3	20
495	-2400	-9280	13104	0	0	26	0	0	0	0	0	0	0	0	0	0	0	0	95	142	3	1	3	19
496	-2400	-9280	13152	0	0	26	0	0	0	0	0	0	0	0	0	0	0	0	95	142	3	1	3	18
497	-2384	-9264	13136	0	0	26	0	0	0	0	0	0	0	0	0	0	0	0	95	142	2	1	3	20
498	-2336	-9264	13152	0	0	26	0	0	0	0	0	0	0	0	0	0	0	0	95	142	3	1	3	20
499	-2320	-9264	13072	0	0	26	0	0	0	0	0	0	0	0	0	0	0	0	95	142	3	1	3	23
500	-2320	-9264	13088	0	0	26	0	0	0	0	0	0	0	0	0	0	0	0	95	142	3	1	3	22
501	-2352	-9264	13088	0	0	26	0	0	0	0	0	0	0	0	0	0	0	0	95	142	3	2	3	22
502	-2032	-9232	12944	0	0	26	0	0	0	0	0	0	0	0	0	0	0	0	95	142	3	1	3	22
503	-2032	-8928	13136	0	0	26	0	0	0	0	0	0	0	0	0	0	0	0	95	142	2	1	3	21
504	-2016	-9264	13104	0	0	26	0	0	0	0	0	0	0	0	0	0	0	0	95	142	2	1	3	21
505	-2320	-9232	13136	0	0	26	0	0	0	0	0	0	0	0	0	0	0	0	95	142	3	1	2	23
506	-2368	-9264	13120	0	0	26	0	0	0	0	0	0	0	0	0	0	0	0	95	142	2	1	2	24
507	-2352	-8928	13152	0	0	26	0	0	0	0	0	0	0	0	0	0	0	0	95	142	2	1	2	24
508	-2336	-8960	13168	0	0	26	0	0	0	0	0	0	0	0	0	0	0	0	95	142	2	1	3	22
509	-2336	-8960	13136	0	0	26	0	0	0	0	0	0	0	0	0	0	0	0	95	142	2	1	3	23
510	-2368	-9280	13168	0	0	26	0	0	0	0	0	0	0	0	0	0	0	0	95	142	2	1	2	23
511	-2368	-9264	13152	0	0	26	0	0	0	0	0	0	0	0	0	0	0	0	95	142	3	1	3	23
512	-2416	-9296	12928	0	0	26	0	0	0	0	0	0	0	0	0	0	0	0	95	142	4	1	3	23
513	-2368	-9232	12928	0	0	26	0	0	0	0	0	0	0	0	0	0	0	0	95	142	4	1	3	23
514	-2336	-9280	13136	0	0	26	0	0	0	0	0	0	0	0	0	0	0	0	95	142	4	1	3	23
515	-2320	-9344	13136	0	0	26	0	0	0	0	0	0	0	0	0	0	0	0	95	142	5	1	3	24
516	-2384	-9168	13120	0	0	26	0	0	0	0	0	0	0	0	0	0	0	0	95	142	5	1	3	24
517	-2352	-9104	13136	0	0	26	0	0	0	0	0	0	0	0	0	0	0	0	95	142	5	2	4	24
518	-2320	-9264	13168	0	0	26	0	0	0	0	0	0	0	0	0	0	0	0	95	142	6	2	4	23
519	-2368	-9280	13168	0	0	26	0	0	0	0	0	0	0	0	0	0	0	0	95	142	5	2	4	21
520	-2336	-9264	13168	0	0	26	0	0	0	0	0	0	0	0	0	0	0	0	95	142	5	2	3	19
521	-2016	-9232	13168	0	0	26	0	0	0	0	0	0	0	0	0	0	0	0	95	142	4	2	3	20
522	-2320	-9264	13152	0	0	26	0	0	0	0	0	0	0	0	0	0	0	0	95	142	3	2	3	19
523	-2336	-9232	13120	0	0	26	0	0	0	0	0	0	0	0	0	0	0	0	95	142	3	1	3	20
524	-2016	-9248	13168	0	0	26	0	0	0	0	0	0	0	0	0	0	0	0	95	142	3	1	3	22
525	-2336	-8928	13168	0	0	26	0	0	0	0	0	0	0	0	0	0	0	0	95	142	2	1	3	21
526	-2368	-8928	12928	0	0	26	0	0	0	0	0	0	0	0	0	0	0	0	95	142	2	1	2	20
527	-2320	-8944	12944	0	0	26	0	0	0	0	0	0	0	0	0	0	0	0	95	142	2	1	2	22
528	-2336	-9264	12928	0	0	26	0	0	0	0	0	0	0	0	0	0	0	0	95	142	3	1	3	24
529	-2352	-9232	13152	0	0	26	0	0	0	0	0	0	0	0	0	0	0	0	95	142	3	1	3	25
530	-2048	-9248	13152	0	0	26	0	0	0	0	0	0	0	0	0	0	0	0	95	142	3	1	3	25
531	-2368	-9328	13136	0	0	26	0	0	0	0	0	0	0	0	0	0	0	0	95	142	3	1	3	22
532	-2400	-9264	13088	0	0	26	0	0	0	0	0	0	0	0	0	0	0	0	95	142	3	1	3	23
533	-2416	-9248	13104	0	0	26	0	0	0	0	0	0	0	0	0	0	0	0	95	142	3	1	3	25
534	-2400	-9328	13152	0	0	26	0	0	0	0	0	0	0	0	0	0	0	0	95	142	2	1	3	24
535	-2400	-9296	13152	0	0	26	0	0	0	0	0	0	0	0	0	0	0	0	95	142	2	1	3	24
536	-2336	-9296	13120	0	0	26	0	0	0	0	0	0	0	0	0	0	0	0	95	142	2	1	3	23
537	-2336	-9248	13088	0	0	26	0	0	0	0	0	0	0	0	0	0	0	0	95	142	3	1	3	23
538	-2352	-8960	13136	0	0	26	0	0	0	0	0	0	0	0	0	0	0	0	95	142	2	1	3	22
539	-2368	-9232	13120	0	0	26	0	0	0	0	0	0	0	0	0	0	0	0	95	142	3	1	3	20
540	-2368	-8960	13104	0	0	26	0	0	0	0	0	0	0	0	0	0	0	0	95	142	3	1	3	20
541	-2416	-9264	13136	0	0	26	0	0	0	0	0	0	0	0	0	0	0	0	95	142	3	1	3	20
542	-2400	-9248	13152	0	0	26	0	0	0	0	0	0	0	0	0	0	0	0	95	142	4	1	3	20
543	-2032	-8912	13152	0	0	26	0	0	0	0	0	0	0	0	0	0	0	0	95	142	4	1	3	21
544	-2048	-9232	13136	0	0	26	0	0	0	0	0	0	0	0	0	0	0	0	95	142	4	1	3	22
545	-2368	-9280	13136	0	0	26	0	0	0	0	0	0	0	0	0	0	0	0	95	142	4	1	3	21
546	-2352	-9296	13152	0	0	26	0	0	0	0	0	0	0	0	0	0	0	0	95	142	4	1	3	20
547	-2352	-9232	13136	0	0	26	0	0	0	0	0	0	0	0	0	0	0	0	95	142	5	1	3	20
548	-2352	-9232	13152	0	0	26	0	0	0	0	0	0	0	0	0	0	0	0	95	142	5	1	3	20
549	-2352	-9248	13168	0	0	26	0	0	0	0	0	0	0	0	0	0	0	0	95	142	5	1	3	21
550	-2352	-9248	13152	0	0	26	0	0	0	0	0	0	0	0	0	0	0	0	95	142	4	1	3	21
551	-2384	-9248	13104	0	0	26	0	0	0	0	0	0	0	0	0	0	0	0	95	142	4	1	3	22
552	-2368	-9264	13104	0	0	26	0	0	0	0	0	0	0	0	0	0	0	0	95	142	4	1	3	25
553	-2384	-9248	13136	0	0	26	0	0	0	0	0	0	0	0	0	0	0	0	95	142	4	1	3	28
554	-2336	-9248	13168	0	0	26	0	0	0	0	0	0	0	0	0	0	0	0	95	142	4	1	3	26
555	-2016	-9248	12944	0	0	26	0	0	0	0	0	0	0	0	0	0	0	0	95	142	3	1	3	24
556	-2048	-9248	12960	0	0	26	0	0	0	0	0	0	0	0	0	0	0	0	95	142	3	1	3	23
557	-2400	-9248	12944	0	0	26	0	0	0	0	0	0	0	0	0	0	0	0	95	142	2	1	3	21
558	-2368	-8928	13168	0	0	26	0	0	0	0	0	0	0	0	0	0	0	0	95	142	2	1	3	20
559	-2352	-8944	12944	0	0	26	0	0	0	0	0	0	0	0	0	0	0	0	95	142	3	1	3	21
560	-2384	-8944	12928	0	0	26	0	0	0	0	0	0	0	0	0	0	0	0	95	142	2	1	3	25
561	-2400	-8960	13120	0	0	26	0	0	0	0	0	0	0	0	0	0	0	0	95	142	2	1	3	23
562	-2368	-8928	13136	0	0	26	0	0	0	0	0	0	0	0	0	0	0	0	95	142	2	1	3	26
563	-2352	-8928	13152	0	0	26	0	0	0	0	0	0	0	0	0	0	0	0	95	142	2	1	2	24
564	-2352	-8928	13168	0	0	21	0	0	0	0	0	0	0	0	0	0	0	0	95	142	2	1	2	22
565	-2352	-9264	13152	21	0	21	0	0	0	0	0	0	0	0	0	0	0	0	95	142	2	1	2	25
566	-2336	-9232	13168	21	0	21	0	0	0	0	0	0	0	0	0	0	0	0	95	142	3	1	2	28
567	-2336	-9264	13088	21	0	21	0	0	0	0	0	0	0	0	0	0	0	0	95	142	3	1	3	28
568	-2400	-9280	13120	21	0	21	0	0	0	0	0	0	0	0	0	0	0	0	95	142	3	1	3	25
569	-2368	-8960	13152	21	0	21	0	0	0	0	0	0	0	0	0	0	0	0	95	142	3	1	3	22
570	-2352	-9248	13152	21	0	21	0	0	0	0	0	0	0	0	0	0	0	0	95	142	3	1	3	21
571	-2352	-9280	12928	21	0	21	0	0	0	0	0	0	0	0	0	0	0	0	95	142	2	1	3	19
572	-2352	-9280	12944	21	0	21	0	0	0	0	0	0	0	0	0	0	0	0	95	142	3	1	3	18
573	-2368	-9296	13136	21	0	21	0	0	0	0	0	0	0	0	0	0	0	0	95	142	3	1	3	17
574	-2368	-9328	13152	21	0	21	0	0	0	0	0	0	0	0	0	0	0	0	95	142	3	1	3	17
575	-2352	-9312	13168	21	0	21	0	0	0	0	0	0	0	0	0	0	0	0	95	142	3	1	3	20
576	-2352	-8960	13152	21	0	21	0	0	0	0	0	0	0	0	0	0	0	0	95	142	3	1	3	21
577	-2352	-8928	13088	21	0	21	0	0	0	0	0	0	0	0	0	0	0	0	95	142	3	1	3	20
578	-2368	-9328	13088	21	0	21	0	0	0	0	0	0	0	0	0	0	0	0	95	142	4	1	3	19
579	-2048	-8960	13152	21	0	21	0	0	0	0	0	0	0	0	0	0	0	0	95	142	4	1	3	19
580	-2048	-9264	13152	21	0	21	0	0	0	0	0	0	0	0	0	0	0	0	95	142	4	1	3	21
581	-1968	-9280	13136	21	0	21	0	0	0	0	0	0	0	0	0	0	0	0	95	142	4	1	3	23
582	-2048	-9264	12928	21	0	21	0	0	0	0	0	0	0	0	0	0	0	0	95	142	4	1	3	21
583	-2368	-9280	13168	21	0	21	0	0	0	0	0	0	0	0	0	0	0	0	95	142	3	1	3	20
584	-2352	-8944	12928	21	0	26	0	0	0	0	0	0	0	0	0	0	0	0	95	142	3	1	3	20
585	-2368	-9232	12928	0	0	26	0	0	0	0	0	0	0	0	0	0	0	0	95	142	3	1	3	20
586	-2336	-8928	13152	0	0	26	0	0	0	0	0	0	0	0	0	0	0	0	95	142	3	1	3	22
587	-2336	-9248	13120	0	0	26	0	0	0	0	0	0	0	0	0	0	0	0	95	142	3	1	3	23
588	-2320	-9328	13152	0	0	26	0	0	0	0	0	0	0	0	0	0	0	0	95	142	3	1	3	22
589	-2320	-9312	13136	0	0	26	0	0	0	0	0	0	0	0	0	0	0	0	95	142	4	1	3	21
590	-2000	-9296	13104	0	0	26	0	0	0	0	0	0	0	0	0	0	0	0	95	142	4	1	3	21
591	-2032	-8960	13088	0	0	26	0	0	0	0	0	0	0	0	0	0	0	0	95	142	4	1	3	21
592	-2000	-9280	13136	0	0	26	0	0	0	0	0	0	0	0	0	0	0	0	95	142	4	1	3	22
593	-1984	-9232	13168	0	0	26	0	0	0	0	0	0	0	0	0	0	0	0	95	142	3	1	3	20
594	-2016	-9248	13120	0	0	26	0	0	0	0	0	0	0	0	0	0	0	0	95	142	3	1	3	20
595	-1968	-9328	13168	0	0	26	0	0	0	0	0	0	0	0	0	0	0	0	95	142	2	1	3	20
596	-2400	-9248	12928	0	0	26	0	0	0	0	0	0	0	0	0	0	0	0	95	142	2	1	3	20
597	-2528	-9184	13120	0	0	26	0	0	0	0	0	0	0	0	0	0	0	0	95	142	2	1	2	19
598	-2320	-9072	12944	0	0	26	0	0	0	0	0	0	0	0	0	0	0	0	95	142	2	1	2	22
599	-2368	-8928	13152	0	0	26	0	0	0	0	0	0	0	0	0	0	0	0	95	142	3	1	3	27
600	-2368	-9120	12944	0	0	26	0	0	0	0	0	0	0	0	0	0	0	0	95	142	3	2	3	27
601	-1968	-9248	12992	0	0	26	0	0	0	0	0	0	0	0	0	0	0	0	95	142	4	2	6	28
602	-2080	-8944	12960	0	0	26	0	0	0	0	0	0	0	0	0	0	0	0	95	142	4	2	7	25
603	-1968	-8944	13168	0	0	26	0	0	0	0	0	0	0	0	0	0	0	0	95	142	4	2	7	21
604	-2016	-9344	13072	0	0	26	0	0	0	0	0	0	0	0	0	0	0	0	95	142	4	3	7	23
605	-1728	-9216	13088	0	0	26	0	0	0	0	0	0	0	0	0	0	0	0	95	142	4	3	7	33
606	-2320	-9136	12768	0	0	26	0	0	0	0	0	0	0	0	0	0	0	0	95	142	3	4	9	34
607	-1984	-9280	13088	0	0	26	0	0	0	0	0	0	0	0	0	0	0	0	95	142	3	4	10	29
608	-1776	-9184	12768	0	0	26	0	0	0	0	0	0	0	0	0	0	0	0	95	142	3	4	10	25
609	-2176	-9408	12736	0	0	26	0	0	0	0	0	0	0	0	0	0	0	0	95	142	2	3	7	25
610	-1744	-9504	13088	0	0	26	0	0	0	0	0	0	0	0	0	0	0	0	95	142	3	3	7	26
611	-2112	-9552	12784	0	0	26	0	0	0	0	0	0	0	0	0	0	0	0	95	142	3	3	6	25
612	-1952	-9504	13056	0	0	26	0	0	0	0	0	0	0	0	0	0	0	0	95	142	2	2	6	23
613	-2144	-9504	12784	0	0	26	0	0	0	0	0	0	0	0	0	0	0	0	95	142	3	2	6	21
614	-2096	-9520	12752	0	0	26	0	0	0	0	0	0	0	0	0	0	0	0	95	142	3	1	4	21
615	-2144	-9568	13056	0	0	26	0	0	0	0	0	0	0	0	0	0	0	0	95	142	3	1	3	22
616	-2128	-9184	12752	0	0	26	0	0	0	0	0	0	0	0	0	0	0	0	95	142	3	1	3	22
617	-2112	-9488	13056	0	0	26	0	0	0	0	0	0	0	0	0	0	0	0	95	142	4	1	3	22
618	-2016	-9184	12784	0	0	26	0	0	0	0	0	0	0	0	0	0	0	0	95	142	3	1	3	21
619	-2160	-9216	13056	0	0	26	0	0	0	0	0	0	0	0	0	0	0	0	95	142	3	1	3	21
620	-2096	-9168	13072	0	0	26	0	0	0	0	0	0	0	0	0	0	0	0	95	142	4	1	3	21
621	-2176	-9184	13072	0	0	26	0	0	0	0	0	0	0	0	0	0	0	0	95	142	3	1	4	22
622	-1936	-9120	13088	0	0	26	0	0	0	0	0	0	0	0	0	0	0	0	95	142	4	1	3	21
623	-2144	-9184	13072	0	0	26	0	0	0	0	0	0	0	0	0	0	0	0	95	142	4	1	3	23
624	-2144	-9120	13072	0	0	26	0	0	0	0	0	0	0	0	0	0	0	0	95	142	3	1	3	23
625	-2112	-9104	13120	0	0	26	0	0	0	0	0	0	0	0	0	0	0	0	95	142	3	1	3	21
626	-2096	-9136	13104	0	0	26	0	0	0	0	0	0	0	0	0	1	0	0	95	142	3	1	3	21
627	-2080	-9168	13088	0	0	26	0	0	0	0	0	0	0	0	0	1	0	0	95	142	2	1	3	23
628	-2064	-9200	13072	0	0	26	0	0	0	0	0	0	0	0	0	1	0	0	95	142	2	1	3	24
629	-2112	-9184	13072	0	0	26	0	0	0	0	0	0	0	0	0	0	0	0	95	142	2	1	3	23
630	-2128	-9168	13072	0	0	26	0	0	0	0	0	0	0	0	0	0	0	0	95	142	2	1	3	21
631	-2064	-9184	13136	0	0	26	0	0	0	0	0	0	0	0	0	0	0	0	95	142	2	1	3	20
632	-1792	-9200	13120	0	0	26	0	0	0	0	0	0	0	0	0	0	0	0	95	142	2	1	3	19
633	-2112	-9488	13120	0	0	26	0	0	0	0	0	0	0	0	0	0	0	0	95	142	3	1	3	19
634	-2096	-9200	13056	0	0	26	0	0	0	0	0	0	0	0	0	0	0	0	95	142	2	1	3	20
635	-2080	-9152	13056	0	0	26	0	0	0	0	0	0	0	0	0	0	0	0	95	142	2	1	3	19
636	-2096	-9136	13072	0	0	26	0	0	0	0	0	0	0	0	0	0	0	0	95	142	2	1	3	21
637	-1792	-9168	13056	0	0	26	0	0	0	0	0	0	0	0	0	0	0	0	95	142	2	1	3	22
638	-2064	-9328	12752	0	0	26	0	0	0	0	0	0	0	0	0	0	0	0	95	142	2	1	3	22
639	-2080	-9136	12768	0	0	26	0	0	0	0	0	0	0	0	0	0	0	0	95	142	2	1	3	22
640	-2064	-9200	12768	0	0	26	0	0	0	0	0	0	0	0	0	0	0	0	95	142	3	1	3	21
641	-2080	-9168	12752	0	0	26	0	0	0	0	0	0	0	0	0	0	0	0	95	142	3	1	3	21
642	-2064	-9152	13088	0	0	26	0	0	0	0	0	0	0	0	0	0	0	0	95	142	3	1	3	20
643	-1744	-9168	13088	0	0	26	0	0	0	0	0	0	0	0	0	0	0	0	95	142	3	1	3	19
644	-2080	-9168	13120	0	0	21	0	0	0	0	0	0	0	0	0	0	0	0	95	142	3	1	3	20
645	-2112	-9120	13104	21	0	21	0	0	0	0	0	0	0	0	0	0	0	0	95	142	3	1	3	20
646	-2128	-9200	13120	21	0	21	0	0	0	0	0	0	0	0	0	0	0	0	95	142	3	1	3	21
647	-1744	-9216	13136	21	0	21	0	0	0	0	0	0	0	0	0	0	0	0	95	142	3	1	3	21
648	-1744	-9184	13152	21	0	21	0	0	0	0	0	0	0	0	0	0	0	0	95	142	3	1	3	21
649	-1744	-9152	13104	21	0	21	0	0	0	0	0	0	0	0	0	0	0	0	95	142	3	1	3	21
650	-1728	-9168	13088	21	0	21	0	0	0	0	0	0	0	0	0	0	0	0	95	142	3	1	3	22
651	-2080	-9168	13088	21	0	21	0	0	0	0	0	0	0	0	0	0	0	0	95	142	3	1	3	22
652	-2112	-9120	13088	21	0	21	0	0	0	0	0	0	0	0	0	0	0	0	95	142	2	1	3	24
653	-2080	-9136	13120	21	0	21	0	0	0	0	0	0	0	0	0	0	0	0	95	142	3	1	3	23
654	-2112	-9136	13088	21	0	21	0	0	0	0	0	0	0	0	0	0	0	0	95	142	3	1	3	22
655	-2096	-9184	13104	21	0	21	0	0	0	0	0	0	0	0	0	0	0	0	95	142	3	1	3	23
656	-1792	-9104	13120	21	0	21	0	0	0	0	0	0	0	0	0	0	0	0	95	142	3	1	2	21
657	-2112	-9104	13120	21	0	21	0	0	0	0	0	0	0	0	0	0	0	0	95	142	3	1	2	20
658	-2080	-9328	13104	21	0	21	0	0	0	0	0	0	0	0	0	0	0	0	95	142	3	1	2	20
659	-1792	-9120	13120	21	0	21	0	0	0	0	0	0	0	0	0	0	0	0	95	142	3	1	2	19
660	-2096	-9184	13088	21	0	21	0	0	0	0	0	0	0	0	0	0	0	0	95	142	3	1	2	22
661	-1760	-9184	13104	21	0	21	0	0	0	0	0	0	0	0	0	0	0	0	95	142	3	1	2	24
662	-2064	-9168	13104	21	0	21	0	0	0	0	0	0	0	0	0	0	0	0	95	142	3	1	3	26
663	-1776	-9120	13136	21	0	21	0	0	0	0	0	0	0	0	0	0	0	0	95	142	2	1	2	23
664	-1792	-9216	13104	21	0	21	0	0	0	0	0	0	0	0	0	0	0	0	95	142	3	1	3	19
665	-2096	-9136	13104	21	0	21	0	0	0	0	0	0	0	0	0	0	0	0	95	142	2	1	3	20
666	-2096	-9344	13104	21	0	21	0	0	0	0	0	0	0	0	0	0	0	0	95	142	2	1	3	19
667	-1776	-9104	13152	21	0	21	0	0	0	0	0	0	0	0	0	0	0	0	95	142	2	1	3	19
668	-1792	-9184	13104	21	0	21	0	0	0	0	0	0	0	0	0	0	0	0	95	142	2	1	2	21
669	-1776	-9168	13120	21	0	21	0	0	0	0	0	0	0	0	0	0	0	0	95	142	3	1	2	21
670	-2096	-9152	13104	21	0	21	0	0	0	0	0	0	0	0	0	0	0	0	95	142	3	1	2	21
671	-1792	-9136	13088	21	0	21	0	0	0	0	0	0	0	0	0	0	0	0	95	142	3	1	2	21
672	-1792	-9200	13104	21	0	21	0	0	0	0	0	0	0	0	0	0	0	0	95	142	4	1	3	20
673	-2128	-9136	13088	21	0	21	0	0	0	0	0	0	0	0	0	0	0	0	95	142	4	1	3	22
674	-2080	-9344	13120	21	0	21	0	0	0	0	0	0	0	0	0	0	0	0	95	142	4	1	3	24
675	-2080	-9104	13088	21	0	21	0	0	0	0	0	0	0	0	0	0	0	0	95	142	3	1	3	24
676	-1776	-9328	13104	21	0	21	0	0	0	0	0	0	0	0	0	0	0	0	95	142	4	1	3	23
677	-1760	-9168	13072	21	0	21	0	0	0	0	0	0	0	0	0	0	0	0	95	142	4	1	3	22
678	-2096	-9200	13104	21	0	21	0	0	0	0	0	0	0	0	0	0	0	0	95	142	3	1	3	23
679	-2112	-9504	13136	21	0	21	0	0	0	0	0	0	0	0	0	0	0	0	95	142	3	1	3	25
680	-1776	-9504	13104	21	0	21	0	0	0	0	0	0	0	0	0	0	0	0	95	142	3	1	3	24
681	-1776	-9120	13152	21	0	21	0	0	0	0	0	0	0	0	0	0	0	0	95	142	3	1	3	23
682	-1776	-9344	13104	21	0	21	0	0	0	0	0	0	0	0	0	0	0	0	95	142	3	1	3	21
683	-1792	-9136	13088	21	0	21	0	0	0	0	0	0	0	0	0	0	0	0	95	142	4	1	3	20
684	-1792	-9312	13056	21	0	21	0	0	0	0	0	0	0	0	0	0	0	0	95	142	3	1	3	19
685	-1792	-9104	13072	21	0	21	0	0	0	0	0	0	0	0	0	0	0	0	95	142	3	1	3	19
686	-1760	-9344	13072	21	0	21	0	0	0	0	0	0	0	0	0	0	0	0	95	142	3	1	3	19
687	-1792	-9120	13088	21	0	21	0	0	0	0	0	0	0	0	0	0	0	0	95	142	3	1	3	19
688	-1792	-9152	13104	21	0	21	0	0	0	0	0	0	0	0	0	0	0	0	95	142	3	1	3	20
689	-1760	-9200	13136	21	0	21	0	0	0	0	0	0	0	0	0	0	0	0	95	142	3	1	3	20
690	-1728	-9328	13136	21	0	21	0	0	0	0	0	0	0	0	0	0	0	0	95	142	3	1	3	21
691	-2096	-9120	13104	21	0	21	0	0	0	0	0	0	0	0	0	0	0	0	95	142	2	1	3	20
692	-2080	-9168	13104	21	0	21	0	0	0	0	0	0	0	0	0	0	0	0	95	142	2	1	3	22
693	-1792	-9104	13120	21	0	21	0	0	0	0	0	0	0	0	0	0	0	0	95	142	2	1	3	23
694	-1760	-9104	13136	21	0	21	0	0	0	0	0	0	0	0	0	0	0	0	95	142	2	1	3	21
695	-1776	-9104	13168	21	0	21	0	0	0	0	0	0	0	0	0	0	0	0	95	142	2	1	3	20
696	-1792	-9136	13136	21	0	21	0	0	0	0	0	0	0	0	0	0	0	0	95	142	2	1	3	19
697	-1792	-9136	13088	21	0	21	0	0	0	0	0	0	0	0	0	0	0	0	95	142	2	1	3	20
698	-2064	-9136	13168	21	0	21	0	0	0	0	0	0	0	0	0	0	0	0	95	142	2	1	3	21
699	-2144	-9312	12944	21	0	21	0	0	0	0	0	0	0	0	0	0	0	0	95	142	3	1	3	22
700	-1776	-9328	13152	21	0	21	0	0	0	0	0	0	0	0	0	0	0	0	95	142	3	1	3	21
701	-1744	-9280	13168	21	0	21	0	0	0	0	0	0	0	0	0	0	0	0	95	142	2	1	3	22
702	-1776	-9328	13088	21	0	21	0	0	0	0	0	0	0	0	0	0	0	0	95	142	2	1	3	23
703	-2096	-9312	13120	21	0	21	0	0	0	0	0	0	0	0	0	0	0	0	95	142	2	1	3	23
704	-1792	-9312	13120	21	0	21	0	0	0	0	0	0	0	0	0	0	0	0	95	142	3	1	3	26
705	-1744	-9328	13104	21	0	21	0	0	0	0	0	0	0	0	0	0	0	0	95	142	5	1	3	27
706	-1792	-9344	13104	21	0	21	0	0	0	0	0	0	0	0	0	0	0	0	95	142	4	1	3	27
707	-2080	-9312	13088	21	0	21	0	0	0	0	0	0	0	0	0	0	0	0	95	142	4	1	3	25
708	-2112	-9152	13120	21	0	21	0	0	0	0	0	0	0	0	0	0	0	0	95	142	5	1	3	24
709	-2096	-9312	13088	21	0	21	0	0	0	0	0	0	0	0	0	0	0	0	95	142	5	1	3	24
710	-1776	-9280	13120	21	0	21	0	0	0	0	0	0	0	0	0	0	0	0	95	142	5	1	3	23
711	-1760	-9136	13120	21	0	21	0	0	0	0	0	0	0	0	0	0	0	0	95	142	5	1	3	20
712	-2128	-9120	13088	21	0	21	0	0	0	0	0	0	0	0	0	0	0	0	95	142	5	1	3	20
713	-2080	-9120	13088	21	0	21	0	0	0	0	0	0	0	0	0	0	0	0	95	142	3	1	3	17
714	-2080	-9120	13088	21	0	21	0	0	0	0	0	0	0	0	0	0	0	0	95	142	3	1	3	19
715	-2096	-9104	13104	21	0	21	0	0	0	0	0	0	0	0	0	0	0	0	95	142	3	1	3	20
716	-2064	-9328	13120	21	0	21	0	0	0	0	0	0	0	0	0	0	0	0	95	142	3	1	3	19
717	-1792	-9120	13056	21	0	21	0	0	0	0	0	0	0	0	0	0	0	0	95	142	3	1	3	21
718	-1792	-9184	13088	21	0	21	0	0	0	0	0	0	0	0	0	0	0	0	95	142	3	1	3	22
719	-2080	-9136	13088	21	0	21	0	0	0	0	0	0	0	0	0	0	0	0	95	142	3	1	3	22
720	-2128	-9120	13088	21	0	21	0	0	0	0	0	0	0	0	0	0	0	0	95	142	3	1	3	23
721	-2080	-9104	13104	21	0	21	0	0	0	0	0	0	0	0	0	0	0	0	95	142	4	1	3	22
722	-2128	-9136	13120	21	0	21	0	0	0	0	0	0	0	0	0	0	0	0	95	142	4	1	3	24
723	-1792	-9104	13120	21	0	21	0	0	0	0	0	0	0	0	0	0	0	0	95	142	4	1	3	24
724	-1776	-9104	13088	21	0	21	0	0	0	0	0	0	0	0	0	0	0	0	95	142	4	1	3	23
725	-1728	-9120	13104	21	0	21	0	0	0	0	0	0	0	0	0	0	0	0	95	142	4	1	3	22
726	-1728	-9152	13120	21	0	21	0	0	0	0	0	0	0	0	0	0	0	0	95	142	4	1	3	20
727	-2064	-9344	13104	21	0	21	0	0	0	0	0	0	0	0	0	0	0	0	95	142	5	1	3	18
728	-2112	-9120	13088	21	0	21	0	0	0	0	0	0	0	0	0	0	0	0	95	142	4	1	3	19
729	-2064	-9136	13120	21	0	21	0	0	0	0	0	0	0	0	0	0	0	0	95	142	3	1	3	20
730	-1776	-9104	13120	21	0	21	0	0	0	0	0	0	0	0	0	0	0	0	95	142	3	1	3	20
731	-1712	-9120	13136	21	0	21	0	0	0	0	0	0	0	0	0	0	0	0	95	142	3	1	2	21
732	-1760	-9152	13104	21	0	21	0	0	0	0	0	0	0	0	0	0	0	0	95	142	2	1	2	21
733	-1792	-9152	13088	21	0	21	0	0	0	0	0	0	0	0	0	0	0	0	95	142	2	1	2	20
734	-1776	-9184	13072	21	0	21	0	0	0	0	0	0	0	0	0	0	0	0	95	142	2	1	2	23
735	-1776	-9344	13104	21	0	21	0	0	0	0	0	0	0	0	0	0	0	0	95	142	2	1	3	23
736	-2064	-9104	13088	21	0	21	0	0	0	0	0	0	0	0	0	0	0	0	95	142	3	1	3	22
737	-1776	-9104	13120	21	0	21	0	0	0	0	0	0	0	0	0	0	0	0	95	142	3	1	3	22
738	-1776	-9152	13168	21	0	21	0	0	0	0	0	0	0	0	0	0	0	0	95	142	3	1	3	22
739	-2080	-9184	13136	21	0	21	0	0	0	0	0	0	0	0	0	0	0	0	95	142	3	1	3	26
740	-1792	-9184	13136	21	0	21	0	0	0	0	0	0	0	0	0	0	0	0	95	142	4	1	3	26
741	-2080	-9200	12928	21	0	21	0	0	0	0	0	0	0	0	0	0	0	0	95	142	3	1	3	25
742	-1760	-9184	13104	21	0	21	0	0	0	0	0	0	0	0	0	0	0	0	95	142	3	1	3	25
743	-1696	-9152	13104	21	0	21	0	0	0	0	0	0	0	0	0	0	0	0	95	142	3	1	3	24
744	-1696	-9136	13136	21	0	21	0	0	0	0	0	0	0	0	0	0	0	0	95	142	3	1	3	23
745	-1728	-9168	13152	21	0	21	0	0	0	0	0	0	0	0	0	0	0	0	95	142	3	1	3	21
746	-1712	-9104	13120	21	0	21	0	0	0	0	0	0	0	0	0	0	0	0	95	142	2	1	3	19
747	-1696	-9104	13168	21	0	21	0	0	0	0	0	0	0	0	0	0	0	0	95	142	3	1	3	19
748	-1744	-9296	12928	21	0	21	0	0	0	0	0	0	0	0	0	0	0	0	95	142	2	1	3	19
749	-1760	-9120	12928	21	0	21	0	0	0	0	0	0	0	0	0	0	0	0	95	142	3	1	2	19
750	-2080	-9232	12960	21	0	21	0	0	0	0	0	0	0	0	0	0	0	0	95	142	3	1	3	19
751	-2080	-9264	12976	21	0	21	0	0	0	0	0	0	0	0	0	0	0	0	95	142	2	1	2	20
752	-2064	-9232	13152	21	0	21	0	0	0	0	0	0	0	0	0	0	0	0	95	142	2	1	3	20
753	-2128	-9264	13104	21	0	21	0	0	0	0	0	0	0	0	0	0	0	0	95	142	2	1	3	19
754	-2176	-8912	13104	21	0	21	0	0	0	0	0	0	0	0	0	0	0	0	95	142	2	1	3	18
755	-2144	-9280	13120	21	0	21	0	0	0	0	0	0	0	0	0	0	0	0	95	142	2	1	3	18
756	-1776	-9328	13120	21	0	21	0	0	0	0	0	0	0	0	0	0	0	0	95	142	3	1	3	17
757	-1776	-9344	13136	21	0	21	0	0	0	0	0	0	0	0	0	0	0	0	95	142	2	1	3	17
758	-1760	-9312	13152	21	0	21	0	0	0	0	0	0	0	0	0	0	0	0	95	142	2	1	3	17
759	-1728	-9312	13152	21	0	21	0	0	0	0	0	0	0	0	0	0	0	0	95	142	2	1	3	17
760	-1760	-9264	13136	21	0	21	0	0	0	0	0	0	0	0	0	0	0	0	95	142	2	1	3	16
761	-1792	-9104	12928	21	0	21	0	0	0	0	0	0	0	0	0	0	0	0	95	142	2	1	3	18
762	-1776	-9136	13120	21	0	21	0	0	0	0	0	0	0	0	0	0	0	0	95	142	2	1	3	19
763	-2080	-9328	13168	21	0	21	0	0	0	0	0	0	0	0	0	0	0	0	95	142	2	1	3	19
764	-2080	-9312	13168	21	0	21	0	0	0	0	0	0	0	0	0	0	0	0	95	142	2	1	3	20
765	-1728	-9248	12944	21	0	21	0	0	0	0	0	0	0	0	0	0	0	0	95	142	2	1	2	20
766	-1760	-9280	13168	21	0	21	0	0	0	0	0	0	0	0	0	0	0	0	95	142	2	1	2	21
767	-2112	-9312	12928	21	0	21	0	0	0	0	0	0	0	0	0	0	0	0	95	142	3	1	3	21
768	-2096	-9344	13152	21	0	21	0	0	0	0	0	0	0	0	0	0	0	0	95	142	3	1	3	22
769	-1776	-9120	13152	21	0	21	0	0	0	0	0	0	0	0	0	0	0	0	95	142	4	1	3	19
770	-1776	-9120	13136	21	0	21	0	0	0	0	0	0	0	0	0	0	0	0	95	142	4	1	3	18
771	-1792	-9312	12928	21	0	21	0	0	0	0	0	0	0	0	0	0	0	0	95	142	4	1	3	19
772	-2064	-9328	12944	21	0	21	0	0	0	0	0	0	0	0	0	0	0	0	95	142	4	1	3	18
773	-2080	-9296	12944	21	0	21	0	0	0	0	0	0	0	0	0	0	0	0	95	142	4	1	3	17
774	-1744	-9296	12928	21	0	21	0	0	0	0	0	0	0	0	0	0	0	0	95	142	4	1	3	18
775	-1776	-9280	13168	21	0	21	0	0	0	0	0	0	0	0	0	0	0	0	95	142	3	1	3	18
776	-2080	-9264	12928	21	0	21	0	0	0	0	0	0	0	0	0	0	0	0	95	142	3	1	3	19
777	-1776	-9312	13168	21	0	21	0	0	0	0	0	0	0	0	0	0	0	0	95	142	3	1	3	18
778	-1776	-9296	13136	21	0	21	0	0	0	0	0	0	0	0	0	0	0	0	95	142	3	1	3	19
779	-1760	-9296	13168	21	0	21	0	0	0	0	0	0	0	0	0	0	0	0	95	142	2	1	2	20
780	-1728	-9280	12928	21	0	21	0	0	0	0	0	0	0	0	0	0	0	0	95	142	2	1	2	19
781	-2096	-9104	12944	21	0	21	0	0	0	0	0	0	0	0	0	0	0	0	95	142	2	1	2	19
782	-2064	-9200	12960	21	0	21	0	0	0	0	0	0	0	0	0	0	0	0	95	142	2	1	2	19
783	-2064	-9136	12928	21	0	21	0	0	0	0	0	0	0	0	0	0	0	0	95	142	2	1	2	19
784	-1792	-9328	12960	21	0	21	0	0	0	0	0	0	0	0	0	0	0	0	95	142	3	1	2	19
785	-2080	-9120	12928	21	0	21	0	0	0	0	0	0	0	0	0	0	0	0	95	142	2	1	2	21
786	-2080	-9328	13152	21	0	21	0	0	0	0	0	0	0	0	0	0	0	0	95	142	3	1	3	22
787	-2064	-9312	13120	21	0	21	0	0	0	0	0	0	0	0	0	0	0	0	95	142	3	1	3	23
788	-1760	-9248	13120	21	0	21	0	0	0	0	0	0	0	0	0	0	0	0	95	142	3	1	3	23
789	-1760	-9280	13072	21	0	21	0	0	0	0	0	0	0	0	0	0	0	0	95	142	3	1	3	23
790	-1696	-9312	13136	21	0	21	0	0	0	0	0	0	0	0	0	0	0	0	95	142	3	1	3	20
791	-1728	-9104	13168	21	0	21	0	0	0	0	0	0	0	0	0	0	0	0	95	142	3	1	3	19
792	-1792	-9104	12928	21	0	21	0	0	0	0	0	0	0	0	0	0	0	0	95	142	3	1	3	20
793	-1744	-9120	13168	21	0	21	0	0	0	0	0	0	0	0	0	0	0	0	95	142	2	1	3	20
794	-1760	-9344	12928	21	0	21	0	0	0	0	0	0	0	0	0	0	0	0	95	142	2	1	3	19
795	-1728	-9328	13168	21	0	21	0	0	0	0	0	0	0	0	0	0	0	0	95	142	2	1	4	21
796	-1744	-9328	13168	21	0	21	0	0	0	0	0	0	0	0	0	0	0	0	95	142	2	1	4	21
797	-2064	-9120	12928	21	0	21	0	0	0	0	0	0	0	0	0	0	0	0	95	142	3	1	3	21
798	-1792	-9312	12960	21	0	21	0	0	0	0	0	0	0	0	0	0	0	0	95	142	2	1	3	21
799	-1776	-9312	13152	21	0	21	0	0	0	0	0	0	0	0	0	0	0	0	95	142	3	1	3	22
800	-2064	-9248	13152	21	0	21	0	0	0	0	0	0	0	0	0	0	0	0	95	142	4	1	3	22
801	-2096	-9248	13104	21	0	21	0	0	0	0	0	0	0	0	0	0	0	0	95	142	4	1	3	22
802	-1792	-9296	13152	21	0	21	0	0	0	0	0	0	0	0	0	0	0	0	95	142	4	1	3	21
803	-1760	-9312	13104	21	0	21	0	0	0	0	0	0	0	0	0	0	0	0	95	142	4	1	3	22
804	-1760	-9344	13152	21	0	21	0	0	0	0	0	0	0	0	0	0	0	0	95	142	5	1	3	22
805	-1792	-9104	13152	21	0	21	0	0	0	0	0	0	0	0	0	0	0	0	95	142	5	1	3	21
806	-2064	-9264	13136	21	0	21	0	0	0	0	0	0	0	0	0	0	0	0	95	142	5	2	3	20
807	-1712	-9328	13168	21	0	21	0	0	0	0	0	0	0	0	0	0	0	0	95	142	4	1	3	23
808	-1712	-9248	12944	21	0	21	0	0	0	0	0	0	0	0	0	0	0	0	95	142	3	1	3	22
809	-1744	-9296	12960	21	0	21	0	0	0	0	0	0	0	0	0	0	0	0	95	142	4	1	3	22
810	-1760	-9232	13152	21	0	21	0	0	0	0	0	0	0	0	0	0	0	0	95	142	3	1	3	22
811	-1792	-9280	12928	21	0	21	0	0	0	0	0	0	0	0	0	0	0	0	95	142	3	1	3	20
812	-2064	-9248	13152	21	0	21	0	0	0	0	0	0	0	0	0	0	0	0	95	142	2	1	3	21
813	-1792	-9296	13152	21	0	21	0	0	0	0	0	0	0	0	0	0	0	0	95	142	2	1	3	24
814	-1776	-9312	13120	21	0	21	0	0	0	0	0	0	0	0	0	0	0	0	95	142	1	1	2	27
815	-1920	-9232	13136	21	0	21	0	0	0	0	0	0	0	0	0	0	0	0	95	142	1	1	2	26
816	-1840	-9296	13168	21	0	21	0	0	0	0	0	0	0	0	0	0	0	0	95	142	1	1	2	23
817	-1696	-9280	13136	21	0	21	0	0	0	0	0	0	0	0	0	0	0	0	95	142	1	1	2	21
818	-1776	-9296	13152	21	0	21	0	0	0	0	0	0	0	0	0	0	0	0	95	142	2	1	3	22
819	-1728	-9328	12944	21	0	21	0	0	0	0	0	0	0	0	0	0	0	0	95	142	2	1	2	22
820	-2176	-9296	12944	21	0	21	0	0	0	0	0	0	0	0	0	0	0	0	95	142	3	1	3	22
821	-2080	-8912	13168	21	0	21	0	0	0	0	0	0	0	0	0	0	0	0	95	142	3	1	3	23
822	-2080	-9296	13168	21	0	21	0	0	0	0	0	0	0	0	0	0	0	0	95	142	4	1	3	22
823	-1776	-9264	13152	21	0	21	0	0	0	0	0	0	0	0	0	0	0	0	95	142	4	1	3	20
824	-1744	-9312	13152	21	0	21	0	0	0	0	0	0	0	0	0	0	0	0	95	142	4	1	3	19
825	-2064	-9280	13168	21	0	21	0	0	0	0	0	0	0	0	0	0	0	0	95	142	4	1	3	19
826	-1776	-9232	13168	21	0	21	0	0	0	0	0	0	0	0	0	0	0	0	95	142	4	1	3	21
827	-1760	-9280	13168	21	0	21	0	0	0	0	0	0	0	0	0	0	0	0	95	142	5	1	4	21
828	-1776	-9264	12944	21	0	21	0	0	0	0	0	0	0	0	0	0	0	0	95	142	5	1	4	22
829	-2096	-9264	12976	21	0	21	0	0	0	0	0	0	0	0	0	0	0	0	95	142	5	1	4	23
830	-2064	-9296	12944	21	0	21	0	0	0	0	0	0	0	0	0	0	0	0	95	142	5	1	4	24
831	-1728	-9264	13136	21	0	21	0	0	0	0	0	0	0	0	0	0	0	0	95	142	5	1	4	24
832	-1696	-8912	12944	21	0	21	0	0	0	0	0	0	0	0	0	0	0	0	95	142	5	1	4	24
833	-1760	-8960	12944	21	0	21	0	0	0	0	0	0	0	0	0	0	0	0	95	142	4	1	4	23
834	-1760	-9264	12976	21	0	21	0	0	0	0	0	0	0	0	0	0	0	0	95	142	3	1	3	23
835	-1760	-9312	12928	21	0	21	0	0	0	0	0	0	0	0	0	0	0	0	95	142	3	1	3	26
836	-1760	-9312	12944	21	0	21	0	0	0	0	0	0	0	0	0	0	0	0	95	142	2	1	3	24
837	-1776	-9296	12960	21	0	21	0	0	0	0	0	0	0	0	0	0	0	0	95	142	2	1	3	23
838	-1712	-9264	12992	21	0	21	0	0	0	0	0	0	0	0	0	0	0	0	95	142	2	1	3	22
839	-1712	-9312	12992	21	0	21	0	0	0	0	0	0	0	0	0	0	0	0	95	142	2	1	3	20
840	-1728	-9280	12976	21	0	21	0	0	0	0	0	0	0	0	0	0	0	0	95	142	2	1	3	19
841	-1728	-9344	12960	21	0	21	0	0	0	0	0	0	0	0	0	0	0	0	95	142	2	1	3	19
842	-1696	-9280	12944	21	0	21	0	0	0	0	0	0	0	0	0	0	0	0	95	142	2	1	3	19
843	-1712	-9104	12944	21	0	21	0	0	0	0	0	0	0	0	0	0	0	0	95	142	3	1	3	19
844	-1728	-9328	13168	21	0	21	0	0	0	0	0	0	0	0	0	0	0	0	95	142	3	1	3	20
845	-1920	-9328	13168	21	0	21	0	0	0	0	0	0	0	0	0	0	0	0	95	142	3	1	3	20
846	-1696	-9328	13120	21	0	21	0	0	0	0	0	0	0	0	0	0	0	0	95	142	2	1	3	22
847	-1712	-9328	13152	21	0	21	0	0	0	0	0	0	0	0	0	0	0	0	95	142	3	1	3	22
848	-1744	-9328	13136	21	0	21	0	0	0	0	0	0	0	0	0	0	0	0	95	142	3	1	3	22
849	-1760	-9328	13136	21	0	21	0	0	0	0	0	0	0	0	0	0	0	0	95	142	3	1	3	23
850	-1760	-9328	13120	21	0	21	0	0	0	0	0	0	0	0	0	0	0	0	95	142	3	1	3	23
851	-1776	-9104	13152	21	0	21	0	0	0	0	0	0	0	0	0	0	0	0	95	142	3	1	3	23
852	-2080	-9296	13136	21	0	21	0	0	0	0	0	0	0	0	0	0	0	0	95	142	3	1	3	26
853	-1680	-8912	12960	21	0	21	0	0	0	0	0	0	0	0	0	0	0	0	95	142	4	1	3	26
854	-1792	-9312	12944	21	0	21	0	0	0	0	0	0	0	0	0	0	0	0	95	142	4	1	3	27
855	-1744	-9344	12976	21	0	21	0	0	0	0	0	0	0	0	0	0	0	0	95	142	4	1	3	26
856	-1712	-9328	12928	21	0	21	0	0	0	0	0	0	0	0	0	0	0	0	95	142	4	1	3	27
857	-1792	-9344	13168	21	0	21	0	0	0	0	0	0	0	0	0	0	0	0	95	142	3	1	3	25
858	-1776	-9344	12928	21	0	21	0	0	0	0	0	0	0	0	0	0	0	0	95	142	3	1	3	24
859	-1776	-9328	13152	21	0	21	0	0	0	0	0	0	0	0	0	0	0	0	95	142	3	1	3	22
860	-1712	-9136	13168	21	0	21	0	0	0	0	0	0	0	0	0	0	0	0	95	142	2	1	3	20
861	-1760	-9104	13168	21	0	21	0	0	0	0	0	0	0	0	0	0	0	0	95	142	2	1	3	21
862	-1792	-9344	12960	21	0	21	0	0	0	0	0	0	0	0	0	0	0	0	95	142	2	1	3	20
863	-2064	-9120	13168	21	0	21	0	0	0	0	0	0	0	0	0	0	0	0	95	142	2	1	3	21
864	-1728	-9120	12928	21	0	21	0	0	0	0	0	0	0	0	0	0	0	0	95	142	2	1	3	23
865	-1712	-9136	12960	21	0	21	0	0	0	0	0	0	0	0	0	0	0	0	95	142	2	1	3	23
866	-1744	-9344	12944	21	0	21	0	0	0	0	0	0	0	0	0	0	0	0	95	142	2	1	3	22
867	-2064	-9280	12960	21	0	21	0	0	0	0	0	0	0	0	0	0	0	0	95	142	2	1	3	21
868	-1760	-9232	13168	21	0	21	0	0	0	0	0	0	0	0	0	0	0	0	95	142	2	1	3	21
869	-1920	-9264	13168	21	0	21	0	0	0	0	0	0	0	0	0	0	0	0	95	142	2	1	3	23
870	-1888	-9264	12928	21	0	21	0	0	0	0	0	0	0	0	0	0	0	0	95	142	2	1	3	22
871	-1904	-9280	12960	21	0	21	0	0	0	0	0	0	0	0	0	0	0	0	95	142	2	1	3	20
872	-1696	-9312	12928	21	0	21	0	0	0	0	0	0	0	0	0	0	0	0	95	142	2	1	3	19
873	-1920	-9328	13168	21	0	21	0	0	0	0	0	0	0	0	0	0	0	0	95	142	2	1	2	19
874	-1920	-9312	13152	21	0	21	0	0	0	0	0	0	0	0	0	0	0	0	95	142	2	1	2	19
875	-1680	-9248	13152	21	0	21	0	0	0	0	0	0	0	0	0	0	0	0	95	142	2	1	2	20
876	-1728	-9248	13120	21	0	21	0	0	0	0	0	0	0	0	0	0	0	0	95	142	2	1	3	19
877	-1920	-9280	13152	21	0	21	0	0	0	0	0	0	0	0	0	0	0	0	95	142	2	1	3	18
878	-1904	-9312	13152	21	0	21	0	0	0	0	0	0	0	0	0	0	0	0	95	142	2	1	3	18
879	-1712	-9136	13120	21	0	21	0	0	0	0	0	0	0	0	0	0	0	0	95	142	2	1	2	19
880	-1888	-9328	12944	21	0	21	0	0	0	0	0	0	0	0	0	0	0	0	95	142	2	1	3	19
881	-1696	-9280	12928	21	0	21	0	0	0	0	0	0	0	0	0	0	0	0	95	142	2	1	3	21
882	-1888	-9344	13152	21	0	21	0	0	0	0	0	0	0	0	0	0	0	0	95	142	2	1	2	20
883	-1744	-9136	13120	21	0	21	0	0	0	0	0	0	0	0	0	0	0	0	95	142	2	1	2	20
884	-1728	-9280	13152	21	0	21	0	0	0	0	0	0	0	0	0	0	0	0	95	142	2	1	2	20
885	-1792	-9296	13168	21	0	21	0	0	0	0	0	0	0	0	0	0	0	0	95	142	2	1	2	19
886	-1728	-9248	13136	21	0	21	0	0	0	0	0	0	0	0	0	0	0	0	95	142	2	1	2	18
887	-1888	-9296	12928	21	0	21	0	0	0	0	0	0	0	0	0	0	0	0	95	142	2	1	2	19
888	-1712	-9328	12928	21	0	21	0	0	0	0	0	0	0	0	0	0	0	0	95	142	2	1	3	20
889	-1696	-9328	12928	21	0	21	0	0	0	0	0	0	0	0	0	0	0	0	95	142	2	1	3	20
890	-1744	-9248	12928	21	0	21	0	0	0	0	0	0	0	0	0	0	0	0	95	142	2	1	3	19
891	-1776	-9248	12944	21	0	21	0	0	0	0	0	0	0	0	0	0	0	0	95	142	2	1	3	21
892	-1744	-9264	12928	21	0	21	0	0	0	0	0	0	0	0	0	0	0	0	95	142	2	1	3	21
893	-1680	-9312	13168	21	0	21	0	0	0	0	0	0	0	0	0	0	0	0	95	142	3	1	3	20
894	-1920	-9328	12928	21	0	21	0	0	0	0	0	0	0	0	0	0	0	0	95	142	3	1	3	19
895	-1712	-9312	12928	21	0	21	0	0	0	0	0	0	0	0	0	0	0	0	95	142	3	1	3	18
896	-1728	-9104	13136	21	0	21	0	0	0	0	0	0	0	0	0	0	0	0	95	142	3	1	3	19
897	-1920	-9328	12928	21	0	21	0	0	0	0	0	0	0	0	0	0	0	0	95	142	3	1	3	17
898	-1696	-9152	13152	21	0	21	0	0	0	0	0	0	0	0	0	0	0	0	95	142	3	1	3	18
899	-1744	-9120	13152	21	0	21	0	0	0	0	0	0	0	0	0	0	0	0	95	142	4	1	3	21
900	-1712	-9280	12944	21	0	21	0	0	0	0	0	0	0	0	0	0	0	0	95	142	4	1	3	22
901	-1712	-9264	13152	21	0	21	0	0	0	0	0	0	0	0	0	0	0	0	95	142	4	1	2	21
902	-1728	-9296	13136	21	0	21	0	0	0	0	0	0	0	0	0	0	0	0	95	142	4	1	2	22
903	-1744	-9264	13152	21	0	21	0	0	0	0	0	0	0	0	0	0	0	0	95	142	4	1	2	21
904	-1680	-9312	13152	21	0	21	0	0	0	0	0	0	0	0	0	0	0	0	95	142	4	1	3	23
905	-1696	-9328	13152	21	0	21	0	0	0	0	0	0	0	0	0	0	0	0	95	142	3	1	2	23
906	-1696	-9280	13168	21	0	21	0	0	0	0	0	0	0	0	0	0	0	0	95	142	4	2	3	22
907	-1888	-9232	12960	21	0	21	0	0	0	0	0	0	0	0	0	0	0	0	95	142	3	1	3	22
908	-1712	-9296	13120	21	0	21	0	0	0	0	0	0	0	0	0	0	0	0	95	142	2	2	3	22
909	-1696	-9104	13136	21	0	21	0	0	0	0	0	0	0	0	0	0	0	0	95	142	2	2	3	22
910	-1712	-9104	13136	21	0	21	0	0	0	0	0	0	0	0	0	0	0	0	95	142	2	2	3	24
911	-1760	-8960	12944	21	0	21	0	0	0	0	0	0	0	0	0	0	0	0	95	142	3	2	3	23
912	-1728	-9264	13152	21	0	21	0	0	0	0	0	0	0	0	0	0	0	0	95	142	3	2	3	22
913	-1744	-9312	13168	21	0	21	0	0	0	0	0	0	0	0	0	0	0	0	95	142	3	2	3	22
914	-1712	-9104	12928	21	0	21	0	0	0	0	0	0	0	0	0	0	0	0	95	142	3	1	3	25
915	-1744	-9312	13152	21	0	21	0	0	0	0	0	0	0	0	0	0	0	0	95	142	4	2	3	23
916	-1712	-9344	12944	21	0	21	0	0	0	0	0	0	0	0	0	0	0	0	95	142	4	1	3	23
917	-1712	-9296	12944	21	0	21	0	0	0	0	0	0	0	0	0	0	0	0	95	142	5	2	3	24
918	-1696	-9264	12944	21	0	21	0	0	0	0	0	0	0	0	0	0	0	0	95	142	5	2	3	24
919	-1712	-9296	13120	21	0	21	0	0	0	0	0	0	0	0	0	0	0	0	95	142	4	1	3	27
920	-1728	-9280	13136	21	0	21	0	0	0	0	0	0	0	0	0	0	0	0	95	142	4	1	3	26
921	-1712	-9232	12960	21	0	21	0	0	0	0	0	0	0	0	0	0	0	0	95	142	4	1	3	24
922	-1744	-8928	13136	21	0	21	0	0	0	0	0	0	0	0	0	0	0	0	95	142	4	1	3	23
923	-1680	-9264	12928	21	0	21	0	0	0	0	0	0	0	0	0	0	0	0	95	142	4	1	3	23
924	-1920	-9296	13136	21	0	21	0	0	0	0	0	0	0	0	0	0	0	0	95	142	3	1	3	22
925	-1680	-9104	13136	21	0	21	0	0	0	0	0	0	0	0	0	0	0	0	95	142	2	1	3	23
926	-1744	-9152	13168	21	0	21	0	0	0	0	0	0	0	0	0	0	0	0	95	142	3	1	3	22
927	-1904	-9280	13136	21	0	21	0	0	0	0	0	0	0	0	0	0	0	0	95	142	3	1	3	21
928	-1920	-9312	12928	21	0	21	0	0	0	0	0	0	0	0	0	0	0	0	95	142	3	1	3	22
929	-1680	-9264	12944	21	0	21	0	0	0	0	0	0	0	0	0	0	0	0	95	142	4	1	3	23
930	-1696	-9344	12928	21	0	21	0	0	0	0	0	0	0	0	0	0	0	0	95	142	3	1	3	21
931	-1696	-9312	12928	21	0	21	0	0	0	0	0	0	0	0	0	0	0	0	95	142	3	1	3	21
932	-1712	-9312	13136	21	0	21	0	0	0	0	0	0	0	0	0	0	0	0	95	142	3	2	3	20
933	-1712	-9280	13120	21	0	21	0	0	0	0	0	0	0	0	0	0	0	0	95	142	4	2	3	20
934	-1728	-9264	13104	21	0	21	0	0	0	0	0	0	0	0	0	0	0	0	95	142	3	2	3	21
935	-1712	-9264	13088	21	0	21	0	0	0	0	0	0	0	0	0	0	0	0	95	142	3	2	2	22
936	-1888	-9232	13152	21	0	21	0	0	0	0	0	0	0	0	0	0	0	0	95	142	3	2	2	21
937	-1680	-9248	13120	21	0	21	0	0	0	0	0	0	0	0	0	0	0	0	95	142	3	1	3	20
938	-1904	-9264	13120	21	0	21	0	0	0	0	0	0	0	0	0	0	0	0	95	142	3	1	3	22
939	-1856	-9232	12976	21	0	21	0	0	0	0	0	0	0	0	0	0	0	0	95	142	3	1	3	23
940	-1680	-8944	12944	21	0	21	0	0	0	0	0	0	0	0	0	0	0	0	95	142	3	1	3	22
941	-1920	-9264	12944	21	0	21	0	0	0	0	0	0	0	0	0	0	0	0	95	142	3	1	3	24
942	-1872	-9264	13152	21	0	21	0	0	0	0	0	0	0	0	0	0	0	0	95	142	4	1	3	24
943	-1888	-9328	13168	21	0	21	0	0	0	0	0	0	0	0	0	0	0	0	95	142	4	1	4	24
944	-1856	-9296	12928	21	0	21	0	0	0	0	0	0	0	0	0	0	0	0	95	142	4	1	3	24
945	-1920	-9280	13168	21	0	21	0	0	0	0	0	0	0	0	0	0	0	0	95	142	4	1	3	23
946	-1696	-9248	12928	21	0	21	0	0	0	0	0	0	0	0	0	0	0	0	95	142	5	1	3	23
947	-1888	-9264	12944	21	0	21	0	0	0	0	0	0	0	0	0	0	0	0	95	142	4	1	3	20
948	-1920	-9296	12976	21	0	21	0	0	0	0	0	0	0	0	0	0	0	0	95	142	4	1	3	19
949	-1920	-9248	12944	21	0	21	0	0	0	0	0	0	0	0	0	0	0	0	95	142	5	1	3	21
950	-1680	-9264	12960	21	0	21	0	0	0	0	0	0	0	0	0	0	0	0	95	142	5	1	3	22
951	-1760	-9264	12960	21	0	21	0	0	0	0	0	0	0	0	0	0	0	0	95	142	5	1	3	23
952	-1920	-9344	12960	21	0	21	0	0	0	0	0	0	0	0	0	0	0	0	95	142	6	1	3	25
953	-1904	-9136	12960	21	0	21	0	0	0	0	0	0	0	0	0	0	0	0	95	142	5	1	3	25
954	-1904	-9136	12928	21	0	21	0	0	0	0	0	0	0	0	0	0	0	0	95	142	5	2	3	23
955	-1904	-9344	13168	21	0	21	0	0	0	0	0	0	0	0	0	0	0	0	95	142	5	1	3	22
956	-1920	-9344	12944	21	0	21	0	0	0	0	0	0	0	0	0	0	0	0	95	142	5	1	3	22
957	-1712	-9328	12960	21	0	21	0	0	0	0	0	0	0	0	0	0	0	0	95	142	6	1	3	21
958	-1696	-9248	13168	21	0	21	0	0	0	0	0	0	0	0	0	0	0	0	95	142	5	1	3	22
959	-1680	-9248	12944	21	0	21	0	0	0	0	0	0	0	0	0	0	0	0	95	142	4	1	3	22
960	-1904	-9264	13136	21	0	21	0	0	0	0	0	0	0	0	0	0	0	0	95	142	4	1	3	23
961	-1824	-9248	13152	21	0	21	0	0	0	0	0	0	0	0	0	0	0	0	95	142	5	1	3	22
962	-1840	-9344	12928	21	0	21	0	0	0	0	0	0	0	0	0	0	0	0	95	142	4	1	3	24
963	-1856	-9120	12944	21	0	21	0	0	0	0	0	0	0	0	0	0	0	0	95	142	5	1	3	22
964	-1904	-9312	12928	21	0	21	0	0	0	0	0	0	0	0	0	0	0	0	95	142	4	1	3	25
965	-1696	-9248	12928	21	0	21	0	0	0	0	0	0	0	0	0	0	0	0	95	142	3	1	3	23
966	-1696	-8960	12944	21	0	21	0	0	0	0	0	0	0	0	0	0	0	0	95	142	3	1	3	21
967	-1696	-9296	13120	21	0	21	0	0	0	0	0	0	0	0	0	0	0	0	95	142	3	1	3	18
968	-1696	-9312	12944	21	0	21	0	0	0	0	0	0	0	0	0	0	0	0	95	142	3	1	3	17
969	-1680	-9264	13136	21	0	21	0	0	0	0	0	0	0	0	0	0	0	0	95	142	2	1	3	17
970	-1680	-8944	13168	21	0	21	0	0	0	0	0	0	0	0	0	0	0	0	95	142	2	1	3	18
971	-1904	-9248	12960	21	0	21	0	0	0	0	0	0	0	0	0	0	0	0	95	142	1	1	3	19
972	-1680	-9328	13168	21	0	21	0	0	0	0	0	0	0	0	0	0	0	0	95	142	2	1	3	19
973	-1856	-9248	13168	21	0	21	0	0	0	0	0	0	0	0	0	0	0	0	95	142	2	1	3	19
974	-1872	-9312	12944	21	0	21	0	0	0	0	0	0	0	0	0	0	0	0	95	142	2	1	3	18
975	-1840	-9312	12928	21	0	21	0	0	0	0	0	0	0	0	0	0	0	0	95	142	2	1	3	17
976	-1904	-9280	12960	21	0	21	0	0	0	0	0	0	0	0	0	0	0	0	95	142	3	1	3	15
977	-1824	-9328	12992	21	0	21	0	0	0	0	0	0	0	0	0	0	0	0	95	142	3	1	3	18
978	-1920	-9296	13008	21	0	21	0	0	0	0	0	0	0	0	0	0	0	0	95	142	3	1	3	18
979	-1680	-9312	12992	21	0	21	0	0	0	0	0	0	0	0	0	0	0	0	95	142	3	1	3	19
980	-1856	-9312	12944	21	0	21	0	0	0	0	0	0	0	0	0	0	0	0	95	142	3	1	3	19
981	-1920	-9104	12960	21	0	21	0	0	0	0	0	0	0	0	0	0	0	0	95	142	3	1	3	20
982	-1904	-9312	12944	21	0	21	0	0	0	0	0	0	0	0	0	0	0	0	95	142	3	1	3	19
983	-1920	-9264	12944	21	0	21	0	0	0	0	0	0	0	0	0	0	0	0	95	142	3	1	3	18
984	-1696	-9264	12976	21	0	21	0	0	0	0	0	0	0	0	0	0	0	0	95	142	2	1	3	20
985	-1728	-9264	13008	21	0	21	0	0	0	0	0	0	0	0	0	0	0	0	95	142	2	1	3	19
986	-1920	-9232	13024	21	0	21	0	0	0	0	0	0	0	0	0	0	0	0	95	142	2	1	3	20
987	-1904	-8960	12944	21	0	21	0	0	0	0	0	0	0	0	0	0	0	0	95	142	2	1	3	20
988	-1696	-9152	13168	21	0	21	0	0	0	0	0	0	0	0	0	0	0	0	95	142	3	1	3	21
989	-1680	-9264	12960	21	0	21	0	0	0	0	0	0	0	0	0	0	0	0	95	142	3	1	3	23
990	-1888	-9248	12976	21	0	21	0	0	0	0	0	0	0	0	0	0	0	0	95	142	2	1	3	23
991	-1712	-9264	12976	21	0	21	0	0	0	0	0	0	0	0	0	0	0	0	95	142	3	1	3	23
992	-1776	-9264	12928	21	0	21	0	0	0	0	0	0	0	0	0	0	0	0	95	142	3	1	3	22
993	-1680	-9264	12976	21	0	21	0	0	0	0	0	0	0	0	0	0	0	0	95	142	4	1	3	21
994	-1904	-9248	13008	21	0	21	0	0	0	0	0	0	0	0	0	0	0	0	95	142	4	1	3	21
995	-1792	-9232	12976	21	0	21	0	0	0	0	0	0	0	0	0	0	0	0	95	142	4	1	3	22
996	-1920	-9232	12944	21	0	21	0	0	0	0	0	0	0	0	0	0	0	0	95	142	4	1	3	22
997	-1712	-9312	12960	21	0	21	0	0	0	0	0	0	0	0	0	0	0	0	95	142	5	1	3	22
998	-1872	-9328	12976	21	0	21	0	0	0	0	0	0	0	0	0	0	0	0	95	142	5	1	3	20
999	-1872	-9280	13168	21	0	21	0	0	0	0	0	0	0	0	0	0	0	0	95	142	4	1	3	19
1000	-1920	-9152	13168	21	0	21	0	0	0	0	0	0	0	0	0	0	0	0	95	142	4	1	3	19
1001	-1696	-9280	12944	21	0	21	0	0	0	0	0	0	0	0	0	0	0	0	95	142	3	1	3	19
1002	-1920	-9264	12928	21	0	21	0	0	0	0	0	0	0	0	0	0	0	0	95	142	2	1	3	20
1003	-1920	-9280	13152	21	0	21	0	0	0	0	0	0	0	0	0	0	0	0	95	142	2	1	3	20
1004	-1744	-9312	13152	21	0	21	0	0	0	0	0	0	0	0	0	0	0	0	95	142	2	1	3	19
1005	-1712	-9280	12944	21	0	21	0	0	0	0	0	0	0	0	0	0	0	0	95	142	2	1	3	17
1006	-1920	-8960	12976	21	0	21	0	0	0	0	0	0	0	0	0	0	0	0	95	142	1	1	3	15
1007	-1920	-9344	13040	21	0	21	0	0	0	0	0	0	0	0	0	0	0	0	95	142	2	1	3	15
1008	-1904	-9296	13024	21	0	21	0	0	0	0	0	0	0	0	0	0	0	0	95	142	2	1	3	17
1009	-1680	-8960	12992	21	0	21	0	0	0	0	0	0	0	0	0	0	0	0	95	142	2	1	3	19
1010	-1680	-9232	12960	21	0	21	0	0	0	0	0	0	0	0	0	0	0	0	95	142	3	1	3	18
1011	-1712	-9312	13168	21	0	21	0	0	0	0	0	0	0	0	0	0	0	0	95	142	4	1	3	17
1012	-1680	-9248	12992	21	0	21	0	0	0	0	0	0	0	0	0	0	0	0	95	142	4	1	2	19
1013	-1920	-9280	12928	21	0	21	0	0	0	0	0	0	0	0	0	0	0	0	95	142	4	1	2	20
1014	-1712	-9232	12928	21	0	21	0	0	0	0	0	0	0	0	0	0	0	0	95	142	4	1	3	19
1015	-1760	-9248	13136	21	0	21	0	0	0	0	0	0	0	0	0	0	0	0	95	142	4	1	3	19
1016	-1920	-9248	13168	21	0	21	0	0	0	0	0	0	0	0	0	0	0	0	95	142	4	1	3	19
1017	-1904	-9232	12928	21	0	21	0	0	0	0	0	0	0	0	0	0	0	0	95	142	4	1	3	20
1018	-1744	-9232	12928	21	0	21	0	0	0	0	0	0	0	0	0	0	0	0	95	142	3	1	3	20
1019	-1744	-9280	13120	21	0	21	0	0	0	0	0	0	0	0	0	0	0	0	95	142	3	1	3	20
1020	-1840	-9312	13136	21	0	21	0	0	0	0	0	0	0	0	0	0	0	0	95	142	3	1	3	20
1021	-1712	-9328	13120	21	0	21	0	0	0	0	0	0	0	0	0	0	0	0	95	142	3	1	3	19
1022	-1728	-9120	13136	21	0	21	0	0	0	0	0	0	0	0	0	0	0	0	95	142	2	1	3	20
1023	-1872	-9120	12944	21	0	21	0	0	0	0	0	0	0	0	0	0	0	0	95	142	3	1	3	21
1024	-1904	-9168	12960	21	0	21	0	0	0	0	0	0	0	0	0	0	0	0	95	142	3	1	3	21
1025	-1680	-8896	12960	21	0	21	0	0	0	0	0	0	0	0	0	0	0	0	95	142	4	1	3	23
1026	-2096	-9072	12928	21	0	21	0	0	0	0	0	0	0	0	0	0	0	0	95	142	4	1	3	23
1027	-2064	-9088	13008	21	0	21	0	0	0	0	0	0	0	0	0	0	0	0	95	142	3	1	3	21
1028	-2160	-9072	12992	21	0	21	0	0	0	0	0	0	0	0	0	0	0	0	95	142	3	1	3	22
1029	-1984	-8928	13008	21	0	21	0	0	0	0	0	0	0	0	0	0	0	0	95	142	3	1	3	24
1030	-2160	-8928	13008	21	0	21	0	0	0	0	0	0	0	0	0	0	0	0	95	142	3	1	3	24
1031	-2112	-8912	13040	21	0	21	0	0	0	0	0	0	0	0	0	0	0	0	95	142	2	1	3	23
1032	-1696	-8928	13008	21	0	21	0	0	0	0	0	0	0	0	0	0	0	0	95	142	2	1	3	23
1033	-1712	-9248	12960	21	0	21	0	0	0	0	0	0	0	0	0	0	0	0	95	142	2	1	3	23
1034	-1680	-9232	12992	21	0	21	0	0	0	0	0	0	0	0	0	0	0	0	95	142	2	1	3	21
1035	-1680	-8944	12992	21	0	21	0	0	0	0	0	0	0	0	0	0	0	0	95	142	2	1	3	20
1036	-1696	-8928	13024	21	0	21	0	0	0	0	0	0	0	0	0	0	0	0	95	142	2	1	3	20
1037	-1920	-9248	12976	21	0	21	0	0	0	0	0	0	0	0	0	0	0	0	95	142	3	2	3	19
1038	-1760	-8960	12944	21	0	21	0	0	0	0	0	0	0	0	0	0	0	0	95	142	3	1	3	21
1039	-1760	-8928	12976	21	0	21	0	0	0	0	0	0	0	0	0	0	0	0	95	142	3	1	3	21
1040	-1776	-8944	12976	21	0	21	0	0	0	0	0	0	0	0	0	0	0	0	95	142	3	1	3	21
1041	-1712	-9232	13008	21	0	21	0	0	0	0	0	0	0	0	0	0	0	0	95	142	4	1	3	21
1042	-1776	-8960	13024	21	0	21	0	0	0	0	0	0	0	0	0	0	0	0	95	142	3	1	3	21
1043	-1728	-9264	12976	21	0	21	0	0	0	0	0	0	0	0	0	0	0	0	95	142	3	1	3	20
1044	-1760	-9232	12992	21	0	21	0	0	0	0	0	0	0	0	0	0	0	0	95	142	3	1	3	19
1045	-1744	-9232	13008	21	0	21	0	0	0	0	0	0	0	0	0	0	0	0	95	142	3	1	2	18
1046	-1680	-9248	13008	21	0	21	0	0	0	0	0	0	0	0	0	0	0	0	95	142	2	1	2	20
1047	-1888	-8960	12960	21	0	21	0	0	0	0	0	0	0	0	0	0	0	0	95	142	2	1	2	23
1048	-1696	-8912	12944	21	0	21	0	0	0	0	0	0	0	0	0	0	0	0	95	142	2	1	2	22
1049	-1712	-8944	12944	21	0	21	0	0	0	0	0	0	0	0	0	0	0	0	95	142	2	1	2	21
1050	-1680	-8912	12944	21	0	21	0	0	0	0	0	0	0	0	0	0	0	0	95	142	2	1	2	22
1051	-1904	-8896	12960	21	0	21	0	0	0	0	0	0	0	0	0	0	0	0	95	142	2	1	2	22
1052	-1696	-8912	12992	21	0	21	0	0	0	0	0	0	0	0	0	0	0	0	95	142	2	1	3	21
1053	-1904	-8896	12960	21	0	21	0	0	0	0	0	0	0	0	0	0	0	0	95	142	2	1	3	22
1054	-1888	-9264	12944	21	0	21	0	0	0	0	0	0	0	0	0	0	0	0	95	142	2	1	3	21
1055	-1680	-9232	12976	21	0	21	0	0	0	0	0	0	0	0	0	0	0	0	95	142	3	1	3	19
1056	-1696	-9232	13312	21	0	21	0	0	0	0	0	0	0	0	0	0	0	0	95	142	3	1	3	20
1057	-1696	-8960	12992	21	0	21	0	0	0	0	0	0	0	0	0	0	0	0	95	142	3	1	3	20
1058	-1680	-9280	12976	21	0	21	0	0	0	0	0	0	0	0	0	0	0	0	95	142	3	1	3	19
1059	-1920	-9232	12960	21	0	21	0	0	0	0	0	0	0	0	0	0	0	0	95	142	3	1	3	19
1060	-1920	-9232	12992	21	0	21	0	0	0	0	0	0	0	0	0	0	0	0	95	142	4	2	3	18
1061	-1680	-9264	12976	21	0	21	0	0	0	0	0	0	0	0	0	0	0	0	95	142	4	2	3	16
1062	-1696	-9248	13008	21	0	21	0	0	0	0	0	0	0	0	0	0	0	0	95	142	3	1	3	18
1063	-1680	-9248	13312	21	0	21	0	0	0	0	0	0	0	0	0	0	0	0	95	142	3	1	3	20
1064	-1696	-8912	13008	21	0	21	0	0	0	0	0	0	0	0	0	0	0	0	95	142	3	1	3	21
1065	-1728	-8928	13024	21	0	21	0	0	0	0	0	0	0	0	0	0	0	0	95	142	3	1	3	20
1066	-1728	-8960	12976	21	0	21	0	0	0	0	0	0	0	0	0	0	0	0	95	142	3	1	3	19
1067	-1920	-9232	12992	21	0	21	0	0	0	0	0	0	0	0	0	0	0	0	95	142	2	1	3	17
1068	-1728	-8960	13008	21	0	21	0	0	0	0	0	0	0	0	0	0	0	0	95	142	2	1	3	17
1069	-1712	-9312	13024	21	0	21	0	0	0	0	0	0	0	0	0	0	0	0	95	142	2	1	3	18
1070	-1744	-8928	12992	21	0	21	0	0	0	0	0	0	0	0	0	0	0	0	95	142	2	1	3	20
1071	-1776	-8928	12944	21	0	21	0	0	0	0	0	0	0	0	0	0	0	0	95	142	2	1	3	19
1072	-2064	-8928	12960	21	0	21	0	0	0	0	0	0	0	0	0	0	0	0	95	142	2	1	3	19
1073	-1696	-8912	12960	21	0	21	0	0	0	0	0	0	0	0	0	0	0	0	95	142	2	2	3	21
1074	-1712	-9232	12960	21	0	21	0	0	0	0	0	0	0	0	0	0	0	0	95	142	2	2	3	21
1075	-1792	-8960	12960	21	0	21	0	0	0	0	0	0	0	0	0	0	0	0	95	142	2	2	4	21
1076	-1744	-8944	13040	21	0	21	0	0	0	0	0	0	0	0	0	0	0	0	95	142	2	2	4	19
1077	-1728	-8960	12976	21	0	21	0	0	0	0	0	0	0	0	0	0	0	0	95	142	2	2	4	18
1078	-1712	-8928	12960	21	0	21	0	0	0	0	0	0	0	0	0	0	0	0	95	142	2	1	3	19
1079	-1776	-9296	12928	21	0	21	0	0	0	0	0	0	0	0	0	0	0	0	95	142	2	1	3	18
1080	-1728	-9264	12960	21	0	21	0	0	0	0	0	0	0	0	0	0	0	0	95	142	2	1	3	17
1081	-1696	-8944	13024	21	0	21	0	0	0	0	0	0	0	0	0	0	0	0	95	142	2	1	3	18
1082	-1712	-8960	12960	21	0	21	0	0	0	0	0	0	0	0	0	0	0	0	95	142	2	1	3	18
1083	-1712	-9232	12928	21	0	21	0	0	0	0	0	0	0	0	0	0	0	0	95	142	2	1	3	19
1084	-1680	-8944	12944	21	0	21	0	0	0	0	0	0	0	0	0	0	0	0	95	142	2	1	3	21
1085	-1728	-8912	12928	21	0	21	0	0	0	0	0	0	0	0	0	0	0	0	95	142	2	1	3	19
1086	-1696	-8896	12976	21	0	21	0	0	0	0	0	0	0	0	0	0	0	0	95	142	3	1	3	19
1087	-1680	-8912	13040	21	0	21	0	0	0	0	0	0	0	0	0	0	0	0	95	142	3	1	3	19
1088	-1920	-8912	13312	21	0	21	0	0	0	0	0	0	0	0	0	0	0	0	95	142	2	1	3	18
1089	-1696	-8960	13008	21	0	21	0	0	0	0	0	0	0	0	0	0	0	0	95	142	3	1	3	18
1090	-1696	-8944	12976	21	0	21	0	0	0	0	0	0	0	0	0	0	0	0	95	142	3	1	3	19
1091	-1696	-9232	12960	21	0	21	0	0	0	0	0	0	0	0	0	0	0	0	95	142	3	1	2	19
1092	-1680	-8928	12992	21	0	21	0	0	0	0	0	0	0	0	0	0	0	0	95	142	2	1	2	20
1093	-1744	-8944	12976	21	0	21	0	0	0	0	0	0	0	0	0	0	0	0	95	142	2	1	3	19
1094	-1680	-8880	12976	21	0	21	0	0	0	0	0	0	0	0	0	0	0	0	95	142	2	1	2	17
1095	-1680	-8880	12944	21	0	21	0	0	0	0	0	0	0	0	0	0	0	0	95	142	2	1	2	17
1096	-1888	-8928	13008	21	0	21	0	0	0	0	0	0	0	0	0	0	0	0	95	142	2	1	3	18
1097	-1904	-8944	13008	21	0	21	0	0	0	0	0	0	0	0	0	0	0	0	95	142	2	1	2	19
1098	-1712	-9248	13008	21	0	21	0	0	0	0	0	0	0	0	0	0	0	0	95	142	1	1	3	19
1099	-1904	-8960	13328	21	0	21	0	0	0	0	0	0	0	0	0	0	0	0	95	142	2	1	3	20
1100	-1696	-9232	13040	21	0	21	0	0	0	0	0	0	0	0	0	0	0	0	95	142	2	1	3	23
1101	-1696	-8912	12992	21	0	21	0	0	0	0	0	0	0	0	0	0	0	0	95	142	2	1	3	23
1102	-1696	-8960	13008	21	0	21	0	0	0	0	0	0	0	0	0	0	0	0	95	142	3	1	3	27
1103	-1776	-8960	13024	21	0	21	0	0	0	0	0	0	0	0	0	0	0	0	95	142	3	1	3	27
1104	-1760	-8912	12992	21	0	21	0	0	0	0	0	0	0	0	0	0	0	0	95	142	3	1	3	25
1105	-2096	-9232	13168	21	0	21	0	0	0	0	0	0	0	0	0	0	0	0	95	142	4	1	3	24
1106	-1792	-8880	12960	21	0	21	0	0	0	0	0	0	0	0	0	0	0	0	95	142	4	1	3	23
1107	-1696	-8880	12992	21	0	21	0	0	0	0	0	0	0	0	0	0	0	0	95	142	4	1	3	21
1108	-1728	-8896	12944	21	0	21	0	0	0	0	0	0	0	0	0	0	0	0	95	142	4	1	3	20
1109	-1760	-8896	13008	21	0	21	0	0	0	0	0	0	0	0	0	0	0	0	95	142	4	1	3	21
1110	-1792	-8912	12992	21	0	21	0	0	0	0	0	0	0	0	0	0	0	0	95	142	4	1	3	19
1111	-1760	-8960	13040	21	0	21	0	0	0	0	0	0	0	0	0	0	0	0	95	142	4	1	3	19
1112	-1728	-8896	12960	21	0	21	0	0	0	0	0	0	0	0	0	0	0	0	95	142	3	1	3	19
1113	-1760	-8912	12960	21	0	21	0	0	0	0	0	0	0	0	0	0	0	0	95	142	3	1	3	19
1114	-1744	-8896	13168	21	0	21	0	0	0	0	0	0	0	0	0	0	0	0	95	142	3	1	3	20
1115	-1760	-8912	12944	21	0	21	0	0	0	0	0	0	0	0	0	0	0	0	95	142	4	1	3	20
1116	-1776	-8944	12944	21	0	21	0	0	0	0	0	0	0	0	0	0	0	0	95	142	4	1	3	22
1117	-1792	-8896	12944	21	0	21	0	0	0	0	0	0	0	0	0	0	0	0	95	142	4	1	3	23
1118	-2064	-8944	12976	21	0	21	0	0	0	0	0	0	0	0	0	0	0	0	95	142	3	1	3	22
1119	-1760	-8912	13008	21	0	21	0	0	0	0	0	0	0	0	0	0	0	0	95	142	3	1	3	19
1120	-1744	-8864	12976	21	0	21	0	0	0	0	0	0	0	0	0	0	0	0	95	142	4	1	3	21
1121	-1920	-8896	12992	21	0	21	0	0	0	0	0	0	0	0	0	0	0	0	95	142	3	1	3	20
1122	-1680	-8928	12944	21	0	21	0	0	0	0	0	0	0	0	0	0	0	0	95	142	3	1	3	18
1123	-1712	-9232	13024	21	0	21	0	0	0	0	0	0	0	0	0	0	0	0	95	142	2	1	3	23
1124	-1728	-8944	12976	21	0	21	0	0	0	0	0	0	0	0	0	0	0	0	95	142	2	1	3	25
1125	-1744	-9088	12944	21	0	21	0	0	0	0	0	0	0	0	0	0	0	0	95	142	3	1	3	23
1126	-1792	-8912	12944	21	0	21	0	0	0	0	0	0	0	0	0	0	0	0	95	142	2	1	3	21
1127	-1712	-8896	12928	21	0	21	0	0	0	0	0	0	0	0	0	0	0	0	95	142	2	1	3	22
1128	-1792	-8960	12976	21	0	21	0	0	0	0	0	0	0	0	0	0	0	0	95	142	2	1	3	19
1129	-1744	-8944	12960	21	0	21	0	0	0	0	0	0	0	0	0	0	0	0	95	142	2	1	3	19
1130	-1920	-8960	12976	21	0	21	0	0	0	0	0	0	0	0	0	0	0	0	95	142	3	1	3	18
1131	-1920	-9344	13024	21	0	21	0	0	0	0	0	0	0	0	0	0	0	0	95	142	3	1	3	21
1132	-1680	-9312	12992	21	0	21	0	0	0	0	0	0	0	0	0	0	0	0	95	142	3	1	3	22
1133	-1712	-8944	13312	21	0	21	0	0	0	0	0	0	0	0	0	0	0	0	95	142	4	1	3	22
1134	-1920	-8912	12976	21	0	21	0	0	0	0	0	0	0	0	0	0	0	0	95	142	4	1	3	21
1135	-1792	-8960	12976	21	0	21	0	0	0	0	0	0	0	0	0	0	0	0	95	142	5	1	3	19
1136	-1712	-8960	13024	21	0	21	0	0	0	0	0	0	0	0	0	0	0	0	95	142	4	1	3	18
1137	-1696	-8944	13008	21	0	21	0	0	0	0	0	0	0	0	0	0	0	0	95	142	4	1	3	19
1138	-1696	-8912	12976	21	0	21	0	0	0	0	0	0	0	0	0	0	0	0	95	142	4	1	3	19
1139	-1712	-9264	12960	21	0	21	0	0	0	0	0	0	0	0	0	0	0	0	95	142	4	1	3	20
1140	-1728	-9232	12944	21	0	21	0	0	0	0	0	0	0	0	0	0	0	0	95	142	3	1	2	21
1141	-1728	-8944	13008	21	0	21	0	0	0	0	0	0	0	0	0	0	0	0	95	142	4	1	2	22
1142	-1712	-8960	12960	21	0	21	0	0	0	0	0	0	0	0	0	0	0	0	95	142	4	1	2	22
1143	-1712	-9248	13008	21	0	21	0	0	0	0	0	0	0	0	0	0	0	0	95	142	3	1	2	20
1144	-1728	-8944	13008	21	0	21	0	0	0	0	0	0	0	0	0	0	0	0	95	142	3	1	2	21
1145	-1696	-8960	12992	21	0	21	0	0	0	0	0	0	0	0	0	0	0	0	95	142	4	1	2	22
1146	-1712	-8928	12976	21	0	21	0	0	0	0	0	0	0	0	0	0	0	0	95	142	4	1	2	21
1147	-1728	-8960	12928	21	0	21	0	0	0	0	0	0	0	0	0	0	0	0	95	142	4	1	2	22
1148	-1904	-8960	12944	21	0	21	0	0	0	0	0	0	0	0	0	0	0	0	95	142	4	1	3	22
1149	-1888	-8896	13008	21	0	21	0	0	0	0	0	0	0	0	0	0	0	0	95	142	4	1	3	20
1150	-1728	-8944	12928	21	0	21	0	0	0	0	0	0	0	0	0	0	0	0	95	142	4	1	3	17
1151	-1680	-8912	13152	21	0	21	0	0	0	0	0	0	0	0	0	0	0	0	95	142	4	1	3	20
1152	-1888	-8896	12944	21	0	21	0	0	0	0	0	0	0	0	0	0	0	0	95	142	4	1	3	20
1153	-1920	-8928	13024	21	0	21	0	0	0	0	0	0	0	0	0	0	0	0	95	142	4	1	3	20
1154	-1696	-9248	12992	21	0	21	0	0	0	0	0	0	0	0	0	0	0	0	95	142	3	1	3	19
1155	-1696	-9232	12960	21	0	21	0	0	0	0	0	0	0	0	0	0	0	0	95	142	3	1	3	19
1156	-1680	-8944	12944	21	0	21	0	0	0	0	0	0	0	0	0	0	0	0	95	142	3	1	3	19
1157	-1696	-8880	12944	21	0	21	0	0	0	0	0	0	0	0	0	0	0	0	95	142	3	1	3	20
1158	-1680	-8912	12976	21	0	21	0	0	0	0	0	0	0	0	0	0	0	0	95	142	2	1	3	21
1159	-1888	-9232	12960	21	0	21	0	0	0	0	0	0	0	0	0	0	0	0	95	142	2	1	3	20
1160	-1856	-9232	12928	21	0	21	0	0	0	0	0	0	0	0	0	0	0	0	95	142	2	1	3	20
1161	-1888	-9248	12992	21	0	21	0	0	0	0	0	0	0	0	0	0	0	0	95	142	3	1	3	20
1162	-1904	-8944	12960	21	0	21	0	0	0	0	0	0	0	0	0	0	0	0	95	142	3	1	3	21
1163	-1680	-8928	13008	21	0	21	0	0	0	0	0	0	0	0	0	0	0	0	95	142	3	1	3	24
1164	-1680	-8928	12976	21	0	21	0	0	0	0	0	0	0	0	0	0	0	0	95	142	3	1	3	24
1165	-1680	-9280	12928	21	0	21	0	0	0	0	0	0	0	0	0	0	0	0	95	142	4	1	3	23
1166	-1920	-9248	12944	21	0	21	0	0	0	0	0	0	0	0	0	0	0	0	95	142	4	1	3	21
1167	-2064	-9296	12992	21	0	21	0	0	0	0	0	0	0	0	0	0	0	0	95	142	4	1	3	20
1168	-1840	-8912	13024	21	0	21	0	0	0	0	0	0	0	0	0	0	0	0	95	142	4	1	3	21
1169	-1520	-9040	12960	21	0	21	0	0	0	0	0	0	0	0	0	0	0	0	95	142	3	1	2	22
1170	-1760	-8816	13152	21	0	21	0	0	0	0	0	0	0	0	0	0	0	0	95	142	3	1	3	23
1171	-1648	-9824	12480	21	0	21	0	0	0	0	0	0	0	0	0	0	0	0	95	142	3	1	3	158
1172	-928	-11840	12336	21	0	21	0	0	0	0	0	0	0	0	0	0	0	0	95	142	54	87	47	235
1173	-416	-10656	12160	21	0	21	0	0	0	0	0	2	8192	0	0	0	0	0	95	142	63	110	53	263
1174	-1072	-9968	12400	21	0	21	0	0	0	0	0	0	8192	0	0	0	0	0	95	142	74	128	79	297
1175	-928	-10256	12368	21	0	21	0	0	0	0	0	0	8192	0	0	0	0	0	95	142	77	136	86	247
1176	-176	-13024	12352	21	0	21	0	0	0	0	0	0	8192	0	0	0	0	0	95	142	78	137	89	203
1177	-1664	-9376	13168	21	0	21	0	0	0	0	0	1024	16384	0	0	0	0	0	95	142	82	141	92	225
1178	-2512	-8960	11760	21	0	21	0	0	0	0	0	0	0	0	0	0	0	0	95	142	112	169	112	315
1179	-3872	-3328	12704	21	0	21	0	0	0	0	0	0	8192	0	0	0	0	0	95	142	207	268	164	384
1180	-4224	1152	13888	21	0	21	0	0	0	0	0	0	16384	0	0	0	0	0	95	142	274	202	143	450
1181	-3312	4768	13808	21	0	21	0	0	0	0	0	0	32768	0	0	0	0	0	95	142	266	188	175	399
1182	-3968	4336	14640	21	0	21	0	0	0	0	0	0	32768	0	0	0	0	0	95	142	269	180	158	336
1183	-3296	4016	14928	21	0	21	0	0	0	0	0	0	32768	0	0	0	0	0	95	142	267	174	152	280
1184	-4048	2432	14944	21	0	21	0	0	0	0	0	0	32768	0	0	0	0	0	95	142	283	176	159	282
1185	-5024	3488	14480	21	0	21	0	0	0	0	0	0	32768	0	0	0	0	0	95	142	287	174	161	249
1186	-5520	3504	14464	21	0	21	0	0	0	0	0	0	32768	0	0	0	0	0	95	142	275	150	145	186
1187	-5104	3520	14496	21	0	21	0	0	0	0	0	0	32768	0	0	0	0	0	95	142	181	50	92	130
1188	-5200	3600	14576	21	0	21	0	0	0	0	0	0	32768	0	0	0	0	0	95	142	63	30	69	92
1189	-4432	3312	14736	21	0	21	0	0	0	0	0	0	32768	8	0	0	0	0	95	142	61	21	31	87
1190	-3344	3216	15040	21	0	21	0	0	0	0	0	0	16384	0	0	0	0	0	95	142	48	12	22	74
1191	-4368	3312	14880	21	0	21	0	0	0	0	0	0	8192	0	0	0	0	0	95	142	47	12	22	140
1192	-4784	3280	14544	21	0	21	0	0	0	0	0	0	8192	0	0	0	0	0	95	142	36	9	16	150
1193	-5616	3232	14112	21	0	21	0	0	0	0	0	0	8192	0	0	0	0	0	95	142	32	12	12	190
1194	-4768	4352	14432	21	0	21	0	0	0	0	0	4	8192	8	0	0	0	0	95	142	20	19	36	199
1195	-4496	3664	14336	21	0	21	0	0	0	0	0	0	8192	0	0	0	0	0	95	142	28	43	43	340
1196	-3520	2608	14256	21	0	21	0	0	0	0	0	0	0	0	0	0	0	0	95	142	126	95	65	318
1197	-3392	2816	15648	21	0	21	0	0	0	0	0	0	8192	0	0	0	0	0	95	142	134	98	66	257
1198	-5488	4624	15104	21	0	21	0	0	0	0	0	0	8192	0	0	0	0	0	95	142	133	96	66	196
1199	-6960	6064	12720	21	0	21	0	0	0	0	0	0	8192	0	0	0	0	0	95	142	134	97	82	145
1200	-7088	7456	10672	21	0	21	0	0	0	0	0	0	8192	0	0	0	0	0	95	142	129	97	80	113
1201	-6816	9120	9936	21	0	21	0	0	0	0	0	0	16384	0	0	0	0	0	95	142	127	92	80	88
1202	-7504	9856	9760	21	0	21	0	0	0	0	0	0	16384	0	0	0	0	0	95	142	120	83	52	71
1203	-7632	10352	9376	21	0	21	0	0	0	0	0	0	16384	0	0	0	0	0	95	142	112	60	45	63
1204	-7008	11136	9056	21	0	21	0	0	0	0	0	0	16384	0	0	0	0	0	95	142	13	8	23	65
1205	-7760	12208	7888	21	0	21	0	0	0	0	0	0	16384	8	0	19	0	0	95	142	16	15	33	85
1206	-8400	12448	7216	21	0	21	0	0	0	0	0	0	32768	0	0	95	0	0	95	142	19	18	64	102
1207	-8800	11008	7920	21	0	21	0	0	0	0	0	0	32768	0	0	95	0	0	95	142	20	21	116	109
1208	-7840	11408	8832	21	0	21	0	0	0	0	0	0	32772	0	0	44	0	0	125	142	20	23	120	95
1209	-6224	12016	8400	21	0	21	0	0	0	0	0	0	16384	0	0	4	0	0	95	142	20	23	123	110
1210	-6352	11872	6768	21	0	21	0	0	0	0	0	0	16384	0	0	0	0	0	95	142	25	23	124	125
1211	-5680	11888	7568	21	0	21	0	0	0	0	0	0	16384	0	0	4	0	0	95	142	28	44	132	123
1212	-6624	12544	7568	21	0	21	0	0	0	0	0	0	8192	0	0	7	0	0	95	142	28	44	132	106
1213	-7968	12800	7344	21	0	21	0	0	0	0	0	0	8192	0	0	16	0	0	95	142	18	35	122	85
1214	-9248	12048	7520	21	0	21	0	0	0	0	0	0	8192	0	0	72	0	0	95	142	16	32	91	73
1215	-8688	11728	7296	21	0	21	0	0	0	0	0	0	8192	0	0	78	0	0	95	142	14	27	21	58
1216	-7328	12656	7088	21	0	21	0	0	0	0	0	0	8192	0	0	79	0	0	95	142	13	25	17	48
1217	-8240	12720	7088	21	0	21	0	0	0	0	0	0	8192	0	0	79	0	0	95	142	14	24	15	42
1218	-7360	11440	7920	21	0	21	0	0	0	0	0	0	8192	0	0	76	0	0	95	142	8	24	13	44
1219	-6464	9872	11008	21	0	21	0	0	0	0	0	0	8192	0	0	78	0	0	95	142	5	3	6	58
1220	-7984	8592	10448	21	0	21	0	0	0	0	0	0	8192	0	0	54	0	0	95	142	5	3	6	72
1221	-8064	5536	11712	21	0	21	0	0	0	0	0	0	16384	0	0	23	0	0	95	142	5	3	9	65
1222	-7088	5056	13936	21	0	21	0	0	0	0	0	0	16384	0	0	4	0	0	95	142	6	3	9	83
1223	-6256	5072	14496	21	0	21	0	0	0	0	0	0	16384	0	0	1	0	0	95	142	8	4	10	91
1224	-5712	5216	14224	21	0	21	0	0	0	0	0	0	16384	0	0	0	0	0	95	142	8	5	10	129
1225	-4928	6048	13712	21	0	21	0	0	0	0	0	0	16384	0	0	0	0	0	95	142	9	38	21	128
1226	-6912	2144	14144	21	0	21	0	0	0	0	0	0	16384	0	0	0	0	0	95	142	9	39	22	105
1227	-7872	784	14416	21	0	21	0	0	0	0	0	0	32768	0	0	0	0	0	95	142	10	40	21	100
1228	-7632	-320	15872	21	0	21	0	0	0	0	0	0	32768	0	0	0	0	0	95	142	10	41	25	101
1229	-6928	816	15552	21	0	21	0	0	0	0	0	0	32768	0	0	0	0	0	95	142	11	41	46	100
1230	-7232	1968	13856	21	0	21	0	0	0	0	0	0	32768	0	0	0	0	0	95	142	11	42	50	86
1231	-6064	6784	11280	21	0	21	0	0	0	0	0	1	16384	0	0	0	0	0	95	142	9	40	51	135
1232	-6896	5936	10784	21	0	21	0	0	0	0	0	0	8192	0	0	0	0	0	95	142	10	40	59	159
1233	-7296	3056	11696	21	0	21	0	0	0	0	0	0	16384	0	0	0	0	0	95	142	17	18	58	159
1234	-8624	1488	12624	21	0	21	0	0	0	0	0	0	8192	0	0	0	0	0	95	142	19	18	61	145
1235	-8384	208	14032	21	0	21	0	0	0	0	0	0	16384	0	0	0	0	0	95	142	19	18	69	116
1236	-8512	368	14192	21	0	21	0	0	0	0	0	0	16384	0	0	0	0	0	95	142	19	17	65	98
1237	-7008	208	14704	21	0	21	0	0	0	0	0	0	8192	0	0	0	0	0	95	142	18	18	45	78
1238	-5584	272	15360	21	0	21	0	0	0	0	0	0	8192	0	0	0	0	0	95	142	18	18	40	118
1239	-5312	768	15040	21	0	21	0	0	0	0	0	0	8192	0	0	0	0	0	95	142	18	18	41	113
1240	-5376	720	14544	21	0	21	0	0	0	0	0	16	8192	0	0	0	0	0	95	142	17	17	32	91
1241	-6320	656	14240	21	0	21	0	0	0	0	0	16	8192	0	0	0	0	0	95	142	8	7	21	81
1242	-7264	512	14688	21	0	21	0	0	0	0	0	16	16384	0	0	0	0	0	95	142	6	6	17	72
1243	-6640	1504	14176	21	0	21	0	0	0	0	0	16	16384	0	0	0	0	0	95	142	6	6	10	64
1244	-6208	2064	14048	21	0	21	0	0	0	0	0	16	8192	0	0	0	0	0	95	142	5	6	10	59
1245	-6512	1632	14192	21	0	21	0	0	0	0	0	16	8192	0	0	0	0	0	95	142	5	3	6	235
1246	-6736	960	14608	21	0	21	0	0	0	0	0	16	8192	0	0	0	0	0	95	142	103	51	10	352
1247	-6048	1184	14944	21	0	21	0	0	0	0	0	16	8192	0	0	0	0	0	95	142	165	175	31	380
1248	-6080	1600	15584	21	0	21	0	0	0	0	0	16	8192	0	0	0	0	0	95	142	175	189	50	353
1249	-6512	1712	15760	21	0	21	0	0	0	0	0	16	8192	0	0	0	0	0	95	142	180	201	55	319
1250	-6256	3632	14608	21	0	21	0	0	0	0	0	16	8192	0	0	0	0	0	95	142	187	205	71	268
1251	-6352	3104	14640	21	0	21	0	0	0	0	0	16	8192	0	0	0	0	0	95	142	189	206	79	245
1252	-6912	4592	13824	21	0	21	0	0	0	0	0	16	8192	0	0	0	0	0	95	142	202	227	80	306
1253	-6496	3648	14416	21	0	21	0	0	0	0	0	16	16384	0	0	0	0	0	95	142	208	229	82	251
1254	-6512	2704	14224	21	0	21	0	0	0	0	0	16	8192	0	0	0	0	0	95	142	109	181	77	183
1255	-6272	2432	14592	21	0	21	0	0	0	0	0	16	0	0	0	0	0	0	95	142	46	57	55	129
1256	-6768	2288	14416	21	0	21	0	0	0	0	0	16	8192	0	0	0	0	0	95	142	37	42	36	95
1257	-5824	2576	14608	21	0	21	0	0	0	0	0	16	8192	8	0	0	0	0	95	142	31	30	32	72
1258	-5856	2240	14288	21	0	21	0	0	0	0	0	16	8192	0	0	0	0	0	95	142	23	26	15	56
1259	-6432	2512	14272	21	0	21	0	0	0	0	0	16	8192	0	0	0	0	0	95	142	20	24	7	47
1260	-5632	2544	14704	21	0	21	0	0	0	0	0	16	8192	0	0	0	0	0	95	142	8	3	5	36
1261	-6464	2208	14288	21	0	21	0	0	0	0	0	16	8192	0	0	0	0	0	95	142	2	1	3	31
1262	-6032	2576	14608	21	0	21	0	0	0	0	0	20	8192	8	0	0	0	0	95	142	2	1	3	27
1263	-5568	2272	14512	21	0	21	0	0	0	0	0	16	8192	0	0	0	0	0	95	142	2	1	3	23
1264	-5632	2208	14496	21	0	22	0	0	0	0	0	16	8192	0	0	0	0	0	95	142	2	1	3	19
1265	-6000	2224	14480	22	0	22	0	0	0	0	0	16	8192	0	0	0	0	0	95	142	2	1	3	16
1266	-5632	2608	14672	22	0	22	0	0	0	0	0	16	0	0	0	0	0	0	95	142	3	1	3	16
1267	-5920	2224	14704	22	0	22	0	0	0	0	0	16	8192	0	0	7	0	0	95	142	3	1	3	16
1268	-5936	2592	14640	22	0	22	0	0	0	0	0	16	0	0	0	26	0	0	95	142	3	1	3	18
1269	-5968	2256	14624	22	0	22	0	0	0	0	0	16	0	0	0	57	0	0	95	142	3	1	3	18
1270	-5952	2208	14688	22	0	22	0	0	0	0	0	16	0	0	0	76	0	0	95	142	3	1	3	16
1271	-5936	2192	14688	22	0	22	0	0	0	0	0	16	0	0	0	78	0	0	95	142	2	1	3	16
1272	-6000	2288	14464	22	0	22	0	0	0	0	0	16	0	0	0	78	0	0	95	142	3	1	3	17
1273	-5952	2560	14704	22	0	22	0	0	0	0	0	16	4	0	0	77	0	0	125	142	3	2	3	18
1274	-5984	2240	14672	22	0	22	0	0	0	0	0	16	0	0	0	54	0	0	95	142	3	2	3	17
1275	-5984	2208	14656	22	0	22	0	0	0	0	0	16	0	0	0	36	0	0	95	142	3	2	3	16
1276	-5968	2240	14608	22	0	22	0	0	0	0	0	16	0	0	0	22	0	0	95	142	3	2	3	16
1277	-5968	2208	14672	22	0	22	0	0	0	0	0	16	0	0	0	1	0	0	95	142	2	1	3	17
1278	-5968	2416	14640	22	0	22	0	0	0	0	0	16	0	0	0	0	0	0	95	142	3	1	3	20
1279	-5984	2192	14704	22	0	22	0	0	0	0	0	16	0	0	0	0	0	0	95	142	4	2	3	19
1280	-5984	2192	14464	22	0	22	0	0	0	0	0	16	0	0	0	0	0	0	95	142	6	2	3	18
1281	-5968	2192	14496	22	0	22	0	0	0	0	0	16	0	0	0	0	0	0	95	142	9	2	3	18
1282	-5984	2208	14480	22	0	22	0	0	0	0	0	16	0	0	0	0	0	0	95	142	10	2	3	17
1283	-5936	2416	14480	22	0	22	0	0	0	0	0	16	0	0	0	0	0	0	95	142	11	2	3	18
1284	-5968	2400	14656	22	0	22	0	0	0	0	0	16	0	0	0	0	0	0	95	142	12	2	3	18
1285	-5632	2192	14464	22	0	22	0	0	0	0	0	16	0	0	0	0	0	0	95	142	12	3	3	18
1286	-5936	2192	14688	22	0	22	0	0	0	0	0	16	0	0	0	0	0	0	95	142	12	2	3	18
1287	-5920	2176	14688	22	0	22	0	0	0	0	0	16	0	0	0	0	0	0	95	142	11	2	3	18
1288	-5984	2416	14496	22	0	22	0	0	0	0	0	16	0	0	0	0	0	0	95	142	8	2	3	20
1289	-6000	2176	14704	22	0	22	0	0	0	0	0	16	0	0	0	0	0	0	95	142	5	1	2	20
1290	-5968	2208	14480	22	0	22	0	0	0	0	0	16	0	0	0	0	0	0	95	142	3	1	2	19
1291	-5984	2400	14480	22	0	22	0	0	0	0	0	16	0	0	0	0	0	0	95	142	2	1	2	18
1292	-5936	2400	14544	22	0	22	0	0	0	0	0	16	0	0	0	0	0	0	95	142	1	1	2	18
1293	-5968	2176	14512	22	0	22	0	0	0	0	0	16	0	0	0	0	0	0	95	142	1	1	2	20
1294	-6016	2208	14496	22	0	22	0	0	0	0	0	16	0	0	0	0	0	0	95	142	0	0	2	20
1295	-5968	2272	14464	22	0	22	0	0	0	0	0	16	0	0	0	0	0	0	95	142	1	0	2	20
1296	-5984	2272	14512	22	0	22	0	0	0	0	0	16	0	0	0	0	0	0	95	142	1	0	2	20
1297	-5952	2224	14480	22	0	22	0	0	0	0	0	16	0	0	0	0	0	0	95	142	1	1	2	19
1298	-5776	2208	14688	22	0	22	0	0	0	0	0	16	0	0	0	0	0	0	95	142	1	0	2	20
1299	-6000	2272	14464	22	0	22	0	0	0	0	0	16	0	0	0	0	0	0	95	142	1	0	2	21
1300	-5616	2288	14480	22	0	22	0	0	0	0	0	16	0	0	0	0	0	0	95	142	1	1	3	21
1301	-5920	2208	14512	22	0	22	0	0	0	0	0	16	0	0	0	0	0	0	95	142	1	1	3	20
1302	-5952	2208	14528	22	0	22	0	0	0	0	0	16	0	0	0	0	0	0	95	142	1	1	3	22
1303	-6016	2240	14480	22	0	22	0	0	0	0	0	16	0	0	0	0	0	0	95	142	2	1	2	30
1304	-6016	2176	14688	22	0	22	0	0	0	0	0	16	0	0	0	0	0	0	95	142	3	1	3	58
1305	-6016	2288	14640	22	0	22	0	0	0	0	0	16	0	0	0	0	0	0	95	142	4	3	5	460
1306	-5808	2592	14496	22	0	22	0	0	0	0	0	16	0	0	0	0	0	0	95	142	716	37	52	709
1307	-5840	2288	14480	22	0	22	0	0	0	0	0	16	0	0	0	0	0	0	95	142	855	61	65	1120
1308	-6000	2608	14864	22	0	22	0	0	0	0	0	16	0	0	0	0	0	0	95	142	3277	624	459	1850
1309	-5744	2656	14864	22	0	22	0	0	0	0	0	16	0	0	0	0	0	0	95	142	3468	639	479	1817
1310	-5680	2656	14912	22	0	22	0	0	0	0	0	16	0	0	0	0	0	0	95	142	3495	645	517	1772
1311	-5680	2288	14800	22	0	22	0	0	0	0	0	16	0	0	0	0	0	0	95	142	3584	701	553	1668
1312	-5648	2272	14816	22	0	22	0	0	0	0	0	16	0	0	0	0	0	0	95	142	3694	731	618	1328
1313	-5632	2592	14576	22	0	22	0	0	0	0	0	16	0	0	0	0	0	0	95	142	3730	732	624	934
1314	-5632	2288	14512	22	0	22	0	0	0	0	0	16	0	0	0	0	0	0	95	142	3019	700	579	606
1315	-5952	2256	14496	22	0	22	0	0	0	0	0	16	0	0	0	0	0	0	95	142	2879	675	566	377
1316	-5920	2256	14496	22	0	22	0	0	0	0	0	16	0	0	0	0	0	1	95	142	457	112	172	229
1317	-5920	2224	14544	22	0	22	0	0	0	0	0	16	0	0	0	0	0	2	95	142	267	98	151	141
1318	-5952	2560	14512	22	0	22	0	0	0	0	0	16	0	8	0	0	0	5	95	142	240	91	113	88
1319	-5632	2288	14464	22	0	22	0	0	0	0	0	16	0	0	0	0	0	9	95	142	150	35	77	57
1320	-5936	2240	14688	22	0	22	0	0	0	0	0	16	0	0	0	0	0	20	95	142	39	5	12	38
1321	-5600	2256	14688	22	0	22	0	0	0	0	0	16	0	0	0	0	0	23	95	142	2	2	4	27
1322	-5616	2288	14672	22	0	22	0	0	0	0	0	16	0	0	0	0	0	35	95	142	2	1	2	24
1323	-5600	2560	14656	22	0	22	0	0	0	0	0	20	0	8	0	0	0	45	95	142	3	1	3	22
1324	-5600	2256	14704	22	0	22	0	0	0	0	0	16	0	0	0	0	0	81	95	142	3	1	2	22
1325	-5536	2560	14704	22	0	22	0	0	0	0	0	16	0	0	0	0	0	88	95	142	3	1	2	23
1326	-5760	2224	14704	22	0	22	0	0	0	0	0	16	0	0	0	0	0	86	95	142	3	1	3	23
1327	-5568	2224	14704	22	0	22	0	0	0	0	0	16	0	0	0	0	2	63	95	142	4	1	3	23
1328	-5520	2224	14704	22	0	22	0	0	0	0	0	16	0	0	0	0	12	1	95	142	4	1	3	23
1329	-5520	2288	14464	22	0	22	0	0	0	0	0	16	0	0	0	0	44	0	95	142	4	1	3	22
1330	-5600	2224	14704	22	0	22	0	0	0	0	0	16	0	0	0	0	40	0	95	142	4	1	3	21
1331	-5600	2240	14704	22	0	22	0	0	0	0	0	16	0	0	0	0	44	0	95	142	3	1	3	20
1332	-5600	2208	14560	22	0	22	0	0	0	0	0	16	0	0	0	1	45	0	95	142	3	1	3	21
1333	-5616	2272	14512	22	0	22	0	0	0	0	0	16	1	0	0	5	51	0	95	142	2	1	3	20
1334	-5584	2224	14688	22	0	22	0	0	0	0	0	16	0	0	0	15	67	0	95	142	2	1	3	20
1335	-5568	2240	14464	22	0	22	0	0	0	0	0	16	0	0	0	20	61	0	95	142	3	1	3	19
1336	-5536	2208	14688	22	0	22	0	0	0	0	0	16	0	0	0	13	58	0	95	142	3	1	3	18
1337	-5600	2224	14464	22	0	22	0	0	0	0	0	16	0	0	0	3	25	0	95	142	2	1	3	19
1338	-5584	2240	14464	22	0	22	0	0	0	0	0	16	0	0	0	0	10	0	95	142	2	1	3	21
1339	-5536	2256	14464	22	0	22	0	0	0	0	0	16	0	0	0	0	4	0	95	142	2	1	3	20
1340	-5536	2240	14560	22	0	22	0	0	0	0	0	16	0	0	0	0	3	0	95	142	2	1	3	19
1341	-5536	2224	14528	22	0	22	0	0	0	0	0	16	0	0	0	0	2	0	95	142	3	1	3	19
1342	-5584	2272	14464	22	0	22	0	0	0	0	0	16	0	0	0	0	1	0	95	142	2	1	3	19
1343	-5584	2240	14464	22	0	22	0	0	0	0	0	16	0	0	0	0	0	0	95	142	2	1	3	17
1344	-5584	2208	14496	22	0	22	0	0	0	0	0	16	0	0	0	0	0	0	95	142	2	1	3	16
1345	-5536	2288	14464	22	0	22	0	0	0	0	0	16	0	0	0	0	0	0	95	142	3	1	3	17
1346	-5968	2560	14688	22	0	22	0	0	0	0	0	16	0	0	0	0	0	0	95	142	3	1	3	16
1347	-5632	2256	14688	22	0	22	0	0	0	0	0	16	0	0	0	0	0	0	95	142	3	1	3	16
1348	-5616	2272	14464	22	0	22	0	0	0	0	0	16	0	0	0	0	0	0	95	142	4	1	3	17
1349	-5600	2272	14704	22	0	22	0	0	0	0	0	16	0	0	0	0	0	0	95	142	3	1	3	18
1350	-5520	2256	14688	22	0	22	0	0	0	0	0	16	0	0	0	0	0	0	95	142	3	1	3	20
1351	-5552	2256	14704	22	0	22	0	0	0	0	0	16	0	0	0	0	0	0	95	142	4	1	3	20
1352	-5536	2176	14464	22	0	22	0	0	0	0	0	16	0	0	0	0	0	0	95	142	3	1	3	19
1353	-5760	2224	14688	22	0	22	0	0	0	0	0	16	0	0	0	0	0	0	95	142	4	1	3	18
1354	-5520	2272	14672	22	0	22	0	0	0	0	0	16	0	0	0	0	0	0	95	142	4	1	3	18
1355	-5760	2288	14704	22	0	22	0	0	0	0	0	16	0	0	0	0	0	0	95	142	3	1	3	18
1356	-5568	2256	14464	22	0	22	0	0	0	0	0	16	0	0	0	0	0	0	95	142	3	1	3	16
1357	-5616	2240	14704	22	0	22	0	0	0	0	0	16	0	0	0	0	0	0	95	142	4	1	3	15
1358	-5552	2208	14704	22	0	22	0	0	0	0	0	16	0	0	0	0	0	0	95	142	4	1	3	19
1359	-5552	2192	14464	22	0	22	0	0	0	0	0	16	0	0	0	0	0	0	95	142	2	1	3	20
1360	-5552	2240	14544	22	0	22	0	0	0	0	0	16	0	0	0	0	0	0	95	142	3	1	3	33
1361	-5568	2576	14528	22	0	22	0	0	0	0	0	16	0	0	0	0	0	0	95	142	3	1	3	833
1362	-5616	2432	14304	22	0	22	0	0	0	0	0	16	0	0	0	0	0	0	95	142	292	685	428	2338
1363	-5936	2656	14288	22	0	22	0	0	0	0	0	16	0	0	0	0	0	0	95	142	1136	1429	1335	3333
1364	-5568	2480	14592	22	0	22	0	0	0	0	0	16	0	0	0	0	0	0	95	142	1139	1450	1359	3006
1365	-5552	2624	14688	22	0	22	0	0	0	0	0	16	0	0	0	0	0	0	95	142	1530	1646	1836	2428
1366	-5728	2608	14704	22	0	22	0	0	0	0	0	16	0	0	0	0	0	0	95	142	1547	1657	1870	1714
1367	-5744	2560	14512	22	0	22	0	0	0	0	0	16	0	0	0	0	0	0	95	142	1550	1664	1903	1150
1368	-5520	2592	14560	22	0	22	0	0	0	0	0	16	0	0	0	0	0	0	95	142	1551	1693	1952	766
1369	-5520	2608	14576	22	0	22	0	0	0	0	0	16	0	0	0	0	0	0	95	142	1551	1697	1961	492
1370	-5584	2608	14512	22	0	22	0	0	0	0	0	16	0	0	0	0	0	1	95	142	1262	1015	1539	312
1371	-5904	2592	14496	22	0	22	0	0	0	0	0	16	0	0	0	0	0	0	95	142	418	272	632	195
1372	-5600	2592	14512	22	0	22	0	0	0	0	0	16	0	8	0	0	0	2	95	142	415	250	609	121
1373	-5568	2608	14496	22	0	22	0	0	0	0	0	16	0	0	0	0	0	3	95	142	24	55	132	78
1374	-5520	2560	14464	22	0	22	0	0	0	0	0	16	0	0	0	0	0	0	95	142	7	43	97	53
1375	-5536	2592	14480	22	0	22	0	0	0	0	0	16	0	0	0	0	0	3	95	142	4	36	64	38
1376	-5536	2560	14512	22	0	22	0	0	0	0	0	16	0	0	0	0	0	17	95	142	2	7	16	30
1377	-5568	2288	14464	22	0	22	0	0	0	0	0	20	0	8	0	0	0	7	95	142	2	3	6	26
1378	-5552	2592	14464	22	0	22	0	0	0	0	0	16	0	0	0	0	0	34	95	142	2	1	3	27
1379	-5536	2256	14496	22	0	22	0	0	0	0	0	16	0	0	0	0	0	81	95	142	2	1	3	28
1380	-5760	2224	14512	22	0	22	0	0	0	0	0	16	0	0	0	0	0	91	95	142	2	1	3	30
1381	-5568	2272	14560	22	0	22	0	0	0	0	0	16	0	0	0	0	0	94	95	142	3	1	3	35
1382	-5584	2208	14528	22	0	22	0	0	0	0	0	16	0	0	0	0	0	91	95	142	3	2	3	35
1383	-5536	2224	14464	22	0	22	0	0	0	0	0	16	0	0	0	0	7	2	95	142	4	2	3	33
1384	-5552	2272	14464	22	0	22	0	0	0	0	0	16	0	0	0	0	41	0	95	142	4	2	4	31
1385	-5568	2272	14496	22	0	22	0	0	0	0	0	16	0	0	0	0	38	0	95	142	4	2	4	28
1386	-5552	2224	14480	22	0	22	0	0	0	0	0	16	0	0	0	0	44	0	95	142	4	2	4	26
1387	-5584	2208	14496	22	0	22	0	0	0	0	0	16	0	0	0	3	45	0	95	142	4	2	4	26
1388	-5760	2400	14480	22	0	22	0	0	0	0	0	16	1	0	0	10	56	0	95	142	3	2	4	26
1389	-5568	2416	14480	22	0	22	0	0	0	0	0	16	0	0	0	66	5	0	95	142	3	1	4	27
1390	-5552	2208	14480	22	0	22	0	0	0	0	0	16	4	0	0	65	33	0	125	142	3	1	3	26
1391	-5760	2240	14704	22	0	22	0	0	0	0	0	16	0	0	0	15	55	0	95	142	4	1	3	26
1392	-5552	2192	14496	22	0	22	0	0	0	0	0	16	0	0	0	1	71	0	95	142	4	1	3	25
1393	-5584	2192	14480	22	0	22	0	0	0	0	0	16	0	0	0	0	24	0	95	142	3	1	3	23
1394	-5552	2240	14464	22	0	22	0	0	0	0	0	16	0	0	0	0	3	0	95	142	3	1	3	21
1395	-5568	2256	14544	22	0	22	0	0	0	0	0	16	0	0	0	0	2	0	95	142	3	1	3	24
1396	-5552	2560	14560	22	0	22	0	0	0	0	0	16	0	0	0	0	1	0	95	142	4	1	3	24
1397	-5536	2224	14560	22	0	22	0	0	0	0	0	16	0	0	0	0	0	0	95	142	2	1	3	22
1398	-5568	2192	14496	22	0	22	0	0	0	0	0	16	0	0	0	0	0	0	95	142	2	1	3	22
1399	-5552	2224	14464	22	0	22	0	0	0	0	0	16	0	0	0	0	0	0	95	142	2	1	3	21
1400	-5600	2256	14528	22	0	22	0	0	0	0	0	16	0	0	0	0	0	0	95	142	3	1	3	19
1401	-5568	2288	14496	22	0	22	0	0	0	0	0	16	0	0	0	0	0	0	95	142	2	1	3	19
1402	-5536	2608	14480	22	0	22	0	0	0	0	0	16	0	0	0	0	0	0	95	142	2	1	3	18
1403	-5552	2576	14544	22	0	22	0	0	0	0	0	16	0	0	0	0	0	0	95	142	2	1	3	18
1404	-5520	2240	14528	22	0	22	0	0	0	0	0	16	0	0	0	0	0	0	95	142	2	1	3	18
1405	-5744	2208	14512	22	0	22	0	0	0	0	0	16	0	0	0	0	0	0	95	142	2	1	3	21
1406	-5520	2224	14544	22	0	22	0	0	0	0	0	16	0	0	0	0	0	0	95	142	3	1	3	24
1407	-5536	2240	14544	22	0	22	0	0	0	0	0	16	0	0	0	0	0	0	95	142	3	1	3	23
1408	-5536	2560	14544	22	0	22	0	0	0	0	0	16	0	0	0	0	0	0	95	142	3	1	3	23
1409	-5760	2560	14528	22	0	22	0	0	0	0	0	16	0	0	0	0	0	0	95	142	3	1	3	23
1410	-5536	2240	14560	22	0	22	0	0	0	0	0	16	0	0	0	0	0	0	95	142	4	1	3	23
1411	-5520	2240	14560	22	0	22	0	0	0	0	0	16	0	0	0	0	0	0	95	142	4	1	3	22
1412	-5520	2224	14544	22	0	22	0	0	0	0	0	16	0	0	0	0	0	0	95	142	4	1	3	22
1413	-5568	2240	14480	22	0	22	0	0	0	0	0	16	0	0	0	0	0	0	95	142	4	2	3	22
1414	-5520	2288	14480	22	0	22	0	0	0	0	0	16	0	0	0	0	0	0	95	142	3	2	3	28
1415	-5696	2256	14688	22	0	22	0	0	0	0	0	16	0	0	0	0	0	0	95	142	4	2	3	29
1416	-5520	2272	14688	22	0	22	0	0	0	0	0	16	0	0	0	0	0	0	95	142	4	2	3	44
1417	-5520	2432	14848	22	0	22	0	0	0	0	0	16	0	0	0	0	0	0	95	142	6	2	10	945
1418	-5552	2432	14528	22	0	22	0	0	0	0	0	16	0	0	0	0	0	0	95	142	114	44	61	1505
1419	-5728	2192	14592	22	0	22	0	0	0	0	0	16	0	0	0	0	0	0	95	142	1229	323	238	1769
1420	-5696	2352	14400	22	0	22	0	0	0	0	0	16	0	0	0	0	0	0	95	142	1658	599	413	2025
1421	-5744	2416	14336	22	0	22	0	0	0	0	0	16	0	0	0	0	0	0	95	142	1701	604	472	2187
1422	-5632	2672	14944	22	0	22	0	0	0	0	0	16	0	0	0	0	0	0	95	142	1711	623	538	2128
1423	-5600	2256	14448	22	0	22	0	0	0	0	0	16	0	0	0	0	0	0	95	142	1765	696	592	2084
1424	-5680	2368	14384	22	0	22	0	0	0	0	0	16	0	0	0	0	0	0	95	142	3060	795	682	2001
1425	-5552	2448	14624	22	0	22	0	0	0	0	0	16	0	0	0	0	0	0	95	142	4078	922	730	1706
1426	-5536	2640	14688	22	0	22	0	0	0	0	0	16	0	0	0	0	0	0	95	142	3972	892	733	1239
1427	-5760	2560	14688	22	0	22	0	0	0	0	0	16	0	0	0	0	0	0	95	142	2859	614	568	823
1428	-5760	2272	14496	22	0	22	0	0	0	0	0	16	0	0	0	0	0	0	95	142	2429	339	394	519
1429	-5744	2272	14480	22	0	22	0	0	0	0	0	16	0	8	0	0	0	0	95	142	2386	334	335	318
1430	-5520	2592	14512	22	0	22	0	0	0	0	0	16	0	0	0	0	0	0	95	142	2376	315	269	193
1431	-5520	2256	14528	22	0	22	0	0	0	0	0	16	0	0	0	0	0	0	95	142	2321	241	215	120
1432	-5568	2272	14496	22	0	22	0	0	0	0	0	16	0	0	0	0	0	5	95	142	1026	142	124	77
1433	-5552	2608	14528	22	0	22	0	0	0	0	0	16	0	0	0	0	0	5	95	142	6	14	70	55
1434	-5760	2624	14512	22	0	22	0	0	0	0	0	20	0	8	0	0	0	22	95	142	4	4	16	44
1435	-5552	2592	14560	22	0	22	0	0	0	0	0	16	0	0	0	0	0	59	95	142	2	1	3	35
1436	-5744	2288	14560	22	0	22	0	0	0	0	0	16	0	0	0	0	0	88	95	142	2	1	3	31
1437	-5744	2256	14512	22	0	22	0	0	0	0	0	16	0	0	0	0	0	90	95	142	2	1	3	27
1438	-5568	2592	14544	22	0	22	0	0	0	0	0	16	0	0	0	0	0	95	95	142	2	1	3	24
1439	-5584	2592	14496	22	0	22	0	0	0	0	0	16	0	8	0	0	0	75	95	142	2	1	3	21
1440	-5616	2576	14688	22	0	22	0	0	0	0	0	16	0	0	0	0	14	0	95	142	2	1	3	20
1441	-5552	2272	14704	22	0	22	0	0	0	0	0	16	0	0	0	0	42	0	95	142	3	1	3	19
1442	-5760	2240	14480	22	0	22	0	0	0	0	0	16	0	0	0	0	47	0	95	142	3	1	2	19
1443	-5552	2256	14480	22	0	22	0	0	0	0	0	16	0	0	0	0	47	0	95	142	3	1	3	20
1444	-5520	2256	14464	22	0	22	0	0	0	0	0	16	1	0	0	0	74	0	95	142	3	1	3	20
1445	-5520	2416	14480	22	0	22	0	0	0	0	0	16	0	0	0	0	94	0	95	142	3	1	3	20
1446	-5712	2208	14512	22	0	22	0	0	0	0	0	16	0	0	0	1	93	0	95	142	3	1	2	22
1447	-5552	2208	14512	22	0	22	0	0	0	0	0	16	0	0	0	0	89	0	95	142	3	1	3	21
1448	-5536	2256	14496	22	0	22	0	0	0	0	0	16	0	0	0	0	88	0	95	142	3	1	3	20
1449	-5536	2240	14688	22	0	22	0	0	0	0	0	16	0	0	0	0	71	0	95	142	3	1	3	18
1450	-5760	2576	14512	22	0	22	0	0	0	0	0	16	0	0	0	0	15	0	95	142	3	1	3	19
1451	-5568	2608	14528	22	0	22	0	0	0	0	0	16	0	0	0	0	7	0	95	142	3	1	3	20
1452	-5760	2624	14496	22	0	22	0	0	0	0	0	16	0	0	0	0	4	0	95	142	3	1	3	20
1453	-5600	2576	14496	22	0	22	0	0	0	0	0	16	0	0	0	0	2	0	95	142	3	1	3	20
1454	-5536	2576	14480	22	0	22	0	0	0	0	0	16	0	0	0	0	2	0	95	142	3	1	3	20
1455	-5568	2256	14480	22	0	22	0	0	0	0	0	16	0	0	0	0	2	0	95	142	3	1	3	18
1456	-5584	2256	14496	22	0	22	0	0	0	0	0	16	0	0	0	0	1	0	95	142	3	1	3	17
1457	-5568	2560	14464	22	0	22	0	0	0	0	0	16	0	0	0	0	0	0	95	142	3	1	3	18
1458	-5552	2288	14496	22	0	22	0	0	0	0	0	16	0	0	0	0	0	0	95	142	3	1	3	19
1459	-5536	2256	14464	22	0	22	0	0	0	0	0	16	0	0	0	0	0	0	95	142	4	1	3	20
1460	-5568	2256	14464	22	0	22	0	0	0	0	0	16	0	0	0	0	0	0	95	142	3	1	3	21
1461	-5520	2256	14688	22	0	22	0	0	0	0	0	16	0	0	0	0	0	0	95	142	3	1	3	20
1462	-5696	2256	14480	22	0	22	0	0	0	0	0	16	0	0	0	0	0	0	95	142	3	1	3	20
1463	-5760	2208	14480	22	0	22	0	0	0	0	0	16	0	0	0	0	0	0	95	142	3	1	3	19
1464	-5728	2224	14480	22	0	22	0	0	0	0	0	16	0	0	0	0	0	0	95	142	3	1	3	18
1465	-5760	2256	14480	22	0	22	0	0	0	0	0	16	0	0	0	0	0	0	95	142	3	1	3	19
1466	-5536	2288	14512	22	0	22	0	0	0	0	0	16	0	0	0	0	0	0	95	142	3	1	3	19
1467	-5536	2288	14528	22	0	22	0	0	0	0	0	16	0	0	0	0	0	0	95	142	3	1	3	19
1468	-5568	2288	14544	22	0	22	0	0	0	0	0	16	0	0	0	0	0	0	95	142	2	1	3	20
1469	-5760	2256	14528	22	0	22	0	0	0	0	0	16	0	0	0	0	0	0	95	142	3	1	3	20
1470	-5552	2272	14560	22	0	22	0	0	0	0	0	16	0	0	0	0	0	0	95	142	3	1	3	22
1471	-5536	2256	14560	22	0	22	0	0	0	0	0	16	0	0	0	0	0	0	95	142	2	1	3	21
1472	-5744	2288	14576	22	0	22	0	0	0	0	0	16	0	0	0	0	0	0	95	142	2	1	3	22
1473	-5728	2560	14528	22	0	22	0	0	0	0	0	16	0	0	0	0	0	0	95	142	2	1	3	23
1474	-5536	2224	14560	22	0	22	0	0	0	0	0	16	0	0	0	0	0	0	95	142	2	1	3	25
1475	-5520	2560	14560	22	0	22	0	0	0	0	0	16	0	0	0	0	0	0	95	142	2	1	3	25
1476	-5728	2576	14528	22	0	22	0	0	0	0	0	16	0	0	0	0	0	0	95	142	2	1	2	23
1477	-5728	2576	14480	22	0	22	0	0	0	0	0	16	0	0	0	0	0	0	95	142	2	1	2	21
1478	-5760	2560	14512	22	0	22	0	0	0	0	0	16	0	0	0	0	0	0	95	142	2	1	2	21
1479	-5712	2576	14528	22	0	22	0	0	0	0	0	16	0	0	0	0	0	0	95	142	2	1	2	22
1480	-5728	2624	14528	22	0	22	0	0	0	0	0	16	0	0	0	0	0	0	95	142	2	1	3	23
1481	-5712	2640	14512	22	0	22	0	0	0	0	0	16	0	0	0	0	0	0	95	142	2	1	3	32
1482	-5744	2608	14496	22	0	22	0	0	0	0	0	16	0	0	0	0	0	0	95	142	2	2	3	114
1483	-5760	2656	14704	22	0	22	0	0	0	0	0	16	0	0	0	0	0	0	95	142	6	12	90	161
1484	-5696	2560	14256	22	0	22	0	0	0	0	0	16	0	0	0	0	0	0	95	142	11	19	144	703
1485	-5536	2624	14672	22	0	22	0	0	0	0	0	16	0	0	0	0	0	0	95	142	2804	316	254	1682
1486	-5536	2656	14496	22	0	22	0	0	0	0	0	16	0	0	0	0	0	0	95	142	5166	1146	538	2362
1487	-5552	2640	14704	22	0	22	0	0	0	0	0	16	0	0	0	0	0	0	95	142	5899	1849	844	2143
1488	-5568	2256	14528	22	0	22	0	0	0	0	0	16	0	0	0	0	0	0	95	142	6235	2096	1132	2006
1489	-5552	2272	14480	22	0	22	0	0	0	0	0	16	0	0	0	0	0	0	95	142	6320	2163	1320	1534
1490	-5552	2208	14496	22	0	22	0	0	0	0	0	16	0	0	0	0	0	0	95	142	6325	2180	1387	1443
1491	-5728	2000	14528	22	0	22	0	0	0	0	0	16	0	0	0	0	0	0	95	142	6342	2813	1433	1760
1492	-5696	2320	14304	22	0	22	0	0	0	0	0	16	0	0	0	0	0	0	95	142	7273	2976	1595	2042
1493	-5536	2384	14256	22	0	22	0	0	0	0	0	16	0	0	0	0	0	0	95	142	7433	3604	1870	2255
1494	-5600	2336	14672	22	0	22	0	0	0	0	0	16	0	0	0	0	0	0	95	142	5073	2799	1720	1835
1495	-5936	2288	14640	22	0	22	0	0	0	0	0	16	0	0	0	0	0	0	95	142	4420	2137	1471	1314
1496	-5952	2192	14480	22	0	22	0	0	0	0	0	16	0	8	0	0	0	0	95	142	4098	1941	1237	869
1497	-5632	2192	14464	22	0	22	0	0	0	0	0	16	0	0	0	0	0	0	95	142	4014	1875	1055	544
1498	-5920	2192	14544	22	0	22	0	0	0	0	0	16	0	0	0	0	0	0	95	142	4009	1857	987	331
1499	-5552	2272	14544	22	0	22	0	0	0	0	0	16	0	0	0	0	0	0	95	142	3988	1214	854	200
1500	-5536	2240	14528	22	0	22	0	0	0	0	0	16	0	0	0	0	0	1	95	142	3053	1044	639	121
1501	-5600	2416	14688	22	0	22	0	0	0	0	0	20	0	8	0	0	0	6	95	142	99	119	253	75
1502	-5600	2576	14464	22	0	22	0	0	0	0	0	16	0	0	0	0	0	40	95	142	98	94	119	50
1503	-5600	2272	14480	22	0	22	0	0	0	0	0	16	0	0	0	0	0	56	95	142	18	54	62	36
1504	-5568	2560	14512	22	0	22	0	0	0	0	0	16	0	0	0	0	0	70	95	142	4	2	8	29
1505	-5536	2576	14528	22	0	22	0	0	0	0	0	16	0	0	0	0	0	84	95	142	3	1	3	24
1506	-5520	2272	14544	22	0	22	0	0	0	0	0	16	0	8	0	0	0	85	95	142	3	1	3	21
1507	-5760	2224	14560	22	0	22	0	0	0	0	0	16	0	0	0	0	3	13	95	142	3	2	3	23
1508	-5760	2224	14496	22	0	22	0	0	0	0	0	16	0	0	0	0	36	7	95	142	3	2	4	24
1509	-5552	2272	14560	22	0	22	0	0	0	0	0	16	0	0	0	0	45	0	95	142	3	1	4	24
1510	-5552	2224	14512	22	0	22	0	0	0	0	0	16	0	0	0	0	48	0	95	142	2	2	4	25
1511	-5536	2176	14560	22	0	22	0	0	0	0	0	16	1	0	0	0	81	0	95	142	2	1	3	24
1512	-5744	2224	14544	22	0	22	0	0	0	0	0	16	0	0	0	0	96	0	95	142	3	1	3	25
1513	-5760	2416	14544	22	0	22	0	0	0	0	0	16	0	0	0	0	96	0	95	142	2	1	3	24
1514	-5728	2224	14560	22	0	22	0	0	0	0	0	16	0	0	0	0	94	0	95	142	2	1	3	25
1515	-5744	2240	14512	22	0	22	0	0	0	0	0	16	0	0	0	0	92	0	95	142	2	1	3	22
1516	-5744	2224	14576	22	0	22	0	0	0	0	0	16	0	0	0	0	80	0	95	142	3	1	2	21
1517	-5728	2288	14496	22	0	22	0	0	0	0	0	16	0	0	0	0	57	0	95	142	2	1	2	22
1518	-5728	2288	14496	22	0	22	0	0	0	0	0	16	0	0	0	0	39	0	95	142	2	1	3	20
1519	-5520	2272	14480	22	0	22	0	0	0	0	0	16	0	0	0	0	16	0	95	142	2	1	3	18
1520	-5552	2256	14704	22	0	22	0	0	0	0	0	16	0	0	0	0	8	0	95	142	2	1	3	17
1521	-5536	2288	14464	22	0	22	0	0	0	0	0	16	0	0	0	0	6	0	95	142	2	1	3	17
1522	-5552	2272	14464	22	0	22	0	0	0	0	0	16	0	0	0	1	8	0	95	142	2	1	3	18
1523	-5696	2272	14704	22	0	22	0	0	0	0	0	16	0	0	0	1	19	0	95	142	1	1	3	17
1524	-5744	2224	14480	22	0	22	0	0	0	0	0	16	0	0	0	0	3	0	95	142	1	1	3	16
1525	-5760	2224	14512	22	0	22	0	0	0	0	0	16	0	0	0	0	0	0	95	142	2	1	3	14
1526	-5760	2256	14528	22	0	22	0	0	0	0	0	16	0	0	0	0	0	0	95	142	2	1	3	16
1527	-5520	2208	14560	22	0	22	0	0	0	0	0	16	0	0	0	0	0	0	95	142	2	1	3	18
1528	-5760	2256	14528	22	0	22	0	0	0	0	0	16	0	0	0	0	0	0	95	142	2	1	3	18
1529	-5536	2240	14544	22	0	22	0	0	0	0	0	16	0	0	0	0	0	0	95	142	2	1	3	17
1530	-5760	2256	14480	22	0	22	0	0	0	0	0	16	0	0	0	0	0	0	95	142	2	1	3	17
1531	-5744	2256	14512	22	0	22	0	0	0	0	0	16	0	0	0	0	0	0	95	142	3	1	3	19
1532	-5744	2288	14704	22	0	22	0	0	0	0	0	16	0	0	0	0	0	0	95	142	3	1	2	18
1533	-5744	2272	14464	22	0	22	0	0	0	0	0	16	0	0	0	0	0	0	95	142	3	1	2	17
1534	-5696	2240	14480	22	0	22	0	0	0	0	0	16	0	0	0	0	0	0	95	142	2	1	2	17
1535	-5744	2192	14528	22	0	22	0	0	0	0	0	16	0	0	0	0	0	0	95	142	2	1	2	18
1536	-5728	2560	14704	22	0	22	0	0	0	0	0	16	0	0	0	0	0	0	95	142	2	1	2	17
1537	-5536	2240	14496	22	0	22	0	0	0	0	0	16	0	0	0	0	0	0	95	142	3	1	2	18
1538	-5536	2272	14496	22	0	22	0	0	0	0	0	16	0	0	0	0	0	0	95	142	3	1	2	17
1539	-5536	2560	14496	22	0	22	0	0	0	0	0	16	0	0	0	0	0	0	95	142	3	1	2	18
1540	-5744	2256	14512	22	0	22	0	0	0	0	0	16	0	0	0	0	0	0	95	142	3	1	3	35
1541	-5728	2576	14512	22	0	22	0	0	0	0	0	16	0	0	0	0	0	0	95	142	4	2	4	347
1542	-5664	2672	14560	22	0	22	0	0	0	0	0	16	0	0	0	0	0	0	95	142	8	6	10	1577
1543	-5280	2720	14880	22	0	22	0	0	0	0	0	16	0	0	0	0	0	0	95	142	83	32	57	2803
1544	-5328	2784	14896	22	0	22	0	0	0	0	0	16	0	0	0	0	0	0	95	142	112	44	81	3556
1545	-5312	2864	14848	22	0	22	0	0	0	0	0	16	0	0	0	0	0	0	95	142	117	60	104	3965
1546	-5712	2432	14688	22	0	22	0	0	0	0	0	16	0	0	0	0	0	0	95	142	143	72	121	4471
1547	-5760	2224	14608	22	0	22	0	0	0	0	0	16	0	0	0	0	0	0	95	142	169	80	137	4538
1548	-5568	2352	14656	22	0	22	0	0	0	0	0	16	0	0	0	0	0	0	95	142	172	114	148	3724
1549	-5552	2400	14592	22	0	22	0	0	0	0	0	16	0	0	0	0	0	0	95	142	262	246	201	2823
1550	-5520	2416	14688	22	0	22	0	0	0	0	0	16	0	0	0	0	0	0	95	142	1338	1118	368	2182
1551	-5552	2288	14496	22	0	22	0	0	0	0	0	16	0	0	0	0	0	0	95	142	1268	1216	510	1522
1552	-5552	2272	14480	22	0	22	0	0	0	0	0	16	0	0	0	0	0	0	95	142	1239	1205	492	988
1553	-5760	2224	14544	22	0	22	0	0	0	0	0	16	0	0	0	0	0	0	95	142	1235	1191	472	612
1554	-5760	2592	14496	22	0	22	0	0	0	0	0	16	0	8	0	0	0	0	95	142	1209	1178	455	369
1555	-5552	2208	14480	22	0	22	0	0	0	0	0	16	0	0	0	0	0	0	95	142	1182	1170	439	223
1556	-5760	2240	14496	22	0	22	0	0	0	0	0	16	0	0	0	0	0	0	95	142	1180	1137	428	140
1557	-5696	2240	14480	22	0	22	0	0	0	0	0	16	0	0	0	0	0	2	95	142	1089	1004	374	95
1558	-5680	2208	14464	22	0	22	0	0	0	0	0	16	0	0	0	0	0	3	95	142	10	128	201	70
1559	-5696	2224	14480	22	0	22	0	0	0	0	0	20	0	8	0	0	0	29	95	142	5	5	12	57
1560	-5712	2208	14480	22	0	22	0	0	0	0	0	16	0	0	0	0	0	67	95	142	4	5	6	51
1561	-5728	2256	14560	22	0	22	0	0	0	0	0	16	0	0	0	0	0	87	95	142	4	3	4	44
1562	-5728	2288	14576	22	0	22	0	0	0	0	0	16	0	0	0	0	0	92	95	142	5	3	4	38
1563	-5520	2560	14528	22	0	22	0	0	0	0	0	16	0	0	0	0	0	95	95	142	4	3	4	35
1564	-5520	2288	14496	22	0	22	0	0	0	0	0	16	0	8	0	0	1	29	95	142	4	3	4	32
1565	-5584	2224	14480	22	0	22	0	0	0	0	0	16	0	0	0	0	29	1	95	142	4	3	4	28
1566	-5760	2256	14464	22	0	22	0	0	0	0	0	16	0	0	0	0	44	0	95	142	4	2	4	28
1567	-5696	2560	14496	22	0	22	0	0	0	0	0	16	0	0	0	0	48	0	95	142	4	2	4	27
1568	-5712	2208	14544	22	0	22	0	0	0	0	0	16	1	0	0	0	69	0	95	142	4	2	3	25
1569	-5744	2256	14544	22	0	22	0	0	0	0	0	16	0	0	0	0	95	0	95	142	3	2	3	25
1570	-5760	2560	14496	22	0	22	0	0	0	0	0	16	0	0	0	0	97	0	95	142	2	1	2	23
1571	-5760	2272	14544	22	0	22	0	0	0	0	0	16	0	0	0	0	95	0	95	142	2	1	3	20
1572	-5536	2224	14576	22	0	22	0	0	0	0	0	16	0	0	0	0	93	0	95	142	2	1	2	19
1573	-5520	2224	14544	22	0	22	0	0	0	0	0	16	0	0	0	0	88	0	95	142	2	1	2	20
1574	-5696	2256	14528	22	0	22	0	0	0	0	0	16	0	0	0	0	66	0	95	142	2	1	3	20
1575	-5536	2192	14576	22	0	22	0	0	0	0	0	16	0	0	0	0	21	0	95	142	2	1	3	19
1576	-5744	2240	14528	22	0	22	0	0	0	0	0	16	0	0	0	0	9	0	95	142	2	1	3	22
1577	-5712	2240	14528	22	0	22	0	0	0	0	0	16	0	0	0	0	5	0	95	142	2	1	3	22
1578	-5728	2208	14544	22	0	22	0	0	0	0	0	16	0	0	0	0	3	0	95	142	3	1	3	21
1579	-5696	2224	14864	22	0	22	0	0	0	0	0	16	0	0	0	0	4	0	95	142	3	1	3	21
1580	-5520	2256	14528	22	0	22	0	0	0	0	0	16	0	0	0	0	10	0	95	142	3	1	3	21
1581	-5744	2560	14528	22	0	22	0	0	0	0	0	16	0	0	0	0	1	0	95	142	3	1	3	20
1582	-5552	2272	14496	22	0	22	0	0	0	0	0	16	0	0	0	0	0	0	95	142	3	1	2	18
1583	-5536	2240	14480	22	0	22	0	0	0	0	0	16	0	0	0	0	0	0	95	142	2	1	2	17
1584	-5568	2256	14512	22	0	22	0	0	0	0	0	16	0	0	0	0	0	0	95	142	2	1	3	18
1585	-5760	2224	14512	22	0	22	0	0	0	0	0	16	0	0	0	0	0	0	95	142	2	1	3	18
1586	-5760	2256	14496	22	0	22	0	0	0	0	0	16	0	0	0	0	0	0	95	142	2	1	3	17
1587	-5744	2256	14544	22	0	22	0	0	0	0	0	16	0	0	0	0	0	0	95	142	3	1	3	18
1588	-5696	2256	14576	22	0	22	0	0	0	0	0	16	0	0	0	0	0	0	95	142	4	1	3	19
1589	-5760	2208	14544	22	0	22	0	0	0	0	0	16	0	0	0	0	0	0	95	142	4	2	3	21
1590	-5728	2208	14560	22	0	22	0	0	0	0	0	16	0	0	0	0	0	0	95	142	4	2	3	20
1591	-5728	2288	14544	22	0	22	0	0	0	0	0	16	0	0	0	0	0	0	95	142	4	2	3	22
1592	-5712	2272	14528	22	0	22	0	0	0	0	0	16	0	0	0	0	0	0	95	142	5	2	3	22
1593	-5680	2288	14480	22	0	22	0	0	0	0	0	16	0	0	0	0	0	0	95	142	5	2	3	22
1594	-5744	2592	14528	22	0	22	0	0	0	0	0	16	0	0	0	0	0	0	95	142	4	2	3	23
1595	-5696	2608	14512	22	0	22	0	0	0	0	0	16	0	0	0	0	0	0	95	142	4	2	3	28
1596	-5728	2256	14560	22	0	22	0	0	0	0	0	16	0	0	0	0	0	0	95	142	3	2	3	34
1597	-5648	2272	14496	22	0	22	0	0	0	0	0	16	0	0	0	0	0	0	95	142	3	2	4	45
1598	-5376	2192	14528	22	0	22	0	0	0	0	0	16	0	0	0	0	0	0	95	142	4	2	10	77
1599	-5728	2608	14880	22	0	22	0	0	0	0	0	16	0	0	0	0	0	0	95	142	6	6	18	629
1600	-5696	2592	14896	22	0	22	0	0	0	0	0	16	0	0	0	0	0	0	95	142	13	442	352	805
1601	-5744	2608	14848	22	0	22	0	0	0	0	0	16	0	0	0	0	0	0	95	142	33	854	630	1024
1602	-5760	2672	14864	22	0	22	0	0	0	0	0	16	0	0	0	0	0	0	95	142	94	2908	1241	1946
1603	-5552	2272	14528	22	0	22	0	0	0	0	0	16	0	0	0	0	0	0	95	142	118	3413	1559	2844
1604	-5536	2400	14576	22	0	22	0	0	0	0	0	16	0	0	0	0	0	0	95	142	2142	3781	1674	3057
1605	-5536	2176	14640	22	0	22	0	0	0	0	0	16	0	0	0	0	0	0	95	142	4199	4429	1993	3191
1606	-5552	2400	14304	22	0	22	0	0	0	0	0	16	0	0	0	0	0	0	95	142	5250	6055	4264	3702
1607	-5520	2336	14416	22	0	22	0	0	0	0	0	16	0	0	0	0	0	0	95	142	12320	9952	6722	3244
1608	-5712	2192	14320	22	0	22	0	0	0	0	0	16	0	0	0	0	0	0	95	142	13066	10113	6465	2627
1609	-5728	2320	14640	22	0	22	0	0	0	0	0	16	0	0	0	0	0	0	95	142	13059	9760	6202	1986
1610	-5760	2352	14464	22	0	22	0	0	0	0	0	16	0	0	0	0	0	0	95	142	13010	7713	5603	1744
1611	-5760	2192	14512	22	0	22	0	0	0	0	0	16	0	0	0	0	0	0	95	142	13059	7365	5312	1393
1612	-5712	2192	14544	22	0	22	0	0	0	0	0	16	0	0	0	0	0	0	95	142	11045	7006	5203	1062
1613	-5728	2208	14864	22	0	22	0	0	0	0	0	16	0	8	0	0	0	0	95	142	8990	6363	4886	728
1614	-5536	2256	14560	22	0	22	0	0	0	0	0	16	0	0	0	0	0	0	95	142	7938	4737	2610	468
1615	-5536	2400	14496	22	0	22	0	0	0	0	0	16	0	0	0	0	0	0	95	142	866	835	145	290
1616	-5760	2336	14576	22	0	22	0	0	0	0	0	16	0	0	0	0	0	1	95	142	113	239	67	178
1617	-5696	2208	14896	22	0	22	0	0	0	0	0	16	0	0	0	0	0	13	95	142	100	181	52	116
1618	-5712	2240	14880	22	0	22	0	0	0	0	0	20	0	8	0	0	0	34	95	142	88	174	41	79
1619	-5744	2240	14880	22	0	22	0	0	0	0	0	16	0	0	0	0	0	42	95	142	15	17	14	57
1620	-5760	2176	14560	22	0	22	0	0	0	0	0	16	0	0	0	0	0	42	95	142	5	7	6	52
1621	-5648	2192	14576	22	0	22	0	0	0	0	0	16	0	0	0	0	0	52	95	142	4	2	3	54
1622	-5664	2224	14864	22	0	22	0	0	0	0	0	16	0	0	0	0	0	48	95	142	6	2	3	53
1623	-5728	2256	14528	22	0	22	0	0	0	0	0	16	0	8	0	0	3	34	95	142	7	2	4	53
1624	-5536	2272	14528	22	0	22	0	0	0	0	0	16	0	0	0	0	33	20	95	142	8	3	4	52
1625	-5712	2288	14480	22	0	22	0	0	0	0	0	16	0	0	0	0	44	0	95	142	9	3	4	45
1626	-5696	2176	14496	22	0	22	0	0	0	0	0	16	1	0	0	0	57	0	95	142	9	3	4	43
1627	-5712	2176	14560	22	0	22	0	0	0	0	0	16	0	0	0	0	82	0	95	142	10	3	4	38
1628	-5376	2176	14848	22	0	22	0	0	0	0	0	16	0	0	0	0	92	0	95	142	10	3	4	33
1629	-5712	2384	14848	22	0	22	0	0	0	0	0	16	0	0	0	0	95	0	95	142	9	3	4	30
1630	-5664	2192	14560	22	0	22	0	0	0	0	0	16	0	0	0	0	94	0	95	142	7	3	3	27
1631	-5664	2176	14560	22	0	22	0	0	0	0	0	16	0	0	0	0	88	0	95	142	7	2	3	27
1632	-5680	2176	14544	22	0	22	0	0	0	0	0	16	0	0	0	0	71	0	95	142	5	2	3	24
1633	-5648	2384	14544	22	0	22	0	0	0	0	0	16	0	0	0	0	63	0	95	142	5	2	3	21
1634	-5680	2416	14544	22	0	22	0	0	0	0	0	16	0	0	0	0	55	0	95	142	4	1	3	21
1635	-5760	2208	14576	22	0	22	0	0	0	0	0	16	0	0	0	0	38	0	95	142	3	1	3	20
1636	-5728	2224	14528	22	0	22	0	0	0	0	0	16	0	0	0	0	19	0	95	142	3	1	3	19
1637	-5728	2256	14512	22	0	22	0	0	0	0	0	16	0	0	0	2	17	0	95	142	3	1	3	19
1638	-5648	2288	14528	22	0	22	0	0	0	0	0	16	0	0	0	7	19	0	95	142	2	1	3	20
1639	-5376	2560	14512	22	0	22	0	0	0	0	0	16	0	0	0	10	20	0	95	142	2	1	2	20
1640	-5664	2192	14560	22	0	22	0	0	0	0	0	16	0	0	0	1	5	0	95	142	2	1	3	22
1641	-5696	2192	14560	22	0	22	0	0	0	0	0	16	0	0	0	0	2	0	95	142	3	1	3	24
1642	-5712	2208	14512	22	0	22	0	0	0	0	0	16	0	0	0	0	1	0	95	142	4	1	3	24
1643	-5648	2240	14512	22	0	22	0	0	0	0	0	16	0	0	0	0	1	0	95	142	4	1	3	23
1644	-5376	2400	14560	22	0	13	0	0	0	0	0	16	0	0	0	0	0	0	95	142	3	1	3	24
1645	-5648	2176	14560	13	0	13	0	0	0	0	0	16	0	0	0	0	0	0	95	142	4	1	3	22
1646	-5360	2176	14560	13	0	13	0	0	0	0	0	16	0	0	0	0	0	0	95	142	4	1	3	22
1647	-5664	2224	14544	13	0	13	0	0	0	0	0	16	0	0	0	0	0	0	95	142	4	1	3	20
1648	-5728	2256	14576	13	0	13	0	0	0	0	0	16	0	0	0	0	0	0	95	142	4	1	3	19
1649	-5728	2224	14576	13	0	13	0	0	0	0	0	16	0	0	0	0	0	0	95	142	3	1	3	18
1650	-5744	2224	14848	13	0	13	0	0	0	0	0	16	0	0	0	0	0	0	95	142	2	1	3	17
1651	-5728	2192	14576	13	0	13	0	0	0	0	0	16	0	0	0	0	0	0	95	142	2	1	3	16
1652	-5696	2224	14576	13	0	13	0	0	0	0	0	16	0	0	0	0	0	0	95	142	2	1	3	17
1653	-5728	2240	14560	13	0	13	0	0	0	0	0	16	0	0	0	0	0	0	95	142	2	1	3	20
1654	-5712	2560	14528	13	0	13	0	0	0	0	0	16	0	0	0	0	0	0	95	142	2	1	3	22
1655	-5696	2256	14560	13	0	13	0	0	0	0	0	16	0	0	0	0	0	0	95	142	2	1	3	23
1656	-5680	2240	14528	13	0	13	0	0	0	0	0	16	0	0	0	0	0	0	95	142	3	1	3	20
1657	-5696	2176	14576	13	0	13	0	0	0	0	0	16	0	0	0	0	0	0	95	142	3	2	3	19
1658	-5680	2192	14560	13	0	13	0	0	0	0	0	16	0	0	0	0	0	0	95	142	3	2	3	246
1659	-5728	2416	14704	13	0	13	0	0	0	0	0	16	0	0	0	0	0	0	95	142	3	2	4	520
1660	-5616	2416	14592	13	0	13	0	0	0	0	0	16	0	0	0	0	0	0	95	142	178	40	24	864
1661	-5568	2192	14640	13	0	13	0	0	0	0	0	16	0	0	0	0	0	0	95	142	487	139	72	1382
1662	-5600	2256	14272	13	0	13	0	0	0	0	0	16	0	0	0	0	0	0	95	142	589	207	86	1818
1663	-5728	2560	14864	13	0	13	0	0	0	0	0	16	0	0	0	0	0	0	95	142	853	214	122	2217
1664	-5568	2176	14624	13	0	13	0	0	0	0	0	16	0	0	0	0	0	0	95	142	2079	369	163	1905
1665	-5744	2208	14528	13	0	13	0	0	0	0	0	16	0	0	0	0	0	0	95	142	2152	396	180	1397
1666	-5552	2192	14512	13	0	13	0	0	0	0	0	16	0	0	0	0	0	0	95	142	2155	405	198	1002
1667	-5760	2176	14880	13	0	13	0	0	0	0	0	16	0	0	0	0	0	0	95	142	2161	413	254	884
1668	-5696	2288	15104	13	0	13	0	0	0	0	0	16	0	0	0	0	0	0	95	142	2048	424	264	1117
1669	-5728	2576	14960	13	0	13	0	0	0	0	0	16	0	0	0	0	0	0	95	142	1793	350	232	1039
1670	-5712	2240	14880	13	0	13	0	0	0	0	0	16	0	0	0	0	0	1	95	142	1829	295	227	770
1671	-5744	2240	14560	13	0	13	0	0	0	0	0	16	0	8	0	0	0	1	95	142	1565	288	191	516
1672	-5744	2240	14560	13	0	13	0	0	0	0	0	16	0	0	0	0	0	1	95	142	338	133	151	330
1673	-5744	2192	14544	13	0	13	0	0	0	0	0	16	0	0	0	0	0	2	95	142	265	105	133	205
1674	-5696	2176	14544	13	0	13	0	0	0	0	0	16	0	0	0	0	0	2	95	142	263	97	115	127
1675	-5680	2176	14528	13	0	13	0	0	0	0	0	16	0	0	0	0	0	12	95	142	256	88	58	79
1676	-5664	2208	14512	13	0	13	0	0	0	0	0	20	0	8	0	0	0	26	95	142	195	39	27	52
1677	-5680	2384	14576	13	0	13	0	0	0	0	0	16	0	0	0	0	0	46	95	142	141	14	12	40
1678	-5648	2176	14848	13	0	13	0	0	0	0	0	16	0	0	0	0	0	55	95	142	4	2	3	40
1679	-5664	2256	14560	13	0	13	0	0	0	0	0	16	0	0	0	0	0	70	95	142	3	2	3	46
1680	-5328	2256	14848	13	0	13	0	0	0	0	0	16	0	0	0	0	0	79	95	142	4	2	3	44
1681	-5312	2208	14560	13	0	13	0	0	0	0	0	16	0	8	0	0	0	49	95	142	5	2	3	38
1682	-5328	2224	14576	13	0	13	0	0	0	0	0	16	0	0	0	0	7	23	95	142	4	2	3	32
1683	-5360	2208	14576	13	0	13	0	0	0	0	0	16	0	0	0	0	39	0	95	142	5	2	3	28
1684	-5360	2176	14576	13	0	13	0	0	0	0	0	16	0	0	0	0	44	0	95	142	4	2	4	26
1685	-5376	2224	14880	13	0	13	0	0	0	0	0	16	0	0	0	0	46	0	95	142	5	2	4	23
1686	-5728	2208	14848	13	0	13	0	0	0	0	0	16	0	0	0	1	49	0	95	142	4	2	3	21
1687	-5376	2224	14528	13	0	13	0	0	0	0	0	16	1	0	0	0	78	0	95	142	4	1	3	20
1688	-5664	2240	14464	13	0	13	0	0	0	0	0	16	0	0	0	1	83	0	95	142	4	1	3	20
1689	-5648	2192	14512	13	0	13	0	0	0	0	0	16	0	0	0	0	88	0	95	142	3	1	3	20
1690	-5648	2416	14512	13	0	13	0	0	0	0	0	16	0	0	0	0	81	0	95	142	4	1	3	20
1691	-5360	2192	14528	13	0	13	0	0	0	0	0	16	0	0	0	0	65	0	95	142	3	1	3	20
1692	-5376	2176	14512	13	0	13	0	0	0	0	0	16	0	0	0	0	22	0	95	142	4	1	3	20
1693	-5360	2416	14528	13	0	13	0	0	0	0	0	16	0	0	0	0	15	0	95	142	3	1	3	19
1694	-5360	2224	14576	13	0	13	0	0	0	0	0	16	0	0	0	0	7	0	95	142	4	1	3	21
1695	-5696	2256	14576	13	0	13	0	0	0	0	0	16	0	0	0	0	4	0	95	142	4	1	3	21
1696	-5376	2192	14864	13	0	13	0	0	0	0	0	16	0	0	0	0	0	0	95	142	4	1	3	20
1697	-5664	2416	14560	13	0	13	0	0	0	0	0	16	0	0	0	0	0	0	95	142	4	1	3	19
1698	-5664	2224	14848	13	0	13	0	0	0	0	0	16	0	0	0	0	0	0	95	142	4	1	3	20
1699	-5680	2208	14512	13	0	13	0	0	0	0	0	16	0	0	0	0	0	0	95	142	4	1	3	19
1700	-5664	2400	14528	13	0	13	0	0	0	0	0	16	0	0	0	0	0	0	95	142	4	1	3	17
1701	-5680	2208	14528	13	0	13	0	0	0	0	0	16	0	0	0	0	0	0	95	142	4	1	3	17
1702	-5648	2176	14496	13	0	13	0	0	0	0	0	16	0	0	0	0	0	0	95	142	4	1	3	18
1703	-5360	2192	14576	13	0	13	0	0	0	0	0	16	0	0	0	0	0	0	95	142	4	1	3	19
1704	-5360	2208	14560	13	0	13	0	0	0	0	0	16	0	0	0	0	0	0	95	142	3	1	3	18
1705	-5648	2208	14528	13	0	13	0	0	0	0	0	16	0	0	0	0	0	0	95	142	4	1	3	19
1706	-5680	2240	14480	13	0	13	0	0	0	0	0	16	0	0	0	0	0	0	95	142	3	1	3	19
1707	-5664	2256	14576	13	0	13	0	0	0	0	0	16	0	0	0	0	0	0	95	142	3	1	3	19
1708	-5728	2272	14560	13	0	13	0	0	0	0	0	16	0	0	0	0	0	0	95	142	4	1	3	18
1709	-5664	2400	14528	13	0	13	0	0	0	0	0	16	0	0	0	0	0	0	95	142	4	1	3	19
1710	-5344	2176	14496	13	0	13	0	0	0	0	0	16	0	0	0	0	0	0	95	142	4	1	3	21
1711	-5680	2400	14528	13	0	13	0	0	0	0	0	16	0	0	0	0	0	0	95	142	5	1	3	20
1712	-5680	2384	14560	13	0	13	0	0	0	0	0	16	0	0	0	0	0	0	95	142	5	1	3	20
1713	-5664	2224	14528	13	0	13	0	0	0	0	0	16	0	0	0	0	0	0	95	142	4	1	3	20
1714	-5376	2224	14544	13	0	13	0	0	0	0	0	16	0	0	0	0	0	0	95	142	4	1	3	21
1715	-5376	2256	14848	13	0	13	0	0	0	0	0	16	0	0	0	0	0	0	95	142	4	1	3	21
1716	-5664	2272	14560	13	0	13	0	0	0	0	0	16	0	0	0	0	0	0	95	142	3	1	3	20
1717	-5328	2288	14528	13	0	13	0	0	0	0	0	16	0	0	0	0	0	0	95	142	3	1	3	31
1718	-5664	2192	14944	13	0	13	0	0	0	0	0	16	0	0	0	0	0	0	95	142	3	2	5	317
1719	-5760	2416	14512	13	0	13	0	0	0	0	0	16	0	0	0	0	0	0	95	142	276	42	33	865
1720	-5760	2256	14528	13	0	13	0	0	0	0	0	16	0	0	0	0	0	0	95	142	740	121	94	1088
1721	-5600	2400	14464	13	0	13	0	0	0	0	0	16	0	0	0	0	0	0	95	142	1039	137	118	1507
1722	-5728	2192	14576	13	0	13	0	0	0	0	0	16	0	0	0	0	0	0	95	142	1057	162	133	1975
1723	-5552	2400	14480	13	0	13	0	0	0	0	0	16	0	0	0	0	0	0	95	142	4472	818	282	2025
1724	-5664	2336	14576	13	0	13	0	0	0	0	0	16	0	0	0	0	0	0	95	142	4576	835	318	1948
1725	-5760	1968	14592	13	0	13	0	0	0	0	0	16	0	0	0	0	0	0	95	142	4634	860	334	1935
1726	-5552	2400	14320	13	0	13	0	0	0	0	0	16	0	0	0	0	0	0	95	142	4949	960	377	1737
1727	-5712	2256	14528	13	0	13	0	0	0	0	0	16	0	0	0	0	0	0	95	142	4967	1011	402	1436
1728	-5344	2400	14912	13	0	13	0	0	0	0	0	16	0	0	0	0	0	0	95	142	4527	955	353	1046
1729	-5696	2176	14880	13	0	13	0	0	0	0	0	16	0	0	0	0	0	0	95	142	4240	943	334	705
1730	-5680	2192	14528	13	0	13	0	0	0	0	0	16	0	0	0	0	0	0	95	142	4223	924	326	451
1731	-5696	2400	14560	13	0	13	0	0	0	0	0	16	0	8	0	0	0	0	95	142	808	267	177	280
1732	-5664	2368	14864	13	0	13	0	0	0	0	0	16	0	0	0	0	0	0	95	142	704	250	142	172
1733	-5648	2208	14560	13	0	13	0	0	0	0	0	16	0	0	0	0	0	2	95	142	646	225	125	109
1734	-5648	2256	14528	13	0	13	0	0	0	0	0	16	0	0	0	0	0	6	95	142	332	125	80	69
1735	-5728	2256	14528	13	0	13	0	0	0	0	0	16	0	0	0	0	0	14	95	142	40	34	27	46
1736	-5376	2288	14560	13	0	13	0	0	0	0	0	20	0	8	0	0	0	33	95	142	16	11	15	37
1737	-5376	2224	14528	13	0	13	0	0	0	0	0	16	0	0	0	0	0	61	95	142	4	7	10	38
1738	-5360	2176	14560	13	0	13	0	0	0	0	0	16	0	0	0	0	0	83	95	142	4	1	3	41
1739	-5280	2208	14560	13	0	13	0	0	0	0	0	16	0	0	0	0	0	84	95	142	6	2	3	43
1740	-5360	2384	14544	13	0	13	0	0	0	0	0	16	0	0	0	0	0	90	95	142	6	2	3	41
1741	-5648	2224	14464	13	0	13	0	0	0	0	0	16	0	8	0	0	1	53	95	142	5	2	3	41
1742	-5664	2208	14480	13	0	13	0	0	0	0	0	16	0	0	0	0	26	4	95	142	5	2	3	40
1743	-5664	2192	14528	13	0	13	0	0	0	0	0	16	0	0	0	0	43	0	95	142	6	2	3	37
1744	-5376	2224	14560	13	0	13	0	0	0	0	0	16	0	0	0	0	46	0	95	142	6	2	3	33
1745	-5648	2176	14560	13	0	13	0	0	0	0	0	16	0	0	0	0	46	0	95	142	6	2	3	28
1746	-5328	2416	14528	13	0	13	0	0	0	0	0	16	1	0	0	0	62	0	95	142	6	2	3	27
1747	-5376	2352	14848	13	0	13	0	0	0	0	0	16	0	0	0	0	86	0	95	142	4	2	3	27
1748	-5376	2368	14864	13	0	13	0	0	0	0	0	16	0	0	0	1	88	0	95	142	4	2	3	25
1749	-5648	2352	14848	13	0	13	0	0	0	0	0	16	0	0	0	0	87	0	95	142	4	2	3	25
1750	-5376	2384	14848	13	0	13	0	0	0	0	0	16	0	0	0	0	78	0	95	142	4	1	3	25
1751	-5680	2208	14864	13	0	13	0	0	0	0	0	16	0	0	0	0	47	0	95	142	3	1	3	26
1752	-5328	2208	14944	13	0	13	0	0	0	0	0	16	0	0	0	0	12	0	95	142	3	1	3	24
1753	-5296	2416	14896	13	0	13	0	0	0	0	0	16	0	0	0	0	7	0	95	142	3	1	3	22
1754	-5344	2224	14864	13	0	13	0	0	0	0	0	16	0	0	0	0	4	0	95	142	2	1	3	28
1755	-5664	2272	14864	13	0	13	0	0	0	0	0	16	0	0	0	0	3	0	95	142	3	1	3	27
1756	-5664	2192	14880	13	0	13	0	0	0	0	0	16	0	0	0	0	2	0	95	142	3	1	3	26
1757	-5312	2272	14576	13	0	13	0	0	0	0	0	16	0	0	0	0	3	0	95	142	3	1	3	26
1758	-5312	2208	14576	13	0	13	0	0	0	0	0	16	0	0	0	0	0	0	95	142	4	1	3	25
1759	-5296	2576	14576	13	0	13	0	0	0	0	0	16	0	0	0	0	0	0	95	142	4	1	3	21
1760	-5328	2576	14848	13	0	13	0	0	0	0	0	16	0	0	0	0	0	0	95	142	4	1	3	21
1761	-5296	2192	14576	13	0	13	0	0	0	0	0	16	0	0	0	0	0	0	95	142	3	1	3	21
1762	-5328	2256	14848	13	0	13	0	0	0	0	0	16	0	0	0	0	0	0	95	142	3	1	3	31
1763	-5344	2592	14912	13	0	13	0	0	0	0	0	16	0	0	0	0	0	0	95	142	4	2	3	31
1764	-5280	2208	14576	13	0	13	0	0	0	0	0	16	0	0	0	0	0	0	95	142	3	2	3	46
1765	-5360	2592	14896	13	0	13	0	0	0	0	0	16	0	0	0	0	0	0	95	142	3	2	3	44
1766	-5328	2240	14880	13	0	13	0	0	0	0	0	16	0	0	0	0	0	0	95	142	3	1	3	37
1767	-5328	2400	14848	13	0	13	0	0	0	0	0	16	0	0	0	0	0	0	95	142	3	2	3	33
1768	-5312	2336	14864	13	0	13	0	0	0	0	0	16	0	0	0	0	0	0	95	142	4	2	3	28
1769	-5312	2416	14880	13	0	13	0	0	0	0	0	16	0	0	0	0	0	0	95	142	4	2	3	26
1770	-5312	2224	14848	13	0	13	0	0	0	0	0	16	0	0	0	0	0	0	95	142	4	2	3	23
1771	-5312	2208	14560	13	0	13	0	0	0	0	0	16	0	0	0	0	0	0	95	142	3	1	3	23
1772	-5328	2224	14528	13	0	13	0	0	0	0	0	16	0	0	0	0	0	0	95	142	3	1	3	24
1773	-5312	2176	14560	13	0	13	0	0	0	0	0	16	0	0	0	0	0	0	95	142	3	1	3	24
1774	-5328	2256	14848	13	0	13	0	0	0	0	0	16	0	0	0	0	0	0	95	142	4	2	4	24
1775	-5328	2256	14576	13	0	13	0	0	0	0	0	16	0	0	0	0	0	0	95	142	3	1	4	25
1776	-5344	2288	14576	13	0	13	0	0	0	0	0	16	0	0	0	0	0	0	95	142	2	1	3	23
1777	-5360	2256	14560	13	0	13	0	0	0	0	0	16	0	0	0	0	0	0	95	142	2	1	3	23
1778	-5376	2272	14848	13	0	13	0	0	0	0	0	16	0	0	0	0	0	0	95	142	2	1	3	26
1779	-5280	2192	14848	13	0	13	0	0	0	0	0	16	0	0	0	0	0	0	95	142	2	1	3	28
1780	-5344	2400	14544	13	0	13	0	0	0	0	0	16	0	0	0	0	0	0	95	142	2	1	4	37
1781	-5280	2176	14848	13	0	13	0	0	0	0	0	16	0	0	0	0	0	0	95	142	2	2	5	55
1782	-5296	2416	14576	13	0	13	0	0	0	0	0	16	0	0	0	0	0	0	95	142	3	4	18	78
1783	-5664	2384	14896	13	0	13	0	0	0	0	0	16	0	0	0	0	0	0	95	142	4	11	55	110
1784	-5344	2208	14848	13	0	13	0	0	0	0	0	16	0	0	0	0	0	0	95	142	5	16	71	126
1785	-5696	2192	14896	13	0	13	0	0	0	0	0	16	0	0	0	0	0	0	95	142	6	21	90	140
1786	-5696	2256	14864	13	0	13	0	0	0	0	0	16	0	0	0	0	0	0	95	142	8	26	126	185
1787	-5696	2176	14656	13	0	13	0	0	0	0	0	16	0	0	0	0	0	0	95	142	18	36	152	522
1788	-5344	2224	14880	13	0	13	0	0	0	0	0	16	0	0	0	0	0	0	95	142	489	60	177	902
1789	-5360	2192	14720	13	0	13	0	0	0	0	0	16	0	0	0	0	0	0	95	142	1146	180	256	1124
1790	-5680	2384	14880	13	0	13	0	0	0	0	0	16	0	0	0	0	0	0	95	142	1222	253	261	1373
1791	-5728	2352	14560	13	0	13	0	0	0	0	0	16	0	0	0	0	0	0	95	142	1613	389	305	1726
1792	-5696	2320	14896	13	0	13	0	0	0	0	0	16	0	0	0	0	0	0	95	142	1728	430	396	1784
1793	-5728	2320	14528	13	0	13	0	0	0	0	0	16	0	0	0	0	0	0	95	142	2085	632	436	1626
1794	-5696	2032	14512	13	0	13	0	0	0	0	0	16	0	0	0	0	0	0	95	142	2390	752	426	1427
1795	-5680	2032	14880	13	0	13	0	0	0	0	0	16	0	0	0	0	0	0	95	142	2527	752	416	1170
1796	-5696	2368	14560	13	0	13	0	0	0	0	0	16	0	0	0	0	0	0	95	142	2086	742	405	848
1797	-5696	2416	14848	13	0	13	0	0	0	0	0	16	0	0	0	0	0	0	95	142	1431	623	330	562
1798	-5728	2400	14576	13	0	13	0	0	0	0	0	16	0	0	0	0	0	1	95	142	1353	548	311	353
1799	-5728	2208	14528	13	0	13	0	0	0	0	0	16	0	0	0	0	0	2	95	142	961	404	230	217
1800	-5728	2224	14544	13	0	13	0	0	0	0	0	16	0	8	0	0	0	4	95	142	845	358	123	136
1801	-5760	2256	14848	13	0	13	0	0	0	0	0	16	0	0	0	0	0	6	95	142	487	151	64	86
1802	-5728	2224	14848	13	0	13	0	0	0	0	0	16	0	0	0	0	0	22	95	142	181	27	38	60
1803	-5680	2224	14544	13	0	13	0	0	0	0	0	16	0	0	0	0	0	30	95	142	35	17	22	48
1804	-5696	2192	14512	13	0	13	0	0	0	0	0	16	0	0	0	0	0	40	95	142	7	3	8	50
1805	-5360	2224	14560	13	0	13	0	0	0	0	0	20	0	8	0	0	0	53	95	142	5	2	3	51
1806	-5376	2192	14512	13	0	13	0	0	0	0	0	16	0	0	0	0	0	70	95	142	6	2	3	53
1807	-5344	2192	14560	13	0	13	0	0	0	0	0	16	0	0	0	0	0	79	95	142	6	3	4	51
1808	-5344	2192	14880	13	0	13	0	0	0	0	0	16	0	0	0	0	0	80	95	142	7	3	4	45
1809	-5648	2224	14896	13	0	13	0	0	0	0	0	16	0	0	0	0	2	32	95	142	7	3	4	43
1810	-5648	2288	14896	13	0	13	0	0	0	0	0	16	0	0	0	0	17	0	95	142	8	3	4	39
1811	-5664	2208	14880	13	0	13	0	0	0	0	0	16	0	0	0	0	43	0	95	142	7	4	4	33
1812	-5376	2176	14864	13	0	13	0	0	0	0	0	16	0	0	0	0	44	0	95	142	6	3	4	28
1813	-5328	2400	14848	13	0	13	0	0	0	0	0	16	0	0	0	0	44	0	95	142	5	3	4	25
1814	-5296	2400	14912	13	0	13	0	0	0	0	0	16	0	0	0	0	38	0	95	142	4	3	3	22
1815	-5360	2416	14864	13	0	13	0	0	0	0	0	16	0	0	0	1	38	0	95	142	4	2	3	21
1816	-5360	2240	14576	13	0	13	0	0	0	0	0	16	1	0	0	4	60	0	95	142	3	1	3	21
1817	-5360	2288	14864	13	0	13	0	0	0	0	0	16	0	0	0	7	48	0	95	142	2	1	3	21
1818	-5376	2240	14944	13	0	13	0	0	0	0	0	16	0	0	0	6	44	0	95	142	2	1	3	21
1819	-5376	2192	14880	13	0	13	0	0	0	0	0	16	0	0	0	3	18	0	95	142	1	1	2	21
1820	-5344	2192	14896	13	0	13	0	0	0	0	0	16	0	0	0	0	9	0	95	142	1	1	2	21
1821	-5312	2176	14896	13	0	13	0	0	0	0	0	16	0	0	0	0	5	0	95	142	2	1	2	21
1822	-5360	2416	14864	13	0	13	0	0	0	0	0	16	0	0	0	0	3	0	95	142	2	0	2	20
1823	-5360	2208	14560	13	0	13	0	0	0	0	0	16	0	0	0	0	3	0	95	142	2	0	2	21
1824	-5664	2176	14544	13	0	13	0	0	0	0	0	16	0	0	0	0	1	0	95	142	1	0	2	22
1825	-5344	2192	14544	13	0	13	0	0	0	0	0	16	0	0	0	0	0	0	95	142	2	0	2	23
1826	-5648	2400	14848	13	0	13	0	0	0	0	0	16	0	0	0	0	0	0	95	142	2	1	2	25
1827	-5328	2416	14880	13	0	13	0	0	0	0	0	16	0	0	0	0	0	0	95	142	3	1	3	25
1828	-5328	2176	14864	13	0	13	0	0	0	0	0	16	0	0	0	0	0	0	95	142	3	1	3	25
1829	-5328	2336	14576	13	0	13	0	0	0	0	0	16	0	0	0	0	0	0	95	142	3	1	3	25
1830	-5360	2176	14560	13	0	13	0	0	0	0	0	16	0	0	0	0	0	0	95	142	2	1	3	24
1831	-5328	2400	14560	13	0	13	0	0	0	0	0	16	0	0	0	0	0	0	95	142	3	1	3	23
1832	-5360	2224	14576	13	0	13	0	0	0	0	0	16	0	0	0	0	0	0	95	142	3	1	3	21
1833	-5312	2256	14576	13	0	13	0	0	0	0	0	16	0	0	0	0	0	0	95	142	3	1	3	19
1834	-5296	2224	14864	13	0	13	0	0	0	0	0	16	0	0	0	0	0	0	95	142	3	1	2	20
1835	-5312	2240	14848	13	0	13	0	0	0	0	0	16	0	0	0	0	0	0	95	142	3	1	2	22
1836	-5312	2192	14864	13	0	13	0	0	0	0	0	16	0	0	0	0	0	0	95	142	3	1	2	22
1837	-5312	2224	14880	13	0	13	0	0	0	0	0	16	0	0	0	0	0	0	95	142	3	1	2	20
1838	-5664	2256	14864	13	0	13	0	0	0	0	0	16	0	0	0	0	0	0	95	142	4	1	2	20
1839	-5648	2576	14528	13	0	13	0	0	0	0	0	16	0	0	0	0	0	0	95	142	4	1	2	23
1840	-5360	2208	14848	13	0	13	0	0	0	0	0	16	0	0	0	0	0	0	95	142	4	1	3	23
1841	-5328	2192	14576	13	0	13	0	0	0	0	0	16	0	0	0	0	0	0	95	142	5	1	3	25
1842	-5360	2208	14576	13	0	13	0	0	0	0	0	16	0	0	0	0	0	0	95	142	5	1	3	26
1843	-5648	2192	14864	13	0	13	0	0	0	0	0	16	0	0	0	0	0	0	95	142	5	1	4	44
1844	-5680	2560	14864	13	0	13	0	0	0	0	0	16	0	0	0	0	0	0	95	142	6	5	14	143
1845	-5664	2256	14864	13	0	13	0	0	0	0	0	16	0	0	0	0	0	0	95	142	7	8	109	246
1846	-5328	2272	14576	13	0	13	0	0	0	0	0	16	0	0	0	0	0	0	95	142	19	66	429	324
1847	-5360	2400	14864	13	0	13	0	0	0	0	0	16	0	0	0	0	0	0	95	142	28	101	894	372
1848	-5648	2224	14576	13	0	13	0	0	0	0	0	16	0	0	0	0	0	0	95	142	32	127	1164	382
1849	-5376	2240	14576	13	0	13	0	0	0	0	0	16	0	0	0	0	0	0	95	142	40	140	1363	377
1850	-5648	2176	14560	13	0	13	0	0	0	0	0	16	0	0	0	0	0	0	95	142	48	186	1934	454
1851	-5264	2176	14880	13	0	13	0	0	0	0	0	16	0	0	0	0	0	0	95	142	53	264	2297	527
1852	-5376	2272	14864	13	0	13	0	0	0	0	0	16	0	0	0	0	0	0	95	142	180	462	2863	617
1853	-5680	2240	14576	13	0	13	0	0	0	0	0	16	0	0	0	0	0	0	95	142	611	868	3389	642
1854	-5728	2336	14560	13	0	13	0	0	0	0	0	16	0	0	0	0	0	0	95	142	675	966	3965	641
1855	-5728	2208	14528	13	0	13	0	0	0	0	0	16	0	0	0	0	0	0	95	142	778	1125	4299	545
1856	-5568	2320	14560	13	0	13	0	0	0	0	0	16	0	0	0	0	0	0	95	142	780	1108	4201	396
1857	-5344	2032	14864	13	0	13	0	0	0	0	0	16	0	0	0	0	0	0	95	142	773	1096	4003	651
1858	-5712	1920	14704	13	0	13	0	0	0	0	0	16	0	0	0	0	0	0	95	142	915	1090	3445	2243
1859	-5536	2384	14464	13	0	13	0	0	0	0	0	16	0	0	0	0	0	0	95	142	1428	5227	4565	2475
1860	-5696	1728	14848	13	0	13	0	0	0	0	0	16	0	0	0	0	0	0	95	142	1314	5048	4036	3237
1861	-5664	2096	14608	13	0	13	0	0	0	0	0	16	0	0	0	0	0	0	95	142	3154	11372	8214	3871
1862	-5760	1968	14672	13	0	13	0	0	0	0	0	16	0	0	0	0	0	0	95	142	5463	26025	9134	3954
1863	-5760	2032	14464	13	0	13	0	0	0	0	0	16	0	0	0	0	0	0	95	142	5368	26156	8386	3358
1864	-5744	2160	14496	13	0	13	0	0	0	0	0	16	0	0	0	0	0	0	95	142	5366	26223	8229	2395
1865	-5520	1952	14496	13	0	13	0	0	0	0	0	16	0	0	0	0	0	0	95	142	5365	26226	8228	1561
1866	-5696	2000	14528	13	0	13	0	0	0	0	0	16	0	0	0	0	0	0	95	142	5216	26186	8215	970
1867	-5728	2336	14544	13	0	13	0	0	0	0	0	16	0	0	0	0	0	3	95	142	4697	21972	6732	598
1868	-5680	2176	14512	13	0	13	0	0	0	0	0	16	0	0	0	0	0	8	95	142	4683	21950	6686	383
1869	-5712	2384	14560	13	0	13	0	0	0	0	0	16	0	8	0	0	0	9	95	142	2413	15219	1889	268
1870	-5376	2320	14848	13	0	13	0	0	0	0	0	16	0	0	0	0	0	10	95	142	33	414	76	216
1871	-5312	2304	14544	13	0	13	0	0	0	0	0	16	0	0	0	0	0	6	95	142	24	102	26	181
1872	-5376	2032	14576	13	0	13	0	0	0	0	0	16	0	0	0	0	0	2	95	142	24	28	13	149
1873	-5664	2400	14848	13	0	13	0	0	0	0	0	16	0	0	0	0	0	7	95	142	24	25	12	126
1874	-5680	2368	14560	13	0	13	0	0	0	0	0	20	0	8	0	0	0	0	95	142	26	26	12	105
1875	-5680	2352	14848	13	0	13	0	0	0	0	0	16	0	0	0	0	0	0	95	142	28	26	13	92
1876	-5376	2176	14848	13	0	13	0	0	0	0	0	16	0	0	0	0	0	0	95	142	28	26	12	84
1877	-5344	2368	14576	13	0	13	0	0	0	0	0	16	0	0	0	0	1	0	95	142	27	26	11	74
1878	-5312	2384	14912	13	0	13	0	0	0	0	0	16	0	0	0	0	3	0	95	142	21	22	8	67
1879	-5360	2176	14576	13	0	13	0	0	0	0	0	16	0	8	0	0	8	0	95	142	14	9	6	59
1880	-5296	2416	14576	13	0	13	0	0	0	0	0	16	0	0	0	0	25	0	95	142	9	7	5	51
1881	-5312	2176	14864	13	0	13	0	0	0	0	0	16	0	0	0	0	25	0	95	142	8	6	5	44
1882	-5648	2208	14576	13	0	13	0	0	0	0	0	16	0	0	0	0	18	0	95	142	7	4	4	40
1883	-5376	2176	14880	13	0	13	0	0	0	0	0	16	0	0	0	0	12	0	95	142	4	4	4	34
1884	-5328	2208	14896	13	0	13	0	0	0	0	0	16	0	0	0	3	11	0	95	142	4	3	4	32
1885	-5344	2192	14928	13	0	13	0	0	0	0	0	16	0	0	0	35	14	0	95	142	3	2	4	29
1886	-5344	2400	14912	13	0	13	0	0	0	0	0	16	0	0	0	55	16	0	95	142	2	2	3	27
1887	-5296	2384	14896	13	0	13	0	0	0	0	0	16	0	0	0	63	16	0	95	142	2	2	3	25
1888	-5344	2336	14848	13	0	13	0	0	0	0	0	16	0	0	0	67	17	0	95	142	2	1	3	22
1889	-5312	2416	14880	13	0	13	0	0	0	0	0	16	0	0	0	67	13	0	95	142	2	1	2	23
1890	-5312	2176	14544	13	0	13	0	0	0	0	0	16	0	0	0	67	13	0	95	142	2	1	3	21
1891	-5328	2400	14560	13	0	13	0	0	0	0	0	16	4	0	0	43	7	0	125	142	2	1	3	21
1892	-5328	2416	14864	13	0	13	0	0	0	0	0	16	0	0	0	28	6	0	95	142	2	1	2	21
1893	-5328	2224	14560	13	0	13	0	0	0	0	0	16	0	0	0	17	4	0	95	142	2	1	2	21
1894	-5344	2272	14576	13	0	13	0	0	0	0	0	16	0	0	0	11	3	0	95	142	3	1	3	22
1895	-5328	2256	14864	13	0	13	0	0	0	0	0	16	0	0	0	0	0	0	95	142	3	1	3	22
1896	-5344	2240	14560	13	0	13	0	0	0	0	0	16	0	0	0	0	0	0	95	142	4	1	3	24
1897	-5296	2192	14560	13	0	13	0	0	0	0	0	16	0	0	0	0	0	0	95	142	4	1	3	22
1898	-5504	2176	14560	13	0	13	0	0	0	0	0	16	0	0	0	0	0	0	95	142	3	1	3	25
1899	-5328	2176	14544	13	0	13	0	0	0	0	0	16	0	0	0	0	0	0	95	142	4	1	3	25
1900	-5312	2176	14864	13	0	13	0	0	0	0	0	16	0	0	0	0	0	0	95	142	4	1	3	24
1901	-5312	2208	14576	13	0	13	0	0	0	0	0	16	0	0	0	0	0	0	95	142	4	1	3	22
1902	-5488	2256	14864	13	0	13	0	0	0	0	0	16	0	0	0	0	0	0	95	142	3	1	3	23
1903	-5504	2192	14928	13	0	13	0	0	0	0	0	16	0	0	0	0	0	0	95	142	4	1	3	325
1904	-5472	2320	14496	13	0	13	0	0	0	0	0	16	0	0	0	0	0	0	95	142	174	43	14	951
1905	-5504	2368	14304	13	0	13	0	0	0	0	0	16	0	0	0	0	0	0	95	142	459	59	48	1681
1906	-5456	2368	14672	13	0	13	0	0	0	0	0	16	0	0	0	0	0	0	95	142	2908	394	279	1730
1907	-5504	2416	14864	13	0	13	0	0	0	0	0	16	0	0	0	0	0	0	95	142	3596	546	455	1605
1908	-5456	2224	14864	13	0	13	0	0	0	0	0	16	0	0	0	0	0	0	95	142	3721	565	743	1571
1909	-5440	2240	14464	13	0	13	0	0	0	0	0	16	0	0	0	0	0	0	95	142	3775	734	935	1597
1910	-5424	2368	14880	13	0	13	0	0	0	0	0	16	0	0	0	0	0	0	95	142	3883	775	1114	1626
1911	-5456	2176	14880	13	0	13	0	0	0	0	0	16	0	0	0	0	0	0	95	142	5258	5404	2924	1626
1912	-5440	2608	14864	13	0	13	0	0	0	0	0	16	0	0	0	0	0	0	95	142	6337	6208	3572	1260
1913	-5280	2256	14960	13	0	13	0	0	0	0	0	16	0	0	0	0	0	0	95	142	6053	6196	3586	1470
1914	-5264	2592	14576	13	0	13	0	0	0	0	0	16	0	0	0	0	0	0	95	142	3644	6042	3704	2149
1915	-5376	2608	14912	13	0	13	0	0	0	0	0	16	0	0	0	0	0	0	95	142	2961	5913	3631	2079
1916	-5360	2256	14896	13	0	13	0	0	0	0	0	16	0	0	0	0	0	0	95	142	4117	5936	3409	1583
1917	-5376	2176	14864	13	0	13	0	0	0	0	0	16	0	0	0	0	0	0	95	142	4066	5771	3224	1067
1918	-5312	2576	14576	13	0	13	0	0	0	0	0	16	0	0	0	0	0	0	95	142	3957	5730	3045	675
1919	-5296	2288	14848	13	0	13	0	0	0	0	0	16	0	8	0	0	0	0	95	142	2581	1101	1234	413
1920	-5328	2208	14864	13	0	13	0	0	0	0	0	16	0	0	0	0	0	0	95	142	1331	254	575	252
1921	-5312	2400	14848	13	0	13	0	0	0	0	0	16	0	0	0	0	0	2	95	142	1331	250	527	153
1922	-5296	2272	14864	13	0	13	0	0	0	0	0	16	0	0	0	0	0	25	95	142	1291	70	179	104
1923	-5488	2224	14896	13	0	13	0	0	0	0	0	16	0	0	0	0	0	36	95	142	1286	46	76	91
1924	-5440	2192	14880	13	0	13	0	0	0	0	0	20	0	8	0	0	0	40	95	142	6	6	11	84
1925	-5456	2368	14880	13	0	13	0	0	0	0	0	16	0	0	0	0	0	56	95	142	5	3	5	78
1926	-5264	2400	14864	13	0	13	0	0	0	0	0	16	0	0	0	0	0	52	95	142	6	3	5	70
1927	-5280	2336	14848	13	0	13	0	0	0	0	0	16	0	0	0	0	0	11	95	142	7	5	5	64
1928	-5440	2416	14576	13	0	13	0	0	0	0	0	16	0	0	0	0	13	21	95	142	8	5	6	54
1929	-5488	2192	14896	13	0	13	0	0	0	0	0	16	0	8	0	0	43	0	95	142	8	5	6	46
1930	-5456	2416	14880	13	0	13	0	0	0	0	0	16	1	0	0	0	63	0	95	142	8	5	6	40
1931	-5504	2400	14848	13	0	13	0	0	0	0	0	16	0	0	0	0	91	0	95	142	8	4	6	39
1932	-5504	2192	14880	13	0	13	0	0	0	0	0	16	0	0	0	0	98	0	95	142	6	4	5	36
1933	-5264	2208	14848	13	0	13	0	0	0	0	0	16	0	0	0	0	98	0	95	142	5	3	4	29
1934	-5312	2272	14880	13	0	13	0	0	0	0	0	16	0	0	0	0	97	0	95	142	4	3	3	24
1935	-5504	2256	14848	13	0	13	0	0	0	0	0	16	0	0	0	0	96	0	95	142	3	1	4	21
1936	-5328	2192	14864	13	0	13	0	0	0	0	0	16	0	0	0	0	89	0	95	142	2	1	3	22
1937	-5504	2416	14848	13	0	13	0	0	0	0	0	16	0	0	0	0	70	0	95	142	2	1	3	21
1938	-5488	2192	14864	13	0	13	0	0	0	0	0	16	0	0	0	0	60	0	95	142	2	1	3	21
1939	-5280	2192	14864	13	0	13	0	0	0	0	0	16	0	0	0	0	48	0	95	142	2	1	3	22
1940	-5264	2176	14864	13	0	13	0	0	0	0	0	16	0	0	0	0	37	0	95	142	3	2	3	21
1941	-5280	2176	14576	13	0	13	0	0	0	0	0	16	0	0	0	0	23	0	95	142	3	1	3	21
1942	-5280	2416	14848	13	0	13	0	0	0	0	0	16	0	0	0	16	26	0	95	142	4	1	3	22
1943	-5296	2192	14880	13	0	13	0	0	0	0	0	16	0	0	0	15	26	0	95	142	4	1	3	22
1944	-5344	2176	14864	13	0	13	0	0	0	0	0	16	0	0	0	5	6	0	95	142	4	1	3	21
1945	-5328	2400	14896	13	0	13	0	0	0	0	0	16	0	0	0	0	1	0	95	142	5	1	3	21
1946	-5472	2224	14896	13	0	13	0	0	0	0	0	16	0	0	0	0	4	0	95	142	5	2	3	21
1947	-5264	2176	14928	13	0	13	0	0	0	0	0	16	0	0	0	0	2	0	95	142	5	1	3	22
1948	-5504	2176	14912	13	0	13	0	0	0	0	0	16	0	0	0	0	2	0	95	142	5	1	3	24
1949	-5440	2256	14720	13	0	13	0	0	0	0	0	16	0	0	0	0	0	0	95	142	4	1	3	21
1950	-5504	2400	14960	13	0	13	0	0	0	0	0	16	0	0	0	0	0	0	95	142	4	1	3	20
1951	-5504	2176	14912	13	0	13	0	0	0	0	0	16	0	0	0	0	0	0	95	142	3	1	3	20
1952	-5280	2192	14880	13	0	13	0	0	0	0	0	16	0	0	0	0	0	0	95	142	3	1	3	19
1953	-5504	2208	14864	13	0	13	0	0	0	0	0	16	0	0	0	0	0	0	95	142	3	1	3	20
1954	-5488	2256	14880	13	0	13	0	0	0	0	0	16	0	0	0	0	0	0	95	142	2	1	3	19
1955	-5472	2272	14880	13	0	13	0	0	0	0	0	16	0	0	0	0	0	0	95	142	2	1	3	20
1956	-5456	2192	14880	13	0	13	0	0	0	0	0	16	0	0	0	0	0	0	95	142	3	1	3	21
1957	-5104	2256	14544	13	0	13	0	0	0	0	0	16	0	0	0	0	0	0	95	142	3	1	3	21
1958	-5440	2416	14848	13	0	13	0	0	0	0	0	16	0	0	0	0	0	0	95	142	3	1	3	21
1959	-5456	2416	14880	13	0	13	0	0	0	0	0	16	0	0	0	0	0	0	95	142	2	1	3	21
1960	-5408	2400	14928	13	0	13	0	0	0	0	0	16	0	0	0	0	0	0	95	142	2	1	3	20
1961	-5424	2400	14944	13	0	13	0	0	0	0	0	16	0	0	0	0	0	0	95	142	2	1	2	21
1962	-5456	2176	14912	13	0	13	0	0	0	0	0	16	0	0	0	0	0	0	95	142	3	1	3	21
1963	-5408	2208	14896	13	0	13	0	0	0	0	0	16	0	0	0	0	0	0	95	142	2	1	3	20
1964	-5440	2416	14928	13	0	13	0	0	0	0	0	16	0	0	0	0	0	0	95	142	2	1	3	22
1965	-5488	2416	14944	13	0	13	0	0	0	0	0	16	0	0	0	0	0	0	95	142	2	1	3	26
1966	-5424	2192	14736	13	0	13	0	0	0	0	0	16	0	0	0	0	0	0	95	142	2	1	3	27
1967	-5408	2240	14736	13	0	13	0	0	0	0	0	16	0	0	0	0	0	0	95	142	2	1	3	26
1968	-5088	2288	14912	13	0	13	0	0	0	0	0	16	0	0	0	0	0	0	95	142	2	1	2	24
1969	-5408	2208	14960	13	0	13	0	0	0	0	0	16	0	0	0	0	0	0	95	142	2	1	2	25
1970	-5424	2224	14944	13	0	13	0	0	0	0	0	16	0	0	0	0	0	0	95	142	2	1	3	28
1971	-5312	2224	14896	13	0	13	0	0	0	0	0	16	0	0	0	0	0	0	95	142	2	1	3	28
1972	-5488	2416	14960	13	0	13	0	0	0	0	0	16	0	0	0	0	0	0	95	142	3	1	3	45
1973	-5104	2672	14736	13	0	13	0	0	0	0	0	16	0	0	0	0	0	0	95	142	3	1	10	1240
1974	-5088	2240	14960	13	0	13	0	0	0	0	0	16	0	0	0	0	0	0	95	142	880	443	355	1832
1975	-5472	2400	14480	13	0	13	0	0	0	0	0	16	0	0	0	0	0	0	95	142	2207	2585	604	2024
1976	-5408	2384	14464	13	0	13	0	0	0	0	0	16	0	0	0	0	0	0	95	142	2225	2736	656	3215
1977	-5456	2208	14848	13	0	13	0	0	0	0	0	16	0	0	0	0	0	0	95	142	2248	2743	679	3752
1978	-5456	2240	14496	13	0	13	0	0	0	0	0	16	0	0	0	0	0	0	95	142	4261	4319	4914	3880
1979	-5488	2368	14672	13	0	13	0	0	0	0	0	16	0	0	0	0	0	0	95	142	5029	16109	13978	3433
1980	-5440	2320	14528	13	0	13	0	0	0	0	0	16	0	0	0	0	0	0	95	142	5354	18286	16685	2745
1981	-5472	2352	14576	13	0	13	0	0	0	0	0	16	0	0	0	0	0	0	95	142	5462	18297	16694	1956
1982	-5424	2320	14864	13	0	13	0	0	0	0	0	16	0	0	0	0	0	0	95	142	4587	17880	16393	1318
1983	-5456	2416	14912	13	0	13	0	0	0	0	0	16	0	0	0	0	0	0	95	142	3270	15748	16151	854
1984	-5440	2208	14960	13	0	13	0	0	0	0	0	16	0	0	0	0	0	0	95	142	3256	15612	16126	531
1985	-5440	2176	14960	13	0	13	0	0	0	0	0	16	0	0	0	0	0	0	95	142	3233	15606	16102	321
1986	-5456	2416	14960	13	0	13	0	0	0	0	0	16	0	8	0	0	0	0	95	142	1219	14029	11868	194
1987	-5504	2256	14944	13	0	13	0	0	0	0	0	16	0	0	0	0	0	1	95	142	451	2240	2803	123
1988	-5408	2288	14944	13	0	13	0	0	0	0	0	16	0	0	0	0	0	5	95	142	126	62	96	81
1989	-5456	2208	14928	13	0	13	0	0	0	0	0	16	0	0	0	0	0	4	95	142	17	51	80	55
1990	-5456	2272	14912	13	0	13	0	0	0	0	0	16	0	0	0	0	0	24	95	142	16	27	36	40
1991	-5424	2240	14864	13	0	13	0	0	0	0	0	20	0	8	0	0	0	66	95	142	6	15	29	31
1992	-5440	2192	14896	13	0	13	0	0	0	0	0	16	0	0	0	0	0	90	95	142	2	1	3	29
1993	-5424	2208	14928	13	0	13	0	0	0	0	0	16	0	0	0	0	0	90	95	142	3	1	3	32
1994	-5456	2208	14880	13	0	13	0	0	0	0	0	16	0	0	0	0	0	96	95	142	3	1	3	34
1995	-5440	2176	14880	13	0	13	0	0	0	0	0	16	0	0	0	0	0	57	95	142	3	2	3	34
1996	-5472	2192	14896	13	0	13	0	0	0	0	0	16	0	8	0	0	19	0	95	142	4	2	3	32
1997	-5264	2272	14944	13	0	13	0	0	0	0	0	16	0	0	0	0	42	0	95	142	4	2	3	28
1998	-5488	2288	14928	13	0	13	0	0	0	0	0	16	0	0	0	0	47	0	95	142	5	2	3	27
1999	-5296	2240	14880	13	0	13	0	0	0	0	0	16	0	0	0	0	47	0	95	142	4	2	3	25
2000	-5472	2192	14912	13	0	13	0	0	0	0	0	16	1	0	0	0	84	0	95	142	4	2	3	25
2001	-5440	2256	14896	13	0	13	0	0	0	0	0	16	0	0	0	0	95	0	95	142	4	2	3	26
2002	-5456	2416	14864	13	0	13	0	0	0	0	0	16	0	0	0	0	94	0	95	142	4	2	3	24
2003	-5456	2416	14848	13	0	13	0	0	0	0	0	16	0	0	0	0	91	0	95	142	3	1	3	23
2004	-5456	2400	14848	13	0	13	0	0	0	0	0	16	0	0	0	0	88	0	95	142	2	1	3	24
2005	-5440	2352	14880	13	0	13	0	0	0	0	0	16	0	0	0	0	71	0	95	142	2	1	3	24
2006	-5488	2192	14912	13	0	13	0	0	0	0	0	16	0	0	0	0	16	0	95	142	1	1	3	25
2007	-5296	2208	14880	13	0	13	0	0	0	0	0	16	0	0	0	0	7	0	95	142	2	1	3	24
2008	-5424	2256	14848	13	0	13	0	0	0	0	0	16	0	0	0	0	4	0	95	142	3	1	3	21
2009	-5424	2224	14880	13	0	13	0	0	0	0	0	16	0	0	0	0	2	0	95	142	2	1	3	20
2010	-5456	2208	14912	13	0	13	0	0	0	0	0	16	0	0	0	0	2	0	95	142	3	1	3	22
2011	-5440	2224	14912	13	0	13	0	0	0	0	0	16	0	0	0	0	3	0	95	142	3	1	3	22
2012	-5456	2192	14912	13	0	13	0	0	0	0	0	16	0	0	0	0	2	0	95	142	3	1	3	21
2013	-5472	2224	14896	13	0	13	0	0	0	0	0	16	0	0	0	0	0	0	95	142	4	1	3	21
2014	-5472	2256	14880	13	0	13	0	0	0	0	0	16	0	0	0	0	0	0	95	142	4	1	3	21
2015	-5456	2208	14896	13	0	13	0	0	0	0	0	16	0	0	0	0	0	0	95	142	3	1	3	21
2016	-5456	2240	14880	13	0	13	0	0	0	0	0	16	0	0	0	0	0	0	95	142	3	1	3	18
2017	-5488	2256	14944	13	0	13	0	0	0	0	0	16	0	0	0	0	0	0	95	142	3	1	4	17
2018	-5408	2208	14896	13	0	13	0	0	0	0	0	16	0	0	0	0	0	0	95	142	3	1	4	18
2019	-5440	2176	14912	13	0	13	0	0	0	0	0	16	0	0	0	0	0	0	95	142	3	1	3	17
2020	-5440	2384	14928	13	0	13	0	0	0	0	0	16	0	0	0	0	0	0	95	142	3	1	3	17
2021	-5424	2416	14864	13	0	13	0	0	0	0	0	16	0	0	0	0	0	0	95	142	3	1	3	17
2022	-5120	2416	14896	13	0	13	0	0	0	0	0	16	0	0	0	0	0	0	95	142	3	1	3	19
2023	-5408	2240	14864	13	0	13	0	0	0	0	0	16	0	0	0	0	0	0	95	142	3	1	3	20
2024	-5424	2416	14896	13	0	13	0	0	0	0	0	16	0	0	0	0	0	0	95	142	3	1	3	19
2025	-5408	2192	14880	13	0	13	0	0	0	0	0	16	0	0	0	0	0	0	95	142	3	1	3	18
2026	-5120	2416	14912	13	0	13	0	0	0	0	0	16	0	0	0	0	0	0	95	142	2	1	3	20
2027	-5120	2208	14896	13	0	13	0	0	0	0	0	16	0	0	0	0	0	0	95	142	3	1	3	23
2028	-5408	2256	14880	13	0	13	0	0	0	0	0	16	0	0	0	0	0	0	95	142	3	1	3	21
2029	-5392	2208	14912	13	0	13	0	0	0	0	0	16	0	0	0	0	0	0	95	142	3	1	3	24
2030	-5408	2400	14912	13	0	13	0	0	0	0	0	16	0	0	0	0	0	0	95	142	3	1	3	27
2031	-5424	2384	14864	13	0	13	0	0	0	0	0	16	0	0	0	0	0	0	95	142	4	1	3	33
2032	-5104	2176	14928	13	0	13	0	0	0	0	0	16	0	0	0	0	0	0	95	142	4	1	3	50
2033	-5392	2384	14720	13	0	13	0	0	0	0	0	16	0	0	0	0	0	0	95	142	6	2	8	429
2034	-5056	2432	14720	13	0	13	0	0	0	0	0	16	0	0	0	0	0	0	95	142	291	433	180	706
2035	-5120	2240	14896	13	0	13	0	0	0	0	0	16	0	0	0	0	0	0	95	142	550	621	326	835
2036	-5440	2224	14912	13	0	13	0	0	0	0	0	16	0	0	0	0	0	0	95	142	933	686	539	990
2037	-5440	2176	14640	13	0	13	0	0	0	0	0	16	0	0	0	0	0	0	95	142	1050	815	615	2665
2038	-5440	2096	14544	13	0	13	0	0	0	0	0	16	0	0	0	0	0	0	95	142	1098	820	657	3398
2039	-5456	2336	14848	13	0	13	0	0	0	0	0	16	0	0	0	0	0	0	95	142	2304	1121	1030	3727
2040	-5120	2208	14576	13	0	13	0	0	0	0	0	16	0	0	0	0	0	0	95	142	5009	3075	2051	4364
2041	-5456	2672	14736	13	0	13	0	0	0	0	0	16	0	0	0	0	0	0	95	142	5040	3088	2099	4224
2042	-5424	2352	14784	13	0	13	0	0	0	0	0	16	0	0	0	0	0	0	95	142	9999	3949	3290	3727
2043	-5392	2336	15104	13	0	13	0	0	0	0	0	16	0	0	0	0	0	0	95	142	12750	4715	3561	2995
2044	-5456	2400	14736	13	0	13	0	0	0	0	0	16	0	0	0	0	0	0	95	142	13288	4888	3461	2503
2045	-5440	2208	14864	13	0	13	0	0	0	0	0	16	0	0	0	0	0	0	95	142	13508	5016	3451	1875
2046	-5472	2208	14912	13	0	13	0	0	0	0	0	16	0	0	0	0	0	0	95	142	13471	5015	3418	1265
2047	-5472	2208	14912	13	0	13	0	0	0	0	0	16	0	0	0	0	0	0	95	142	12265	4723	3059	802
2048	-5456	2384	14896	13	0	13	0	0	0	0	0	16	0	8	0	0	0	0	95	142	9560	2769	2038	491
2049	-5424	2176	14896	13	0	13	0	0	0	0	0	16	0	0	0	0	0	0	95	142	9526	2756	1985	296
2050	-5472	2368	14928	13	0	13	0	0	0	0	0	16	0	0	0	0	0	1	95	142	4283	1464	622	178
2051	-5392	2368	14912	13	0	13	0	0	0	0	0	16	0	0	0	0	0	7	95	142	1272	510	205	111
2052	-5392	2176	14928	13	0	13	0	0	0	0	0	16	0	0	0	0	0	32	95	142	352	271	92	73
2053	-5408	2416	14944	13	0	13	0	0	0	0	0	20	0	8	0	0	0	41	95	142	15	14	26	53
2054	-5120	2240	14928	13	0	13	0	0	0	0	0	16	0	0	0	0	0	41	95	142	4	11	17	43
2055	-5104	2240	14896	13	0	13	0	0	0	0	0	16	0	0	0	0	0	47	95	142	3	1	2	38
2056	-5072	2176	14896	13	0	13	0	0	0	0	0	16	0	0	0	0	0	33	95	142	4	1	3	36
2057	-5056	2384	14880	13	0	13	0	0	0	0	0	16	0	0	0	0	1	46	95	142	4	1	3	38
2058	-5104	2176	14896	13	0	13	0	0	0	0	0	16	0	8	0	0	18	47	95	142	4	1	3	41
2059	-5104	2400	14928	13	0	13	0	0	0	0	0	16	0	0	0	0	38	0	95	142	4	2	3	38
2060	-5392	2256	14928	13	0	13	0	0	0	0	0	16	0	0	0	0	45	0	95	142	4	2	3	36
2061	-5408	2608	14896	13	0	13	0	0	0	0	0	16	1	0	0	0	61	0	95	142	4	1	3	33
2062	-5120	2576	14896	13	0	13	0	0	0	0	0	16	0	0	0	0	81	0	95	142	4	1	3	31
2063	-5424	2256	14944	13	0	13	0	0	0	0	0	16	0	0	0	0	87	0	95	142	4	1	4	28
2064	-5392	2192	14928	13	0	13	0	0	0	0	0	16	0	0	0	0	93	0	95	142	3	1	4	27
2065	-5120	2416	14928	13	0	13	0	0	0	0	0	16	0	0	0	0	88	0	95	142	4	1	3	25
2066	-5408	2176	14928	13	0	13	0	0	0	0	0	16	0	0	0	0	75	0	95	142	4	2	4	22
2067	-5456	2208	14960	13	0	13	0	0	0	0	0	16	0	0	0	0	58	0	95	142	3	1	4	25
2068	-5392	2224	14960	13	0	13	0	0	0	0	0	16	0	0	0	0	56	0	95	142	4	2	4	28
2069	-5408	2256	14960	13	0	13	0	0	0	0	0	16	0	0	0	0	38	0	95	142	4	2	4	29
2070	-5104	2208	14960	13	0	13	0	0	0	0	0	16	0	0	0	0	20	0	95	142	4	2	4	27
2071	-5072	2208	14720	13	0	13	0	0	0	0	0	16	0	0	0	3	13	0	95	142	4	2	3	25
2072	-5120	2400	14960	13	0	13	0	0	0	0	0	16	0	0	0	6	13	0	95	142	3	2	3	26
2073	-5088	2192	14912	13	0	13	0	0	0	0	0	16	0	0	0	5	15	0	95	142	3	2	3	26
2074	-5104	2176	14848	13	0	13	0	0	0	0	0	16	0	0	0	0	7	0	95	142	3	1	3	27
2075	-5072	2416	14896	13	0	13	0	0	0	0	0	16	0	0	0	0	4	0	95	142	4	1	3	29
2076	-5104	2192	14880	13	0	13	0	0	0	0	0	16	0	0	0	0	1	0	95	142	3	1	2	29
2077	-5056	2288	14928	13	0	13	0	0	0	0	0	16	0	0	0	0	0	0	95	142	2	1	2	30
2078	-5088	2256	14896	13	0	13	0	0	0	0	0	16	0	0	0	0	0	0	95	142	3	1	3	29
2079	-5072	2416	14720	13	0	13	0	0	0	0	0	16	0	0	0	0	0	0	95	142	4	1	3	31
2080	-5120	2176	14736	13	0	13	0	0	0	0	0	16	0	0	0	0	0	0	95	142	3	1	3	30
2081	-5424	2192	14752	13	0	13	0	0	0	0	0	16	0	0	0	0	0	0	95	142	3	1	3	28
2082	-5424	2256	14928	13	0	13	0	0	0	0	0	16	0	0	0	0	0	0	95	142	3	1	3	27
2083	-5120	2592	14944	13	0	13	0	0	0	0	0	16	0	0	0	0	0	0	95	142	3	1	3	27
2084	-5408	2256	14912	13	0	13	0	0	0	0	0	16	0	0	0	0	0	0	95	142	4	1	3	25
2085	-5392	2288	14864	13	0	13	0	0	0	0	0	16	0	0	0	0	0	0	95	142	4	1	3	26
2086	-5392	2224	14880	13	0	13	0	0	0	0	0	16	0	0	0	0	0	0	95	142	3	2	3	25
2087	-5392	2208	14864	13	0	13	0	0	0	0	0	16	0	0	0	0	0	0	95	142	3	1	3	25
2088	-5408	2224	14912	13	0	13	0	0	0	0	0	16	0	0	0	0	0	0	95	142	3	2	3	40
2089	-5056	2592	14896	13	0	13	0	0	0	0	0	16	0	0	0	0	0	0	95	142	4	3	6	445
2090	-5120	2448	14720	13	0	13	0	0	0	0	0	16	0	0	0	0	0	0	95	142	110	132	123	2657
2091	-5120	2432	14944	13	0	13	0	0	0	0	0	16	0	0	0	0	0	0	95	142	13671	2308	965	4078
2092	-5072	2256	14720	13	0	13	0	0	0	0	0	16	0	0	0	0	0	0	95	142	16834	2604	1241	5191
2093	-5024	2416	14784	13	0	13	0	0	0	0	0	16	0	0	0	0	0	0	95	142	24194	4034	1546	6046
2094	-5440	2176	14720	13	0	13	0	0	0	0	0	16	0	0	0	0	0	0	95	142	24543	4696	1714	6153
2095	-5488	2416	14544	13	0	13	0	0	0	0	0	16	0	0	0	0	0	0	95	142	39143	6200	2111	5794
2096	-5296	1984	14656	13	0	13	0	0	0	0	0	16	0	0	0	0	0	0	95	142	41581	9211	2534	5171
2097	-5376	2304	14624	13	0	13	0	0	0	0	0	16	0	0	0	0	0	0	95	142	42543	10218	2775	4736
2098	-5648	2320	14672	13	0	13	0	0	0	0	0	16	0	0	0	0	0	0	95	142	49427	10881	2989	4480
2099	-5488	2352	14512	13	0	13	0	0	0	0	0	16	0	0	0	0	0	0	95	142	38177	9343	2577	3458
2100	-5440	2368	14912	13	0	13	0	0	0	0	0	16	0	0	0	0	0	0	95	142	35077	9130	2546	2635
2101	-5392	2320	14944	13	0	13	0	0	0	0	0	16	0	0	0	0	0	0	95	142	27741	7713	2245	1776
2102	-5072	2352	14912	13	0	13	0	0	0	0	0	16	0	8	0	0	0	0	95	142	27392	7052	2078	1122
2103	-5120	2336	14944	13	0	13	0	0	0	0	0	16	0	0	0	0	0	0	95	142	12792	5547	1681	686
2104	-5392	2400	14928	13	0	13	0	0	0	0	0	16	0	0	0	0	0	0	95	142	10355	2536	1258	424
2105	-5104	2224	14736	13	0	13	0	0	0	0	0	16	0	0	0	0	0	0	95	142	9392	1528	1013	263
2106	-5120	2192	14720	13	0	13	0	0	0	0	0	16	0	0	0	0	0	0	95	142	2401	736	683	167
2107	-5392	2368	14720	13	0	13	0	0	0	0	0	20	0	8	0	0	0	9	95	142	91	98	253	111
2108	-5424	2416	14960	13	0	13	0	0	0	0	0	16	0	0	0	0	0	43	95	142	28	15	8	75
2109	-5120	2416	14720	13	0	13	0	0	0	0	0	16	0	0	0	0	0	53	95	142	4	2	3	54
2110	-5408	2272	14928	13	0	13	0	0	0	0	0	16	0	0	0	0	0	64	95	142	4	2	3	42
2111	-5088	2272	14912	13	0	13	0	0	0	0	0	16	0	0	0	0	0	83	95	142	4	2	3	37
2112	-5120	2240	14928	13	0	13	0	0	0	0	0	16	0	8	0	0	0	14	95	142	4	2	3	34
2113	-5056	2192	14720	13	0	13	0	0	0	0	0	16	0	0	0	0	5	9	95	142	5	2	3	34
2114	-5072	2208	14912	13	0	13	0	0	0	0	0	16	0	0	0	0	40	1	95	142	5	2	4	34
2115	-5120	2400	14944	13	0	13	0	0	0	0	0	16	0	0	0	0	47	0	95	142	4	2	3	34
2116	-5056	2176	14720	13	0	13	0	0	0	0	0	16	1	0	0	0	78	0	95	142	3	2	3	31
2117	-5088	2240	14912	13	0	13	0	0	0	0	0	16	0	0	0	0	97	0	95	142	3	1	3	27
2118	-5072	2192	14944	13	0	13	0	0	0	0	0	16	0	0	0	0	98	0	95	142	3	1	4	27
2119	-5056	2400	14768	13	0	13	0	0	0	0	0	16	0	0	0	0	97	0	95	142	3	1	4	26
2120	-5088	2400	14752	13	0	13	0	0	0	0	0	16	0	0	0	0	97	0	95	142	3	1	3	27
2121	-5120	2416	14752	13	0	13	0	0	0	0	0	16	0	0	0	0	93	0	95	142	3	1	3	29
2122	-5088	2384	14960	13	0	13	0	0	0	0	0	16	0	0	0	0	79	0	95	142	3	1	3	26
2123	-5088	2416	14720	13	0	13	0	0	0	0	0	16	0	0	0	0	58	0	95	142	4	1	3	22
2124	-5072	2208	14960	13	0	13	0	0	0	0	0	16	0	0	0	0	47	0	95	142	3	1	3	19
2125	-5040	2224	14736	13	0	13	0	0	0	0	0	16	0	0	0	0	32	0	95	142	3	1	3	19
2126	-5056	2176	14960	13	0	13	0	0	0	0	0	16	0	0	0	0	14	0	95	142	3	1	3	20
2127	-5056	2256	14720	13	0	13	0	0	0	0	0	16	0	0	0	0	13	0	95	142	3	1	3	25
2128	-5120	2240	14912	13	0	13	0	0	0	0	0	16	0	0	0	9	25	0	95	142	3	1	2	25
2129	-5072	2176	14912	13	0	13	0	0	0	0	0	16	0	0	0	2	14	0	95	142	3	1	2	23
2130	-5088	2240	14928	13	0	13	0	0	0	0	0	16	0	0	0	0	1	0	95	142	2	1	2	24
2131	-5072	2224	14944	13	0	13	0	0	0	0	0	16	0	0	0	0	1	0	95	142	3	1	2	23
2132	-5040	2240	14736	13	0	13	0	0	0	0	0	16	0	0	0	0	1	0	95	142	3	1	3	22
2133	-5088	2400	14960	13	0	13	0	0	0	0	0	16	0	0	0	0	1	0	95	142	4	1	3	22
2134	-5088	2176	14960	13	0	13	0	0	0	0	0	16	0	0	0	0	0	0	95	142	4	1	3	20
2135	-5088	2400	14912	13	0	13	0	0	0	0	0	16	0	0	0	0	0	0	95	142	4	1	3	20
2136	-5056	2416	14720	13	0	13	0	0	0	0	0	16	0	0	0	0	0	0	95	142	4	1	3	18
2137	-5056	2400	14720	13	0	13	0	0	0	0	0	16	0	0	0	0	0	0	95	142	4	1	3	19
2138	-5072	2208	14960	13	0	13	0	0	0	0	0	16	0	0	0	0	0	0	95	142	4	1	3	20
2139	-5392	2224	14720	13	0	13	0	0	0	0	0	16	0	0	0	0	0	0	95	142	4	1	3	22
2140	-5088	2224	14928	13	0	13	0	0	0	0	0	16	0	0	0	0	0	0	95	142	4	1	3	25
2141	-5392	2256	14960	13	0	13	0	0	0	0	0	16	0	0	0	0	0	0	95	142	3	1	3	26
2142	-5104	2272	14736	13	0	13	0	0	0	0	0	16	0	0	0	0	0	0	95	142	2	1	3	27
2143	-5040	2256	14960	13	0	13	0	0	0	0	0	16	0	0	0	0	0	0	95	142	3	1	3	25
2144	-5072	2176	14720	13	0	13	0	0	0	0	0	16	0	0	0	0	0	0	95	142	3	1	3	25
2145	-5072	2240	14960	13	0	13	0	0	0	0	0	16	0	0	0	0	0	0	95	142	4	1	3	25
2146	-5024	2272	14944	13	0	13	0	0	0	0	0	16	0	0	0	0	0	0	95	142	4	1	3	24
2147	-5024	2224	14768	13	0	13	0	0	0	0	0	16	0	0	0	0	0	0	95	142	4	1	3	22
2148	-5088	2256	14752	13	0	13	0	0	0	0	0	16	0	0	0	0	0	0	95	142	4	2	3	20
2149	-5088	2256	14752	13	0	13	0	0	0	0	0	16	0	0	0	0	0	0	95	142	4	2	3	21
2150	-5248	2224	14800	13	0	13	0	0	0	0	0	16	0	0	0	0	0	0	95	142	4	1	3	21
2151	-5088	2416	15104	13	0	13	0	0	0	0	0	16	0	0	0	0	0	0	95	142	4	1	3	21
2152	-5056	2240	14816	13	0	13	0	0	0	0	0	16	0	0	0	0	0	0	95	142	3	1	3	21
2153	-5056	2592	14736	13	0	13	0	0	0	0	0	16	0	0	0	0	0	0	95	142	3	1	2	25
2154	-5088	2224	14752	13	0	13	0	0	0	0	0	16	0	0	0	0	0	0	95	142	3	1	2	808
2155	-5392	2192	14880	13	0	13	0	0	0	0	0	16	0	0	0	0	0	0	95	142	980	123	29	1858
2156	-5040	2288	14944	13	0	13	0	0	0	0	0	16	0	0	0	0	0	0	95	142	2813	780	375	3609
2157	-5104	2624	14736	13	0	13	0	0	0	0	0	16	0	0	0	0	0	0	95	142	19630	5641	2385	4387
2158	-5504	2224	14560	13	0	13	0	0	0	0	0	16	0	0	0	0	0	0	95	142	19772	5718	2597	4576
2159	-5120	2416	14768	13	0	13	0	0	0	0	0	16	0	0	0	0	0	0	95	142	27165	7559	4106	5014
2160	-5088	2256	14768	13	0	13	0	0	0	0	0	16	0	0	0	0	0	0	95	142	27783	7667	4190	4505
2161	-5184	2352	14944	13	0	13	0	0	0	0	0	16	0	0	0	0	0	0	95	142	29346	8181	4371	3681
2162	-4864	2160	14720	13	0	13	0	0	0	0	0	16	0	0	0	0	0	0	95	142	29523	8287	4467	3401
2163	-5136	2096	14880	13	0	13	0	0	0	0	0	16	0	0	0	0	0	0	95	142	28584	8289	4601	3392
2164	-5008	2096	14880	13	0	13	0	0	0	0	0	16	0	0	0	0	0	0	95	142	26779	7716	4440	2631
2165	-5040	1984	14896	13	0	13	0	0	0	0	0	16	0	0	0	0	0	0	95	142	9963	2884	2441	1798
2166	-5040	2384	14960	13	0	13	0	0	0	0	0	16	0	8	0	0	0	0	95	142	9823	2808	2230	1144
2167	-5088	2400	14752	13	0	13	0	0	0	0	0	16	0	0	0	0	0	0	95	142	2430	967	722	700
2168	-5104	2368	14944	13	0	13	0	0	0	0	0	16	0	0	0	0	0	0	95	142	1812	859	637	421
2169	-5408	2656	14784	13	0	13	0	0	0	0	0	16	0	0	0	0	0	0	95	142	248	345	456	260
2170	-5120	2272	14960	13	0	13	0	0	0	0	0	16	0	0	0	0	0	0	95	142	74	241	377	162
2171	-5408	2208	14736	13	0	13	0	0	0	0	0	20	0	8	0	0	0	2	95	142	36	116	216	102
2172	-5392	2272	14928	13	0	13	0	0	0	0	0	16	0	0	0	0	0	35	95	142	8	32	32	70
2173	-5104	2272	14720	13	0	13	0	0	0	0	0	16	0	0	0	0	0	52	95	142	6	3	21	50
2174	-5120	2224	14944	13	0	13	0	0	0	0	0	16	0	0	0	0	0	61	95	142	6	3	20	41
2175	-5040	2224	14864	13	0	13	0	0	0	0	0	16	0	0	0	0	0	81	95	142	5	3	19	37
2176	-5024	2176	14864	13	0	13	0	0	0	0	0	16	0	8	0	0	0	85	95	142	5	3	19	37
2177	-5056	2384	14896	13	0	13	0	0	0	0	0	16	0	0	0	0	0	9	95	142	5	3	19	36
2178	-5104	2384	14912	13	0	13	0	0	0	0	0	16	0	0	0	0	29	20	95	142	3	1	3	35
2179	-5392	2224	14912	13	0	13	0	0	0	0	0	16	0	0	0	0	45	0	95	142	4	2	3	34
2180	-5392	2416	14880	13	0	13	0	0	0	0	0	16	0	0	0	0	48	0	95	142	4	2	3	32
2181	-5424	2224	14912	13	0	13	0	0	0	0	0	16	1	0	0	0	84	0	95	142	4	2	3	28
2182	-5392	2272	14880	13	0	13	0	0	0	0	0	16	0	0	0	0	97	0	95	142	4	2	3	27
2183	-5024	2272	14880	13	0	13	0	0	0	0	0	16	0	0	0	0	97	0	95	142	4	2	3	27
2184	-5104	2208	14880	13	0	13	0	0	0	0	0	16	0	0	0	0	96	0	95	142	4	2	3	25
2185	-5056	2176	14912	13	0	13	0	0	0	0	0	16	0	0	0	0	95	0	95	142	4	2	3	24
2186	-5088	2224	14928	13	0	13	0	0	0	0	0	16	0	0	0	0	87	0	95	142	4	2	3	22
2187	-5392	2176	14944	13	0	13	0	0	0	0	0	16	0	0	0	0	62	0	95	142	3	2	3	20
2188	-5392	2416	14736	13	0	13	0	0	0	0	0	16	0	0	0	0	51	0	95	142	3	2	3	18
2189	-5392	2416	14944	13	0	13	0	0	0	0	0	16	0	0	0	0	28	0	95	142	3	1	3	17
2190	-5024	2400	14944	13	0	13	0	0	0	0	0	16	0	0	0	0	12	0	95	142	3	1	3	16
2191	-5104	2176	14960	13	0	13	0	0	0	0	0	16	0	0	0	0	8	0	95	142	3	1	3	18
2192	-5072	2400	14752	13	0	13	0	0	0	0	0	16	0	0	0	3	10	0	95	142	2	1	3	19
2193	-5088	2208	14720	13	0	13	0	0	0	0	0	16	0	0	0	2	22	0	95	142	3	1	3	23
2194	-5072	2224	14960	13	0	13	0	0	0	0	0	16	0	0	0	0	5	0	95	142	3	1	3	24
2195	-5056	2208	14720	13	0	13	0	0	0	0	0	16	0	0	0	0	0	0	95	142	3	1	3	25
2196	-5056	2400	14960	13	0	13	0	0	0	0	0	16	0	0	0	0	0	0	95	142	3	1	3	25
2197	-5088	2368	14736	13	0	13	0	0	0	0	0	16	0	0	0	0	0	0	95	142	4	1	3	24
2198	-5088	2416	14944	13	0	13	0	0	0	0	0	16	0	0	0	0	0	0	95	142	3	1	3	23
2199	-5088	2224	14928	13	0	13	0	0	0	0	0	16	0	0	0	0	0	0	95	142	4	1	3	23
2200	-5056	2288	14736	13	0	13	0	0	0	0	0	16	0	0	0	0	0	0	95	142	4	1	3	24
2201	-5104	2224	14736	13	0	13	0	0	0	0	0	16	0	0	0	0	0	0	95	142	4	1	3	23
2202	-5088	2192	14752	13	0	13	0	0	0	0	0	16	0	0	0	0	0	0	95	142	4	1	3	22
2203	-5072	2416	14960	13	0	13	0	0	0	0	0	16	0	0	0	0	0	0	95	142	4	1	3	22
2204	-5056	2192	14720	13	0	13	0	0	0	0	0	16	0	0	0	0	0	0	95	142	4	1	3	23
2205	-5088	2176	14928	13	0	13	0	0	0	0	0	16	0	0	0	0	0	0	95	142	3	1	3	23
2206	-5104	2176	14912	13	0	13	0	0	0	0	0	16	0	0	0	0	0	0	95	142	3	1	3	23
2207	-5040	2416	14880	13	0	13	0	0	0	0	0	16	0	0	0	0	0	0	95	142	3	1	3	26
2208	-5056	2176	14912	13	0	13	0	0	0	0	0	16	0	0	0	0	0	0	95	142	3	1	3	24
2209	-5056	2176	14928	13	0	13	0	0	0	0	0	16	0	0	0	0	0	0	95	142	3	1	3	24
2210	-5072	2384	14912	13	0	13	0	0	0	0	0	16	0	0	0	0	0	0	95	142	2	1	2	26
2211	-5008	2384	14944	13	0	13	0	0	0	0	0	16	0	0	0	0	0	0	95	142	3	1	2	25
2212	-5056	2368	14896	13	0	13	0	0	0	0	0	16	0	0	0	0	0	0	95	142	2	1	2	26
2213	-5056	2416	14720	13	0	13	0	0	0	0	0	16	0	0	0	0	0	0	95	142	3	1	2	27
2214	-5040	2192	14736	13	0	13	0	0	0	0	0	16	0	0	0	0	0	0	95	142	3	1	2	26
2215	-5040	2240	14720	13	0	13	0	0	0	0	0	16	0	0	0	0	0	0	95	142	3	1	3	24
2216	-5040	2192	14960	13	0	13	0	0	0	0	0	16	0	0	0	0	0	0	95	142	2	1	2	25
2217	-5024	2192	14960	13	0	13	0	0	0	0	0	16	0	0	0	0	0	0	95	142	3	1	2	29
2218	-5088	2192	14944	13	0	13	0	0	0	0	0	16	0	0	0	0	0	0	95	142	3	1	3	44
2219	-5120	2560	14720	13	0	13	0	0	0	0	0	16	0	0	0	0	0	0	95	142	4	2	5	736
2220	-5040	2400	14960	13	0	13	0	0	0	0	0	16	0	0	0	0	0	0	95	142	303	60	70	1623
2221	-5216	2224	14768	13	0	13	0	0	0	0	0	16	0	0	0	0	0	0	95	142	5327	883	312	2303
2222	-5136	2304	15216	13	0	13	0	0	0	0	0	16	0	0	0	0	0	0	95	142	7203	1226	621	2388
2223	-5152	2272	14512	13	0	13	0	0	0	0	0	16	0	0	0	0	0	0	95	142	9063	1514	723	2500
2224	-5152	2608	14480	13	0	13	0	0	0	0	0	16	0	0	0	0	0	0	95	142	10896	2066	1206	2502
2225	-5008	2512	14528	13	0	13	0	0	0	0	0	16	0	0	0	0	0	0	95	142	11294	2461	1455	2058
2226	-5232	2576	14560	13	0	13	0	0	0	0	0	16	0	0	0	0	0	0	95	142	11645	2721	2166	1508
2227	-5104	2336	14928	13	0	13	0	0	0	0	0	16	0	0	0	0	0	0	95	142	11666	2744	2284	1033
2228	-5440	2352	14912	13	0	13	0	0	0	0	0	16	0	0	0	0	0	0	95	142	11371	2689	2234	692
2229	-5456	2192	14880	13	0	13	0	0	0	0	0	16	0	0	0	0	0	0	95	142	6350	1871	2008	454
2230	-5424	2208	14848	13	0	13	0	0	0	0	0	16	0	0	0	0	0	0	95	142	4476	1528	1712	290
2231	-5120	2176	14912	13	0	13	0	0	0	0	0	16	0	8	0	0	0	1	95	142	2616	1240	1610	181
2232	-5056	2224	14880	13	0	13	0	0	0	0	0	16	0	0	0	0	0	1	95	142	782	687	1126	116
2233	-5040	2224	14896	13	0	13	0	0	0	0	0	16	0	0	0	0	0	3	95	142	385	293	878	77
2234	-5120	2176	14944	13	0	13	0	0	0	0	0	16	0	0	0	0	0	15	95	142	34	33	167	53
2235	-5120	2592	14736	13	0	13	0	0	0	0	0	16	0	0	0	0	0	18	95	142	11	9	47	41
2236	-5072	2272	14736	13	0	13	0	0	0	0	0	20	0	8	0	0	0	28	95	142	8	6	32	32
2237	-5408	2208	14960	13	0	13	0	0	0	0	0	16	0	0	0	0	0	72	95	142	5	1	16	29
2238	-5392	2192	14944	13	0	13	0	0	0	0	0	16	0	0	0	0	0	91	95	142	4	1	3	26
2239	-5072	2224	14928	13	0	13	0	0	0	0	0	16	0	0	0	0	0	94	95	142	4	1	3	27
2240	-5056	2192	14912	13	0	13	0	0	0	0	0	16	0	0	0	0	0	95	95	142	5	1	3	27
2241	-5056	2192	14944	13	0	13	0	0	0	0	0	16	0	8	0	0	1	64	95	142	4	1	3	27
2242	-5040	2192	14944	13	0	13	0	0	0	0	0	16	0	0	0	0	22	0	95	142	4	1	3	27
2243	-5104	2416	14928	13	0	13	0	0	0	0	0	16	0	0	0	0	41	0	95	142	4	1	4	26
2244	-5120	2240	14880	13	0	13	0	0	0	0	0	16	0	0	0	0	46	0	95	142	4	1	4	29
2245	-5088	2240	14880	13	0	13	0	0	0	0	0	16	0	0	0	0	47	0	95	142	4	2	4	29
2246	-5392	2224	14880	13	0	13	0	0	0	0	0	16	1	0	0	1	57	0	95	142	4	2	4	31
2247	-5392	2256	14896	13	0	13	0	0	0	0	0	16	0	0	0	3	89	0	95	142	4	1	4	30
2248	-5120	2240	14896	13	0	13	0	0	0	0	0	16	0	0	0	7	89	0	95	142	4	1	4	31
2249	-5392	2224	14896	13	0	13	0	0	0	0	0	16	0	0	0	3	84	0	95	142	3	1	3	28
2250	-5104	2192	14912	13	0	13	0	0	0	0	0	16	0	0	0	1	82	0	95	142	3	1	3	29
2251	-5424	2272	14944	13	0	13	0	0	0	0	0	16	0	0	0	0	52	0	95	142	3	1	3	30
2252	-5104	2240	14944	13	0	13	0	0	0	0	0	16	0	0	0	0	8	0	95	142	2	1	3	29
2253	-5424	2240	14864	13	0	13	0	0	0	0	0	16	0	0	0	0	4	0	95	142	2	1	3	30
2254	-5392	2224	14928	13	0	13	0	0	0	0	0	16	0	0	0	0	2	0	95	142	2	1	3	30
2255	-5120	2256	14960	13	0	13	0	0	0	0	0	16	0	0	0	0	2	0	95	142	2	1	3	29
2256	-5392	2240	14720	13	0	13	0	0	0	0	0	16	0	0	0	0	1	0	95	142	3	1	3	28
2257	-5056	2208	14960	13	0	13	0	0	0	0	0	16	0	0	0	0	0	0	95	142	3	1	3	24
2258	-5056	2192	14928	13	0	13	0	0	0	0	0	16	0	0	0	0	0	0	95	142	3	1	3	24
2259	-5072	2384	14720	13	0	13	0	0	0	0	0	16	0	0	0	0	0	0	95	142	2	1	3	26
2260	-5040	2176	14736	13	0	13	0	0	0	0	0	16	0	0	0	0	0	0	95	142	3	1	3	26
2261	-5040	2416	14736	13	0	13	0	0	0	0	0	16	0	0	0	0	0	0	95	142	3	1	3	31
2262	-5120	2400	14944	13	0	13	0	0	0	0	0	16	0	0	0	0	0	0	95	142	2	1	3	30
2263	-5104	2176	14928	13	0	13	0	0	0	0	0	16	0	0	0	0	0	0	95	142	3	1	2	32
2264	-5120	2224	14912	13	0	13	0	0	0	0	0	16	0	0	0	0	0	0	95	142	2	1	2	29
2265	-5120	2288	14928	13	0	13	0	0	0	0	0	16	0	0	0	0	0	0	95	142	2	1	3	32
2266	-5120	2240	14928	13	0	13	0	0	0	0	0	16	0	0	0	0	0	0	95	142	2	1	3	34
2267	-5120	2400	14912	13	0	13	0	0	0	0	0	16	0	0	0	0	0	0	95	142	3	1	3	35
2268	-5392	2416	14928	13	0	13	0	0	0	0	0	16	0	0	0	0	0	0	95	142	4	1	4	39
2269	-5072	2224	14944	13	0	13	0	0	0	0	0	16	0	0	0	0	0	0	95	142	5	2	4	36
2270	-5088	2192	14912	13	0	13	0	0	0	0	0	16	0	0	0	0	0	0	95	142	5	2	4	35
2271	-5024	2192	14960	13	0	13	0	0	0	0	0	16	0	0	0	0	0	0	95	142	5	1	3	34
2272	-5024	2176	14944	13	0	13	0	0	0	0	0	16	0	0	0	0	0	0	95	142	4	1	3	34
2273	-5216	2400	14960	13	0	13	0	0	0	0	0	16	0	0	0	0	0	0	95	142	6	2	3	32
2274	-5056	2240	14752	13	0	13	0	0	0	0	0	16	0	0	0	0	0	0	95	142	5	1	4	45
2275	-5056	2256	14768	13	0	13	0	0	0	0	0	16	0	0	0	0	0	0	95	142	5	1	3	306
2276	-5248	2208	14688	13	0	13	0	0	0	0	0	16	0	0	0	0	0	0	95	142	47	44	128	1710
2277	-5072	2256	14560	13	0	13	0	0	0	0	0	16	0	0	0	0	0	0	95	142	7589	254	348	3109
2278	-5392	2176	14960	13	0	13	0	0	0	0	0	16	0	0	0	0	0	0	95	142	7750	402	502	3372
2279	-5216	1984	14768	13	0	13	0	0	0	0	0	16	0	0	0	0	0	0	95	142	7867	421	623	3291
2280	-5008	2336	15072	13	0	13	0	0	0	0	0	16	0	0	0	0	0	0	95	142	7910	479	1002	3412
2281	-5424	2592	14512	13	0	13	0	0	0	0	0	16	0	0	0	0	0	0	95	142	10477	779	1075	3421
2282	-5264	2480	14512	13	0	13	0	0	0	0	0	16	0	0	0	0	0	0	95	142	11987	940	1381	3013
2283	-5408	2480	14912	13	0	13	0	0	0	0	0	16	0	0	0	0	0	0	95	142	12152	1303	1560	2445
2284	-5008	1968	14928	13	0	13	0	0	0	0	0	16	0	0	0	0	0	0	95	142	12390	1374	1651	1851
2285	-5056	2320	14912	13	0	13	0	0	0	0	0	16	0	0	0	0	0	0	95	142	4906	1174	1454	1255
2286	-5072	2384	14960	13	0	13	0	0	0	0	0	16	0	0	0	0	0	0	95	142	4747	1026	1303	797
2287	-5056	2256	14720	13	0	13	0	0	0	0	0	16	0	8	0	0	0	0	95	142	4629	1007	1182	489
2288	-5088	2224	14736	13	0	13	0	0	0	0	0	16	0	0	0	0	0	0	95	142	4587	949	804	297
2289	-5104	2256	14720	13	0	13	0	0	0	0	0	16	0	0	0	0	0	0	95	142	2018	649	730	180
2290	-5392	2208	14928	13	0	13	0	0	0	0	0	16	0	0	0	0	0	1	95	142	508	488	424	113
2291	-5088	2224	14928	13	0	13	0	0	0	0	0	16	0	0	0	0	0	4	95	142	343	125	245	75
2292	-5120	2208	14896	13	0	13	0	0	0	0	0	20	0	8	0	0	0	5	95	142	61	11	29	52
2293	-5088	2192	14928	13	0	13	0	0	0	0	0	16	0	0	0	0	0	33	95	142	3	1	6	38
2294	-5408	2176	14944	13	0	13	0	0	0	0	0	16	0	0	0	0	0	75	95	142	1	1	3	30
2295	-5392	2224	14864	13	0	13	0	0	0	0	0	16	0	0	0	0	0	90	95	142	2	1	3	27
2296	-5024	2592	14864	13	0	13	0	0	0	0	0	16	0	0	0	0	0	92	95	142	2	1	3	26
2297	-5024	2272	14928	13	0	13	0	0	0	0	0	16	0	8	0	0	0	95	95	142	2	1	3	25
2298	-5248	2176	14736	13	0	13	0	0	0	0	0	16	0	0	0	0	2	9	95	142	3	1	4	23
2299	-5008	2416	14736	13	0	13	0	0	0	0	0	16	0	0	0	0	35	0	95	142	3	1	4	23
2300	-5232	2192	14960	13	0	13	0	0	0	0	0	16	0	0	0	0	44	0	95	142	3	1	4	34
2301	-5232	2208	14896	13	0	13	0	0	0	0	0	16	0	0	0	0	48	0	95	142	4	5	8	35
2302	-5024	2176	14768	13	0	13	0	0	0	0	0	16	1	0	0	0	61	0	95	142	5	6	9	36
2303	-5008	2336	14752	13	0	13	0	0	0	0	0	16	0	0	0	0	92	0	95	142	6	6	9	31
2304	-5040	2352	14752	13	0	13	0	0	0	0	0	16	0	0	0	0	95	0	95	142	5	6	8	26
2305	-5008	2256	14752	13	0	13	0	0	0	0	0	16	0	0	0	0	93	0	95	142	5	6	8	27
2306	-5232	2240	14928	13	0	13	0	0	0	0	0	16	0	0	0	0	91	0	95	142	5	6	8	28
2307	-5008	2272	14944	13	0	13	0	0	0	0	0	16	0	0	0	0	85	0	95	142	5	6	8	27
2308	-5072	2192	14720	13	0	13	0	0	0	0	0	16	0	0	0	0	60	0	95	142	6	6	9	27
2309	-5104	2416	14752	13	0	13	0	0	0	0	0	16	0	0	0	0	13	0	95	142	5	2	4	28
2310	-5040	2560	14768	13	0	13	0	0	0	0	0	16	0	0	0	0	6	0	95	142	4	1	3	44
2311	-5072	2208	14752	13	0	13	0	0	0	0	0	16	0	0	0	0	3	0	95	142	4	1	3	42
2312	-5008	2208	14816	13	0	13	0	0	0	0	0	16	0	0	0	0	2	0	95	142	4	1	4	37
2313	-5008	2400	14800	13	0	13	0	0	0	0	0	16	0	0	0	0	2	0	95	142	5	2	4	33
2314	-5248	2384	14752	13	0	13	0	0	0	0	0	16	0	0	0	0	6	0	95	142	6	2	3	30
2315	-5056	2384	14736	13	0	13	0	0	0	0	0	16	0	0	0	0	0	0	95	142	6	1	3	28
2316	-5248	2416	14960	13	0	13	0	0	0	0	0	16	0	0	0	0	0	0	95	142	6	1	3	25
2317	-5008	2192	14768	13	0	13	0	0	0	0	0	16	0	0	0	0	0	0	95	142	7	1	3	23
2318	-5040	2400	14736	13	0	13	0	0	0	0	0	16	0	0	0	0	0	0	95	142	7	1	3	27
2319	-5200	2176	14928	13	0	13	0	0	0	0	0	16	0	0	0	0	0	0	95	142	7	1	7	33
2320	-5056	2416	14912	13	0	13	0	0	0	0	0	16	0	0	0	0	0	0	95	142	7	1	7	33
2321	-5024	2192	14960	13	0	13	0	0	0	0	0	16	0	0	0	0	0	0	95	142	7	1	7	43
2322	-5040	2400	14944	13	0	13	0	0	0	0	0	16	0	0	0	0	0	0	95	142	6	2	7	41
2323	-5072	2416	14752	13	0	13	0	0	0	0	0	16	0	0	0	0	0	0	95	142	7	2	7	38
2324	-5248	2384	14720	13	0	13	0	0	0	0	0	16	0	0	0	0	0	0	95	142	6	2	7	33
2325	-5200	2176	14960	13	0	13	0	0	0	0	0	16	0	0	0	0	0	0	95	142	5	2	7	32
2326	-5200	2400	14768	13	0	13	0	0	0	0	0	16	0	0	0	0	0	0	95	142	5	2	7	31
2327	-5248	2368	14752	13	0	13	0	0	0	0	0	16	0	0	0	0	0	0	95	142	4	1	4	30
2328	-5248	2352	14736	13	0	13	0	0	0	0	0	16	0	0	0	0	0	0	95	142	4	1	4	27
2329	-5024	2384	14960	13	0	13	0	0	0	0	0	16	0	0	0	0	0	0	95	142	4	1	4	26
2330	-5024	2176	14752	13	0	13	0	0	0	0	0	16	0	0	0	0	0	0	95	142	3	1	4	24
2331	-5040	2384	14768	13	0	13	0	0	0	0	0	16	0	0	0	0	0	0	95	142	3	1	4	24
2332	-5008	2400	14960	13	0	13	0	0	0	0	0	16	0	0	0	0	0	0	95	142	3	1	4	23
2333	-5008	2368	14736	13	0	13	0	0	0	0	0	16	0	0	0	0	0	0	95	142	3	1	4	23
2334	-5008	2416	14736	13	0	13	0	0	0	0	0	16	0	0	0	0	0	0	95	142	3	1	3	61
2335	-5056	2304	14752	13	0	13	0	0	0	0	0	16	0	0	0	0	0	0	95	142	5	3	4	442
2336	-5168	2240	14640	13	0	13	0	0	0	0	0	16	0	0	0	0	0	0	95	142	204	34	40	1905
2337	-5024	2624	14576	13	0	13	0	0	0	0	0	16	0	0	0	0	0	0	95	142	1452	249	269	2748
2338	-4864	2544	14464	13	0	13	0	0	0	0	0	16	0	0	0	0	0	0	95	142	6686	1223	701	3193
2339	-4752	2448	14480	13	0	13	0	0	0	0	0	16	0	0	0	0	0	0	95	142	7290	1561	954	3262
2340	-4784	2736	14656	13	0	13	0	0	0	0	0	16	0	0	0	0	0	0	95	142	7842	1603	992	2947
2341	-5024	2784	14912	13	0	13	0	0	0	0	0	16	0	0	0	0	0	0	95	142	8169	1807	1074	2568
2342	-5392	2320	15104	13	0	13	0	0	0	0	0	16	0	0	0	0	0	0	95	142	8923	2019	1160	2355
2343	-5248	2608	14848	13	0	13	0	0	0	0	0	16	0	0	0	0	0	0	95	142	8976	2173	1267	1895
2344	-5216	2512	14848	13	0	13	0	0	0	0	0	16	0	0	0	0	0	0	95	142	8793	2196	1264	1365
2345	-5248	2192	14720	13	0	13	0	0	0	0	0	16	0	0	0	0	0	0	95	142	7551	2028	1056	901
2346	-5216	2208	14736	13	0	13	0	0	0	0	0	16	0	0	0	0	0	0	95	142	2318	1056	629	564
2347	-5200	2368	14800	13	0	13	0	0	0	0	0	16	0	8	0	0	0	0	95	142	1713	718	376	343
2348	-5024	2352	14736	13	0	13	0	0	0	0	0	16	0	0	0	0	0	0	95	142	1161	675	338	206
2349	-5232	2400	14784	13	0	13	0	0	0	0	0	16	0	0	0	0	0	0	95	142	835	472	256	127
2350	-5008	2384	14768	13	0	13	0	0	0	0	0	16	0	0	0	0	0	3	95	142	81	260	170	83
2351	-5024	2224	14752	13	0	13	0	0	0	0	0	16	0	0	0	0	0	7	95	142	26	103	62	58
2352	-5040	2256	14736	13	0	13	0	0	0	0	0	20	0	8	0	0	0	11	95	142	11	50	29	42
2353	-5232	2288	14736	13	0	13	0	0	0	0	0	16	0	0	0	0	0	45	95	142	5	2	8	34
2354	-5248	2288	14960	13	0	13	0	0	0	0	0	16	0	0	0	0	0	85	95	142	4	2	3	28
2355	-5008	2272	14752	13	0	13	0	0	0	0	0	16	0	0	0	0	0	92	95	142	4	2	3	28
2356	-5008	2192	14720	13	0	13	0	0	0	0	0	16	0	0	0	0	0	94	95	142	4	2	3	31
2357	-5008	2176	14960	13	0	13	0	0	0	0	0	16	0	8	0	0	0	94	95	142	4	2	4	37
2358	-5248	2368	14768	13	0	13	0	0	0	0	0	16	0	0	0	0	5	2	95	142	4	2	4	37
2359	-5248	2352	14736	13	0	13	0	0	0	0	0	16	0	0	0	0	41	0	95	142	3	2	4	37
2360	-5008	2384	14736	13	0	13	0	0	0	0	0	16	0	0	0	0	45	0	95	142	4	3	4	34
2361	-5232	2416	14768	13	0	13	0	0	0	0	0	16	0	0	0	0	48	0	95	142	4	3	4	32
2362	-5248	2368	14960	13	0	13	0	0	0	0	0	16	1	0	0	0	60	0	95	142	3	3	4	30
2363	-5248	2192	14928	13	0	13	0	0	0	0	0	16	0	0	0	0	92	0	95	142	4	3	4	27
2364	-5008	2208	14960	13	0	13	0	0	0	0	0	16	0	0	0	1	94	0	95	142	4	2	3	27
2365	-5008	2208	14736	13	0	13	0	0	0	0	0	16	0	0	0	0	91	0	95	142	3	2	3	24
2366	-5008	2224	14768	13	0	13	0	0	0	0	0	16	0	0	0	0	89	0	95	142	3	1	3	22
2367	-5248	2240	14720	13	0	13	0	0	0	0	0	16	0	0	0	0	79	0	95	142	3	1	3	20
2368	-5232	2192	14736	13	0	13	0	0	0	0	0	16	0	0	0	0	29	0	95	142	3	1	3	20
2369	-5008	2256	14736	13	0	13	0	0	0	0	0	16	0	0	0	0	8	0	95	142	3	1	2	20
2370	-5200	2240	14736	13	0	13	0	0	0	0	0	16	0	0	0	0	4	0	95	142	3	1	2	20
2371	-5248	2416	14720	13	0	13	0	0	0	0	0	16	0	0	0	0	2	0	95	142	3	1	3	20
2372	-5184	2208	14928	13	0	13	0	0	0	0	0	16	0	0	0	0	2	0	95	142	3	1	3	22
2373	-5168	2224	14960	13	0	13	0	0	0	0	0	16	0	0	0	0	2	0	95	142	3	1	3	27
2374	-5184	2192	14944	13	0	13	0	0	0	0	0	16	0	0	0	0	2	0	95	142	3	2	3	30
2375	-5216	2416	14720	13	0	13	0	0	0	0	0	16	0	0	0	0	0	0	95	142	3	1	3	31
2376	-5216	2416	14720	13	0	13	0	0	0	0	0	16	0	0	0	0	0	0	95	142	3	2	3	28
2377	-5184	2176	14736	13	0	13	0	0	0	0	0	16	0	0	0	0	0	0	95	142	3	1	3	27
2378	-5216	2176	14736	13	0	13	0	0	0	0	0	16	0	0	0	0	0	0	95	142	3	2	3	24
2379	-5216	2416	14736	13	0	13	0	0	0	0	0	16	0	0	0	0	0	0	95	142	3	1	3	24
2380	-5216	2192	14720	13	0	13	0	0	0	0	0	16	0	0	0	0	0	0	95	142	2	1	3	24
2381	-5184	2416	14736	13	0	13	0	0	0	0	0	16	0	0	0	0	0	0	95	142	2	1	3	23
2382	-5248	2400	14736	13	0	13	0	0	0	0	0	16	0	0	0	0	0	0	95	142	3	1	3	22
2383	-5008	2256	14768	13	0	13	0	0	0	0	0	16	0	0	0	0	0	0	95	142	3	1	3	20
2384	-5168	2224	14768	13	0	13	0	0	0	0	0	16	0	0	0	0	0	0	95	142	4	1	3	19
2385	-5248	2240	14752	13	0	13	0	0	0	0	0	16	0	0	0	0	0	0	95	142	4	1	3	21
2386	-5008	2416	14960	13	0	13	0	0	0	0	0	16	0	0	0	0	0	0	95	142	4	1	3	25
2387	-5008	2384	14720	13	0	13	0	0	0	0	0	16	0	0	0	0	0	0	95	142	4	1	3	25
2388	-5008	2192	14736	13	0	13	0	0	0	0	0	16	0	0	0	0	0	0	95	142	4	1	3	27
2389	-5232	2272	14736	13	0	13	0	0	0	0	0	16	0	0	0	0	0	0	95	142	4	1	3	28
2390	-5216	2272	14960	13	0	13	0	0	0	0	0	16	0	0	0	0	0	0	95	142	3	1	3	26
2391	-4864	2240	14752	13	0	13	0	0	0	0	0	16	0	0	0	0	0	0	95	142	3	1	3	24
2392	-5200	2176	15104	13	0	13	0	0	0	0	0	16	0	0	0	0	0	0	95	142	3	1	3	23
2393	-5168	2192	14768	13	0	13	0	0	0	0	0	16	0	0	0	0	0	0	95	142	3	1	3	22
2394	-5216	2400	14800	13	0	13	0	0	0	0	0	16	0	0	0	0	0	0	95	142	3	1	3	37
2395	-5136	2288	15008	13	0	13	0	0	0	0	0	16	0	0	0	0	0	0	95	142	4	2	5	999
2396	-4768	2576	15376	13	0	13	0	0	0	0	0	16	0	0	0	0	0	0	95	142	1840	350	76	1774
2397	-4960	2192	15408	13	0	13	0	0	0	0	0	16	0	0	0	0	0	0	95	142	1948	378	364	2073
2398	-5200	2384	15152	13	0	13	0	0	0	0	0	16	0	0	0	0	0	0	95	142	2990	820	548	2597
2399	-4800	2560	15120	13	0	13	0	0	0	0	0	16	0	0	0	0	0	0	95	142	6131	1340	958	2956
2400	-4864	2416	14976	13	0	13	0	0	0	0	0	16	0	0	0	0	0	0	95	142	6619	1460	1045	3145
2401	-4992	2672	14768	13	0	13	0	0	0	0	0	16	0	0	0	0	0	0	95	142	7331	1801	1242	3093
2402	-4768	2240	14736	13	0	13	0	0	0	0	0	16	0	0	0	0	0	0	95	142	7438	2051	1316	2792
2403	-4832	2448	14944	13	0	13	0	0	0	0	0	16	0	0	0	0	0	0	95	142	11374	2917	1899	2270
2404	-5136	2576	14720	13	0	9	0	0	0	0	0	16	0	0	0	0	0	0	95	142	9570	2652	1872	1630
2405	-5184	2256	14960	0	0	9	0	0	0	0	0	16	0	0	0	0	0	0	95	142	9474	2653	1599	1098
2406	-5200	2192	14752	0	0	9	0	0	0	0	0	16	0	0	0	0	0	0	95	142	8436	2216	1421	696
2407	-5184	2208	14720	0	0	9	0	0	0	0	0	16	0	0	0	0	0	0	95	142	5295	1696	1010	429
2408	-5216	2416	14752	0	0	9	0	0	0	0	0	16	0	8	0	0	0	0	95	142	4807	1576	923	261
2409	-5232	2288	14768	0	0	9	0	0	0	0	0	16	0	0	0	0	0	0	95	142	4095	1235	726	161
2410	-5184	2240	14736	0	0	9	0	0	0	0	0	16	0	0	0	0	0	3	95	142	3988	985	652	104
2411	-5008	2416	14960	0	0	9	0	0	0	0	0	16	0	0	0	0	0	2	95	142	51	118	67	71
2412	-5184	2400	14944	0	0	9	0	0	0	0	0	16	0	0	0	0	0	16	95	142	19	35	23	50
2413	-4832	2208	14960	0	0	9	0	0	0	0	0	20	0	8	0	0	0	54	95	142	7	6	9	41
2414	-5216	2208	14960	0	0	9	0	0	0	0	0	16	0	0	0	0	0	84	95	142	3	1	2	48
2415	-5200	2192	14960	0	0	9	0	0	0	0	0	16	0	0	0	0	0	88	95	142	7	2	3	54
2416	-5184	2272	14720	0	0	9	0	0	0	0	0	16	0	0	0	0	0	94	95	142	8	3	3	57
2417	-5216	2176	14736	0	0	9	0	0	0	0	0	16	0	0	0	0	0	90	95	142	8	4	4	55
2418	-5184	2368	14736	0	0	9	0	0	0	0	0	16	0	8	0	0	9	2	95	142	8	4	4	49
2419	-5184	2384	14768	0	0	9	0	0	0	0	0	16	0	0	0	0	41	3	95	142	8	4	5	47
2420	-5216	2176	14752	0	0	9	0	0	0	0	0	16	0	0	0	0	47	0	95	142	7	4	4	43
2421	-5248	2416	14736	0	0	9	0	0	0	0	0	16	0	0	0	0	48	0	95	142	7	3	4	42
2422	-5216	2192	14768	0	0	9	0	0	0	0	0	16	1	0	0	0	81	0	95	142	7	4	4	38
2423	-5152	2240	14768	0	0	9	0	0	0	0	0	16	0	0	0	0	95	0	95	142	4	3	4	32
2424	-5184	2176	14736	0	0	9	0	0	0	0	0	16	0	0	0	0	95	0	95	142	3	2	4	30
2425	-5216	2192	14784	0	0	9	0	0	0	0	0	16	0	0	0	0	92	0	95	142	2	1	3	27
2426	-5152	2224	14752	0	0	9	0	0	0	0	0	16	0	0	0	0	91	0	95	142	3	1	3	26
2427	-5152	2208	14720	0	0	9	0	0	0	0	0	16	0	0	0	0	77	0	95	142	2	1	3	24
2428	-5200	2176	14944	0	0	9	0	0	0	0	0	16	0	0	0	0	25	0	95	142	2	1	3	25
2429	-5216	2256	14752	0	0	9	0	0	0	0	0	16	0	0	0	0	12	0	95	142	2	1	3	27
2430	-5184	2560	14752	0	0	9	0	0	0	0	0	16	0	0	0	0	6	0	95	142	2	1	3	25
2431	-5200	2256	14800	0	0	9	0	0	0	0	0	16	0	0	0	0	3	0	95	142	3	1	3	23
2432	-5152	2240	14768	0	0	9	0	0	0	0	0	16	0	0	0	0	4	0	95	142	3	1	3	22
2433	-4864	2176	14768	0	0	9	0	0	0	0	0	16	0	0	0	0	6	0	95	142	4	1	3	21
2434	-4864	2192	14752	0	0	9	0	0	0	0	0	16	0	0	0	0	9	0	95	142	4	1	3	19
2435	-4832	2192	14720	0	0	9	0	0	0	0	0	16	0	0	0	0	0	0	95	142	4	1	2	20
2436	-4848	2256	14752	0	0	9	0	0	0	0	0	16	0	0	0	0	0	0	95	142	4	1	3	22
2437	-4864	2224	14736	0	0	9	0	0	0	0	0	16	0	0	0	0	0	0	95	142	4	1	3	25
2438	-5136	2176	14800	0	0	9	0	0	0	0	0	16	0	0	0	0	0	0	95	142	4	1	3	25
2439	-5168	2192	14736	0	0	9	0	0	0	0	0	16	0	0	0	0	0	0	95	142	4	1	3	25
2440	-5152	2416	14768	0	0	9	0	0	0	0	0	16	0	0	0	0	0	0	95	142	4	1	3	24
2441	-5216	2192	14800	0	0	9	0	0	0	0	0	16	0	0	0	0	0	0	95	142	4	1	3	22
2442	-5152	2176	14784	0	0	9	0	0	0	0	0	16	0	0	0	0	0	0	95	142	4	1	3	21
2443	-4864	2192	14752	0	0	9	0	0	0	0	0	16	0	0	0	0	0	0	95	142	4	1	3	23
2444	-5168	2400	14736	0	0	9	0	0	0	0	0	16	0	0	0	0	0	0	95	142	5	1	3	25
2445	-4832	2400	14720	0	0	9	0	0	0	0	0	16	0	0	0	0	0	0	95	142	4	1	2	25
2446	-5152	2192	14736	0	0	9	0	0	0	0	0	16	0	0	0	0	0	0	95	142	4	1	2	27
2447	-5184	2192	14720	0	0	9	0	0	0	0	0	16	0	0	0	0	0	0	95	142	5	1	2	26
2448	-5136	2224	14960	0	0	9	0	0	0	0	0	16	0	0	0	0	0	0	95	142	5	1	2	29
2449	-5184	2192	14736	0	0	9	0	0	0	0	0	16	0	0	0	0	0	0	95	142	4	1	3	27
2450	-4864	2224	14960	0	0	9	0	0	0	0	0	16	0	0	0	0	0	0	95	142	4	1	3	25
2451	-4864	2176	14800	0	0	9	0	0	0	0	0	16	0	0	0	0	0	0	95	142	4	1	3	34
2452	-5136	2384	14720	0	0	9	0	0	0	0	0	16	0	0	0	0	0	0	95	142	3	1	3	144
2453	-4848	2608	14656	0	0	9	0	0	0	0	0	16	0	0	0	0	0	0	95	142	23	71	90	695
2454	-5040	2640	14608	0	0	9	0	0	0	0	0	16	0	0	0	0	0	0	95	142	205	256	599	1708
2455	-4800	2416	14896	0	0	9	0	0	0	0	0	16	0	0	0	0	0	0	95	142	1205	334	1206	2687
2456	-4848	2448	14704	0	0	9	0	0	0	0	0	16	0	0	0	0	0	0	95	142	3248	1411	1289	3205
2457	-5120	2448	14640	0	0	9	0	0	0	0	0	16	0	0	0	0	0	0	95	142	7627	2417	3341	3146
2458	-5056	2480	14864	0	0	9	0	0	0	0	0	16	0	0	0	0	0	0	95	142	8412	2654	3778	2784
2459	-5200	2848	14640	0	0	9	0	0	0	0	0	16	0	0	0	0	0	0	95	142	8550	2749	3955	2484
2460	-5248	2352	14720	0	0	9	0	0	0	0	0	16	0	0	0	0	0	0	95	142	9848	2962	4089	2499
2461	-5184	2592	14960	0	0	9	0	0	0	0	0	16	0	0	0	0	0	0	95	142	9843	2957	4064	2504
2462	-5136	2288	14912	0	0	9	0	0	0	0	0	16	0	0	0	0	0	0	95	142	11344	2855	3741	1948
2463	-5152	2224	14736	0	0	9	0	0	0	0	0	16	0	0	0	0	0	0	95	142	10369	2845	3172	1331
2464	-5136	2192	14736	0	0	9	0	0	0	0	0	16	0	0	0	0	0	0	95	142	8326	1768	3090	851
2465	-5136	2416	14752	0	0	9	0	0	0	0	0	16	0	8	0	0	0	0	95	142	3947	761	1039	524
2466	-5152	2192	14752	0	0	9	0	0	0	0	0	16	0	0	0	0	0	0	95	142	3162	524	602	317
2467	-5200	2208	14928	0	0	9	0	0	0	0	0	16	0	0	0	0	0	0	95	142	3024	429	424	194
2468	-5152	2208	14800	0	0	9	0	0	0	0	0	16	0	0	0	0	0	1	95	142	1726	216	290	124
2469	-5200	2416	14784	0	0	9	0	0	0	0	0	16	0	0	0	0	0	2	95	142	1711	152	227	86
2470	-5168	2224	14784	0	0	9	0	0	0	0	0	20	0	8	0	0	0	11	95	142	30	69	43	61
2471	-5232	2192	14800	0	0	9	0	0	0	0	0	16	0	0	0	0	0	46	95	142	5	2	4	48
2472	-5184	2208	14784	0	0	9	0	0	0	0	0	16	0	0	0	0	0	73	95	142	5	2	3	49
2473	-5200	2208	14720	0	0	9	0	0	0	0	0	16	0	0	0	0	0	85	95	142	7	2	3	55
2474	-5184	2208	14720	0	0	9	0	0	0	0	0	16	0	0	0	0	0	91	95	142	8	3	4	60
2475	-5184	2192	14960	0	0	9	0	0	0	0	0	16	0	8	0	0	0	92	95	142	8	4	4	60
2476	-5232	2192	14720	0	0	9	0	0	0	0	0	16	0	0	0	0	5	19	95	142	8	4	5	61
2477	-5248	2192	14784	0	0	9	0	0	0	0	0	16	0	0	0	0	41	7	95	142	11	5	5	57
2478	-5168	2384	14784	0	0	9	0	0	0	0	0	16	0	0	0	0	46	0	95	142	9	5	5	52
2479	-5200	2192	14720	0	0	9	0	0	0	0	0	16	0	0	0	0	48	0	95	142	9	4	6	46
2480	-4848	2240	14944	0	0	9	0	0	0	0	0	16	1	0	0	0	77	0	95	142	9	5	6	39
2481	-5168	2384	14944	0	0	9	0	0	0	0	0	16	0	0	0	0	95	0	95	142	8	4	5	34
2482	-5168	2208	14736	0	0	9	0	0	0	0	0	16	0	0	0	0	95	0	95	142	7	3	4	30
2483	-4816	2416	14944	0	0	9	0	0	0	0	0	16	0	0	0	0	93	0	95	142	7	3	4	29
2484	-4848	2192	14912	0	0	9	0	0	0	0	0	16	0	0	0	0	91	0	95	142	7	2	3	30
2485	-5184	2416	14768	0	0	9	0	0	0	0	0	16	0	0	0	0	80	0	95	142	4	2	3	29
2486	-5168	2416	14784	0	0	9	0	0	0	0	0	16	0	0	0	0	39	0	95	142	4	1	3	29
2487	-5136	2400	14768	0	0	9	0	0	0	0	0	16	0	0	0	0	18	0	95	142	3	2	3	26
2488	-5168	2400	14800	0	0	9	0	0	0	0	0	16	0	0	0	0	8	0	95	142	3	1	3	24
2489	-5168	2352	14816	0	0	9	0	0	0	0	0	16	0	0	0	0	5	0	95	142	3	1	3	25
2490	-4784	2416	14800	0	0	9	0	0	0	0	0	16	0	0	0	0	4	0	95	142	3	1	3	25
2491	-4832	2400	15104	0	0	9	0	0	0	0	0	16	0	0	0	0	8	0	95	142	2	1	3	23
2492	-4832	2416	14752	0	0	9	0	0	0	0	0	16	0	0	0	0	14	0	95	142	2	1	3	22
2493	-4864	2208	14752	0	0	9	0	0	0	0	0	16	0	0	0	0	0	0	95	142	2	1	3	23
2494	-5184	2208	14768	0	0	9	0	0	0	0	0	16	0	0	0	0	0	0	95	142	2	1	3	24
2495	-5152	2416	14784	0	0	9	0	0	0	0	0	16	0	0	0	0	0	0	95	142	2	1	3	24
2496	-4864	2208	14736	0	0	9	0	0	0	0	0	16	0	0	0	0	0	0	95	142	2	1	3	24
2497	-4864	2224	14768	0	0	9	0	0	0	0	0	16	0	0	0	0	0	0	95	142	3	1	3	23
2498	-4832	2416	14736	0	0	9	0	0	0	0	0	16	0	0	0	0	0	0	95	142	4	1	3	26
2499	-4848	2176	14800	0	0	9	0	0	0	0	0	16	0	0	0	0	0	0	95	142	4	1	3	26
2500	-5136	2176	14768	0	0	9	0	0	0	0	0	16	0	0	0	0	0	0	95	142	3	1	3	24
2501	-5136	2240	14720	0	0	9	0	0	0	0	0	16	0	0	0	0	0	0	95	142	3	1	3	25
2502	-4864	2256	14960	0	0	9	0	0	0	0	0	16	0	0	0	0	0	0	95	142	3	1	3	25
2503	-4848	2224	14720	0	0	9	0	0	0	0	0	16	0	0	0	0	0	0	95	142	4	1	3	25
2504	-4784	2176	14960	0	0	9	0	0	0	0	0	16	0	0	0	0	0	0	95	142	4	1	3	26
2505	-4816	2416	14768	0	0	9	0	0	0	0	0	16	0	0	0	0	0	0	95	142	3	1	3	27
2506	-4800	2208	14784	0	0	9	0	0	0	0	0	16	0	0	0	0	0	0	95	142	3	1	3	25
2507	-4800	2256	14736	0	0	9	0	0	0	0	0	16	0	0	0	0	0	0	95	142	3	1	3	25
2508	-4800	2192	14768	0	0	9	0	0	0	0	0	16	0	0	0	0	0	0	95	142	4	1	3	27
2509	-5136	2224	14752	0	0	9	0	0	0	0	0	16	0	0	0	0	0	0	95	142	4	1	3	26
2510	-5152	2272	14784	0	0	9	0	0	0	0	0	16	0	0	0	0	0	0	95	142	3	1	3	24
2511	-5152	2272	14816	0	0	9	0	0	0	0	0	16	0	0	0	0	0	0	95	142	3	1	2	26
2512	-4832	2256	15104	0	0	9	0	0	0	0	0	16	0	0	0	0	0	0	95	142	2	1	2	28
2513	-4864	2240	14816	0	0	9	0	0	0	0	0	16	0	0	0	0	0	0	95	142	2	1	3	28
2514	-4864	2224	14768	0	0	9	0	0	0	0	0	16	0	0	0	0	0	0	95	142	2	1	3	29
2515	-4800	2224	14768	0	0	9	0	0	0	0	0	16	0	0	0	0	0	0	95	142	2	1	3	94
2516	-4864	2192	14720	0	0	9	0	0	0	0	0	16	0	0	0	0	0	0	95	142	9	17	41	463
2517	-4784	2256	14512	0	0	9	0	0	0	0	0	16	0	0	0	0	0	0	95	142	59	51	359	1240
2518	-4832	2624	14752	0	0	9	0	0	0	0	0	16	0	0	0	0	0	0	95	142	508	272	708	2068
2519	-5056	2208	14896	0	0	9	0	0	0	0	0	16	0	0	0	0	0	0	95	142	3547	410	841	2934
2520	-4800	2224	14784	0	0	9	0	0	0	0	0	16	0	0	0	0	0	0	95	142	4096	770	919	2994
2521	-4752	2208	15136	0	0	9	0	0	0	0	0	16	0	0	0	0	0	0	95	142	5181	1071	1198	2744
2522	-4784	2416	14896	0	0	9	0	0	0	0	0	16	0	0	0	0	0	0	95	142	5390	1312	1261	2364
2523	-4752	2336	14784	0	0	9	0	0	0	0	0	16	0	0	0	0	0	0	95	142	5570	1572	1299	2385
2524	-4784	2352	14832	0	0	9	0	0	0	0	0	16	0	0	0	0	0	0	95	142	6009	1663	1422	2619
2525	-4848	2000	15168	0	0	9	0	0	0	0	0	16	0	0	0	0	0	0	95	142	6105	1661	1155	2842
2526	-5200	2064	15168	0	0	9	0	0	0	0	0	16	0	0	0	0	0	0	95	142	6163	1657	931	2743
2527	-4816	2320	14912	0	0	9	0	0	0	0	0	16	0	0	0	0	0	0	95	142	3279	1625	811	2223
2528	-4816	2176	14896	0	0	9	0	0	0	0	0	16	0	0	0	0	0	0	95	142	2741	1391	790	1573
2529	-4864	2352	14928	0	0	9	0	0	0	0	0	16	0	8	0	0	0	0	95	142	1660	1096	531	1029
2530	-5024	2352	14720	0	0	9	0	0	0	0	0	16	0	0	0	0	0	0	95	142	1451	855	470	643
2531	-4864	2400	14752	0	0	9	0	0	0	0	0	16	0	0	0	0	0	0	95	142	1271	595	432	396
2532	-5152	2192	14768	0	0	9	0	0	0	0	0	16	0	0	0	0	0	0	95	142	826	488	271	246
2533	-5184	2384	14768	0	0	9	0	0	0	0	0	16	0	0	0	0	0	0	95	142	681	457	220	158
2534	-4832	2192	14800	0	0	9	0	0	0	0	0	20	0	8	0	0	0	10	95	142	175	240	95	123
2535	-4816	2416	14784	0	0	9	0	0	0	0	0	16	0	0	0	0	0	33	95	142	20	138	84	112
2536	-5136	2368	14784	0	0	9	0	0	0	0	0	16	0	0	0	0	0	36	95	142	11	18	31	114
2537	-5152	2400	14736	0	0	9	0	0	0	0	0	16	0	0	0	0	0	47	95	142	9	16	12	102
2538	-5152	2352	14784	0	0	9	0	0	0	0	0	16	0	0	0	0	0	72	95	142	11	16	11	85
2539	-5184	2368	14784	0	0	9	0	0	0	0	0	16	0	8	0	0	0	48	95	142	12	16	11	77
2540	-5184	2176	14784	0	0	9	0	0	0	0	0	16	0	0	0	0	4	19	95	142	12	17	11	65
2541	-4832	2224	14720	0	0	9	0	0	0	0	0	16	0	0	0	0	38	6	95	142	11	16	11	55
2542	-5136	2176	14752	0	0	9	0	0	0	0	0	16	0	0	0	0	46	0	95	142	11	17	11	47
2543	-4848	2176	14768	0	0	9	0	0	0	0	0	16	1	0	0	0	74	0	95	142	11	13	9	38
2544	-4784	2272	14784	0	0	9	0	0	0	0	0	16	0	0	0	0	95	0	95	142	10	6	5	32
2545	-4800	2384	14752	0	0	9	0	0	0	0	0	16	0	0	0	0	98	0	95	142	8	3	4	30
2546	-4816	2416	14752	0	0	9	0	0	0	0	0	16	0	0	0	0	98	0	95	142	5	2	3	28
2547	-4784	2416	14768	0	0	9	0	0	0	0	0	16	0	0	0	0	97	0	95	142	6	2	3	27
2548	-4848	2208	14784	0	0	9	0	0	0	0	0	16	0	0	0	0	94	0	95	142	5	1	3	26
2549	-4816	2208	14768	0	0	9	0	0	0	0	0	16	0	0	0	0	81	0	95	142	5	1	3	25
2550	-4848	2176	14784	0	0	9	0	0	0	0	0	16	0	0	0	0	65	0	95	142	5	1	3	27
2551	-4992	2192	14752	0	0	9	0	0	0	0	0	16	0	0	0	0	53	0	95	142	4	1	3	27
2552	-4832	2192	14768	0	0	9	0	0	0	0	0	16	0	0	0	0	41	0	95	142	4	1	3	29
2553	-4784	2416	14752	0	0	9	0	0	0	0	0	16	0	0	0	0	17	0	95	142	4	1	3	30
2554	-4848	2240	14768	0	0	9	0	0	0	0	0	16	0	0	0	0	19	0	95	142	4	1	2	28
2555	-4832	2400	14720	0	0	9	0	0	0	0	0	16	0	0	0	16	26	0	95	142	2	1	2	29
2556	-4816	2176	14736	0	0	9	0	0	0	0	0	16	0	0	0	17	19	0	95	142	3	1	3	29
2557	-4864	2176	14752	0	0	9	0	0	0	0	0	16	0	0	0	2	2	0	95	142	4	1	3	29
2558	-5168	2416	14784	0	0	9	0	0	0	0	0	16	0	0	0	0	1	0	95	142	3	1	3	31
2559	-4816	2384	14768	0	0	9	0	0	0	0	0	16	0	0	0	0	1	0	95	142	4	1	3	29
2560	-4848	2208	14768	0	0	9	0	0	0	0	0	16	0	0	0	0	1	0	95	142	4	1	3	28
2561	-4848	2400	14768	0	0	9	0	0	0	0	0	16	0	0	0	0	0	0	95	142	3	1	3	27
2562	-4816	2368	14784	0	0	9	0	0	0	0	0	16	0	0	0	0	0	0	95	142	4	1	3	26
2563	-4816	2384	14816	0	0	9	0	0	0	0	0	16	0	0	0	0	0	0	95	142	4	1	3	24
2564	-4768	2192	14832	0	0	9	0	0	0	0	0	16	0	0	0	0	0	0	95	142	4	1	3	24
2565	-4784	2176	14816	0	0	9	0	0	0	0	0	16	0	0	0	0	0	0	95	142	4	1	3	21
2566	-5136	2400	14800	0	0	9	0	0	0	0	0	16	0	0	0	0	0	0	95	142	4	1	3	20
2567	-4800	2384	15136	0	0	9	0	0	0	0	0	16	0	0	0	0	0	0	95	142	4	1	3	21
2568	-4800	2176	14816	0	0	9	0	0	0	0	0	16	0	0	0	0	0	0	95	142	5	1	3	22
2569	-4784	2416	14800	0	0	9	0	0	0	0	0	16	0	0	0	0	0	0	95	142	5	2	3	25
2570	-4800	2176	14800	0	0	9	0	0	0	0	0	16	0	0	0	0	0	0	95	142	4	2	3	48
2571	-4832	2352	14784	0	0	9	0	0	0	0	0	16	0	0	0	0	0	0	95	142	5	2	5	547
2572	-4944	2576	14896	0	0	9	0	0	0	0	0	16	0	0	0	0	0	0	95	142	173	142	81	814
2573	-4544	2368	14832	0	0	9	0	0	0	0	0	16	0	0	0	0	0	0	95	142	358	195	122	1125
2574	-4848	2384	14928	0	0	9	0	0	0	0	0	16	0	0	0	0	0	0	95	142	566	302	540	1229
2575	-5200	2368	14816	0	0	9	0	0	0	0	0	16	0	0	0	0	0	0	95	142	688	422	799	1289
2576	-5184	2096	15136	0	0	9	0	0	0	0	0	16	0	0	0	0	0	0	95	142	886	603	941	1245
2577	-5136	2160	15136	0	0	9	0	0	0	0	0	16	0	0	0	0	0	0	95	142	904	695	1070	1116
2578	-4752	2048	14832	0	0	9	0	0	0	0	0	16	0	0	0	0	0	0	95	142	1114	755	1137	929
2579	-5056	2000	14800	0	0	9	0	0	0	0	0	16	0	0	0	0	0	0	95	142	1115	911	1250	692
2580	-5136	2352	15120	0	0	9	0	0	0	0	0	16	0	0	0	0	0	0	95	142	957	791	1329	501
2581	-5200	2304	14784	0	0	9	0	0	0	0	0	16	0	0	0	0	0	0	95	142	777	747	1339	347
2582	-4864	2304	14768	0	0	9	0	0	0	0	0	16	0	0	0	0	0	2	95	142	570	641	926	229
2583	-4800	2368	14784	0	0	9	0	0	0	0	0	16	0	8	0	0	0	4	95	142	449	521	667	148
2584	-4816	2352	14768	0	0	9	0	0	0	0	0	16	0	0	0	0	0	3	95	142	251	340	525	99
2585	-4800	2368	14784	0	0	9	0	0	0	0	0	16	0	0	0	0	0	3	95	142	234	248	397	96
2586	-5136	2400	15104	0	0	9	0	0	0	0	0	16	0	0	0	0	0	21	95	142	23	189	330	78
2587	-4832	2192	14816	0	0	9	0	0	0	0	0	16	0	0	0	0	0	20	95	142	23	33	216	90
2588	-4800	2368	15120	0	0	9	0	0	0	0	0	20	0	8	0	0	0	23	95	142	14	17	62	118
2589	-5152	2384	14784	0	0	9	0	0	0	0	0	16	0	0	0	0	0	70	95	142	10	24	38	140
2590	-4864	2384	14800	0	0	9	0	0	0	0	0	16	0	0	0	0	0	88	95	142	10	26	33	126
2591	-4768	2368	14752	0	0	9	0	0	0	0	0	16	0	0	0	0	0	90	95	142	14	27	34	101
2592	-4800	2352	14752	0	0	9	0	0	0	0	0	16	0	0	0	0	0	88	95	142	15	27	35	78
2593	-4848	2368	14752	0	0	9	0	0	0	0	0	16	0	0	0	0	1	63	95	142	14	26	35	62
2594	-4832	2176	14784	0	0	9	0	0	0	0	0	16	0	0	0	0	8	0	95	142	15	26	35	55
2595	-4848	2400	14784	0	0	9	0	0	0	0	0	16	0	0	0	0	39	0	95	142	15	27	35	50
2596	-5136	2176	14832	0	0	9	0	0	0	0	0	16	0	0	0	0	39	0	95	142	14	23	33	44
2597	-4800	2208	15136	0	0	9	0	0	0	0	0	16	0	0	0	0	40	0	95	142	11	7	6	40
2598	-4832	2224	14816	0	0	9	0	0	0	0	0	16	0	0	0	8	35	0	95	142	10	3	5	34
2599	-4800	2224	14800	0	0	9	0	0	0	0	0	16	1	0	0	18	53	0	95	142	5	2	4	30
2600	-4848	2560	14736	0	0	9	0	0	0	0	0	16	0	0	0	63	12	0	95	142	4	2	3	28
2601	-4832	2256	14736	0	0	9	0	0	0	0	0	16	4	0	0	36	49	0	125	142	3	2	2	28
2602	-4784	2240	14944	0	0	9	0	0	0	0	0	16	0	0	0	21	52	0	95	142	2	1	3	25
2603	-4800	2192	14720	0	0	9	0	0	0	0	0	16	0	0	0	1	25	0	95	142	2	1	3	22
2604	-4784	2400	14960	0	0	9	0	0	0	0	0	16	0	0	0	0	7	0	95	142	2	1	3	21
2605	-4800	2416	14736	0	0	9	0	0	0	0	0	16	0	0	0	0	3	0	95	142	2	1	3	21
2606	-4832	2384	14720	0	0	9	0	0	0	0	0	16	0	0	0	0	2	0	95	142	2	1	3	21
2607	-4816	2192	14752	0	0	9	0	0	0	0	0	16	0	0	0	0	2	0	95	142	2	1	3	23
2608	-4848	2240	14752	0	0	9	0	0	0	0	0	16	0	0	0	0	0	0	95	142	2	1	3	24
2609	-5136	2192	14768	0	0	9	0	0	0	0	0	16	0	0	0	0	0	0	95	142	2	1	3	26
2610	-4864	2224	14768	0	0	9	0	0	0	0	0	16	0	0	0	0	0	0	95	142	2	1	3	25
2611	-5168	2256	14800	0	0	9	0	0	0	0	0	16	0	0	0	0	0	0	95	142	3	1	3	22
2612	-5168	2416	14960	0	0	9	0	0	0	0	0	16	0	0	0	0	0	0	95	142	3	1	3	22
2613	-4864	2176	14752	0	0	9	0	0	0	0	0	16	0	0	0	0	0	0	95	142	3	1	3	22
2614	-5136	2192	14832	0	0	9	0	0	0	0	0	16	0	0	0	0	0	0	95	142	4	1	3	21
2615	-4832	2224	15120	0	0	9	0	0	0	0	0	16	0	0	0	0	0	0	95	142	4	1	3	21
2616	-4800	2224	14752	0	0	9	0	0	0	0	0	16	0	0	0	0	0	0	95	142	5	1	3	24
2617	-4816	2192	14800	0	0	9	0	0	0	0	0	16	0	0	0	0	0	0	95	142	5	1	3	23
2618	-4752	2208	14784	0	0	9	0	0	0	0	0	16	0	0	0	0	0	0	95	142	5	2	3	23
2619	-4768	2272	14800	0	0	9	0	0	0	0	0	16	0	0	0	0	0	0	95	142	5	1	3	23
2620	-4816	2176	15104	0	0	9	0	0	0	0	0	16	0	0	0	0	0	0	95	142	4	1	3	24
2621	-4816	2208	14800	0	0	9	0	0	0	0	0	16	0	0	0	0	0	0	95	142	4	1	3	24
2622	-4800	2176	14832	0	0	9	0	0	0	0	0	16	0	0	0	0	0	0	95	142	3	1	2	28
2623	-4976	2416	15104	0	0	9	0	0	0	0	0	16	0	0	0	0	0	0	95	142	3	1	2	27
2624	-4784	2384	14832	0	0	9	0	0	0	0	0	16	0	0	0	0	0	0	95	142	3	1	2	26
2625	-4944	2416	15104	0	0	9	0	0	0	0	0	16	0	0	0	0	0	0	95	142	3	1	2	25
2626	-4752	2416	14784	0	0	9	0	0	0	0	0	16	0	0	0	0	0	0	95	142	3	1	2	24
2627	-4752	2400	14768	0	0	9	0	0	0	0	0	16	0	0	0	0	0	0	95	142	3	1	2	26
2628	-4768	2400	14816	0	0	9	0	0	0	0	0	16	0	0	0	0	0	0	95	142	3	1	3	29
2629	-4976	2176	14816	0	0	9	0	0	0	0	0	16	0	0	0	0	0	0	95	142	4	1	3	35
2630	-4752	2384	14784	0	0	9	0	0	0	0	0	16	0	0	0	0	0	0	95	142	3	1	3	76
2631	-4752	2256	14944	0	0	9	0	0	0	0	0	16	0	0	0	0	0	0	95	142	4	15	18	396
2632	-4880	2304	14688	0	0	9	0	0	0	0	0	16	0	0	0	0	0	0	95	142	63	48	171	1029
2633	-4960	2000	14240	0	0	9	0	0	0	0	0	16	0	0	0	0	0	0	95	142	1617	435	446	1557
2634	-5200	1984	14960	0	0	9	0	0	0	0	0	18	8192	0	0	0	0	0	95	142	1963	546	1135	1592
2635	-5008	2016	14752	0	0	9	0	0	0	0	0	16	0	0	0	0	0	0	95	142	2207	609	1236	1690
2636	-5056	2576	14496	0	0	9	0	0	0	0	0	16	0	0	0	0	0	0	95	142	2285	791	1386	1912
2637	-5216	2144	14960	0	0	9	0	0	0	0	0	16	0	0	0	0	0	0	95	142	3237	947	1712	1876
2638	-4848	2000	14912	0	0	9	0	0	0	0	0	16	0	0	0	0	0	0	95	142	3250	987	1926	1687
2639	-5152	2352	14752	0	0	9	0	0	0	0	0	16	0	0	0	0	0	0	95	142	4154	1012	1943	1323
2640	-5152	2368	14736	0	0	9	0	0	0	0	0	16	0	0	0	0	0	0	95	142	4097	992	1810	930
2641	-5168	2400	14800	0	0	9	0	0	0	0	0	16	0	0	0	0	0	0	95	142	2543	607	1551	610
2642	-4848	2336	14800	0	0	9	0	0	0	0	0	16	0	0	0	0	0	0	95	142	2198	497	863	387
2643	-4848	2000	15104	0	0	9	0	0	0	0	0	16	0	8	0	0	0	1	95	142	1954	434	762	241
2644	-4816	2384	14816	0	0	9	0	0	0	0	0	16	8192	0	0	0	0	1	95	142	1876	251	612	151
2645	-4864	2400	14800	0	0	9	0	0	0	0	0	16	0	0	0	0	0	2	95	142	924	95	286	101
2646	-4832	2192	14800	0	0	9	0	0	0	0	0	16	0	0	0	0	0	6	95	142	911	55	72	71
2647	-4800	2192	14736	0	0	9	0	0	0	0	0	16	0	0	0	0	0	16	95	142	6	16	40	67
2648	-4848	2192	14784	0	0	9	0	0	0	0	0	20	0	8	0	0	0	19	95	142	6	4	20	73
2649	-4848	2192	14768	0	0	9	0	0	0	0	0	16	0	0	0	0	0	41	95	142	8	4	7	70
2650	-5152	2192	15104	0	0	9	0	0	0	0	0	16	0	0	0	0	0	84	95	142	7	4	6	74
2651	-5152	2176	15104	0	0	9	0	0	0	0	0	16	0	0	0	0	0	92	95	142	7	5	7	72
2652	-4784	2176	14816	0	0	9	0	0	0	0	0	16	0	0	0	0	0	91	95	142	9	5	7	68
2653	-4832	2368	14800	0	0	9	0	0	0	0	0	16	0	8	0	0	0	92	95	142	12	5	7	59
2654	-4800	2176	14800	0	0	9	0	0	0	0	0	16	0	0	0	0	5	21	95	142	12	6	7	52
2655	-4848	2416	14752	0	0	9	0	0	0	0	0	16	0	0	0	0	42	0	95	142	11	6	7	44
2656	-4848	2384	14752	0	0	9	0	0	0	0	0	16	0	0	0	0	44	0	95	142	10	5	7	36
2657	-4800	2400	14736	0	0	9	0	0	0	0	0	16	0	0	0	0	46	0	95	142	7	3	4	32
2658	-4848	2384	14768	0	0	9	0	0	0	0	0	16	0	0	0	1	46	0	95	142	8	3	4	29
2659	-4848	2192	14768	0	0	9	0	0	0	0	0	16	1	0	0	1	75	0	95	142	8	2	3	27
2660	-4832	2416	14768	0	0	9	0	0	0	0	0	16	0	0	0	5	90	0	95	142	6	2	3	25
2661	-4848	2208	14784	0	0	9	0	0	0	0	0	16	0	0	0	6	88	0	95	142	4	2	3	24
2662	-5136	2256	14784	0	0	9	0	0	0	0	0	16	0	0	0	4	84	0	95	142	4	2	3	23
2663	-4848	2192	14832	0	0	9	0	0	0	0	0	16	0	0	0	0	74	0	95	142	5	1	3	25
2664	-5136	2208	14800	0	0	9	0	0	0	0	0	16	0	0	0	0	24	0	95	142	5	2	3	25
2665	-4768	2192	14800	0	0	9	0	0	0	0	0	16	0	0	0	0	8	0	95	142	5	1	3	24
2666	-4832	2240	14800	0	0	9	0	0	0	0	0	16	0	0	0	0	3	0	95	142	5	1	3	24
2667	-4816	2224	14784	0	0	9	0	0	0	0	0	16	0	0	0	0	3	0	95	142	5	1	3	29
2668	-4752	2416	14832	0	0	9	0	0	0	0	0	16	0	0	0	0	2	0	95	142	5	1	3	32
2669	-4816	2416	14784	0	0	9	0	0	0	0	0	16	0	0	0	0	0	0	95	142	5	1	3	34
2670	-4832	2192	14784	0	0	9	0	0	0	0	0	16	0	0	0	0	0	0	95	142	4	1	3	35
2671	-4848	2176	14800	0	0	9	0	0	0	0	0	16	0	0	0	0	0	0	95	142	4	1	3	36
2672	-5216	2288	14816	0	0	9	0	0	0	0	0	16	0	0	0	0	0	0	95	142	3	1	3	35
2673	-5152	2240	15104	0	0	9	0	0	0	0	0	16	0	0	0	0	0	0	95	142	4	1	3	33
2674	-4864	2416	14784	0	0	9	0	0	0	0	0	16	0	0	0	0	0	0	95	142	5	2	3	29
2675	-4784	2192	14784	0	0	9	0	0	0	0	0	16	0	0	0	0	0	0	95	142	4	2	3	25
2676	-4752	2208	14800	0	0	9	0	0	0	0	0	16	0	0	0	0	0	0	95	142	4	1	3	26
2677	-4800	2416	14768	0	0	9	0	0	0	0	0	16	0	0	0	0	0	0	95	142	4	1	3	23
2678	-4768	2240	14784	0	0	9	0	0	0	0	0	16	0	0	0	0	0	0	95	142	4	1	3	22
2679	-4800	2208	14768	0	0	9	0	0	0	0	0	16	0	0	0	0	0	0	95	142	4	1	3	23
2680	-4816	2416	14752	0	0	9	0	0	0	0	0	16	0	0	0	0	0	0	95	142	4	1	3	25
2681	-4816	2176	14736	0	0	9	0	0	0	0	0	16	0	0	0	0	0	0	95	142	4	1	3	24
2682	-4784	2400	14784	0	0	9	0	0	0	0	0	16	0	0	0	0	0	0	95	142	3	1	3	23
2683	-4816	2416	14800	0	0	9	0	0	0	0	0	16	0	0	0	0	0	0	95	142	3	1	3	23
2684	-4848	2176	15104	0	0	9	0	0	0	0	0	16	0	0	0	0	0	0	95	142	3	1	3	22
2685	-4864	2176	14800	0	0	9	0	0	0	0	0	16	0	0	0	0	0	0	95	142	4	1	3	21
2686	-4800	2272	14816	0	0	9	0	0	0	0	0	16	0	0	0	0	0	0	95	142	4	1	3	23
2687	-4752	2272	14816	0	0	9	0	0	0	0	0	16	0	0	0	0	0	0	95	142	3	1	3	22
2688	-4976	2192	15104	0	0	9	0	0	0	0	0	16	0	0	0	0	0	0	95	142	3	1	3	35
2689	-4976	2192	14832	0	0	9	0	0	0	0	0	16	0	0	0	0	0	0	95	142	5	1	3	377
2690	-4800	2224	14512	0	0	9	0	0	0	0	0	16	0	0	0	0	0	0	95	142	43	12	23	880
2691	-4896	2192	14736	0	0	9	0	0	0	0	0	16	0	0	0	0	0	0	95	142	375	255	111	1296
2692	-4976	2336	15136	0	0	9	0	0	0	0	0	16	0	0	0	0	0	0	95	142	2147	369	180	1373
2693	-4976	2288	14800	0	0	9	0	0	0	0	0	16	0	0	0	0	0	0	95	142	2260	391	407	1465
2694	-4944	2416	15168	0	0	9	0	0	0	0	0	16	0	0	0	0	0	0	95	142	3381	765	488	1637
2695	-4816	2304	15152	0	0	9	0	0	0	0	0	16	0	0	0	0	0	0	95	142	3484	1064	785	1550
2696	-4848	2160	14976	0	0	9	0	0	0	0	0	16	0	0	0	0	0	0	95	142	3542	1141	1041	1398
2697	-4800	2416	14800	0	0	9	0	0	0	0	0	16	0	0	0	0	0	0	95	142	3563	1180	1209	1092
2698	-4800	2304	15104	0	0	9	0	0	0	0	0	16	0	0	0	0	0	0	95	142	3587	1221	1252	1055
2699	-4864	2384	14752	0	0	9	0	0	0	0	0	16	0	0	0	0	0	0	95	142	3271	1031	1275	885
2700	-4832	2416	14800	0	0	9	0	0	0	0	0	16	0	0	0	0	0	0	95	142	1513	927	1221	652
2701	-5152	2352	14768	0	0	9	0	0	0	0	0	16	0	8	0	0	0	1	95	142	1402	908	1002	438
2702	-5152	2336	14784	0	0	9	0	0	0	0	0	16	0	0	0	0	0	1	95	142	281	535	921	282
2703	-5136	2224	15104	0	0	9	0	0	0	0	0	16	0	0	0	0	0	1	95	142	178	235	623	180
2704	-4848	2560	14800	0	0	9	0	0	0	0	0	16	0	0	0	0	0	3	95	142	120	159	368	118
2705	-4848	2240	14800	0	0	9	0	0	0	0	0	16	0	0	0	0	0	10	95	142	99	120	200	87
2706	-4800	2256	14800	0	0	9	0	0	0	0	0	20	0	8	0	0	0	17	95	142	36	68	136	65
2707	-4768	2208	14784	0	0	9	0	0	0	0	0	16	0	0	0	0	0	38	95	142	20	14	25	56
2708	-4800	2400	14784	0	0	9	0	0	0	0	0	16	0	0	0	0	0	64	95	142	8	5	10	62
2709	-4992	2400	14784	0	0	9	0	0	0	0	0	16	0	0	0	0	0	82	95	142	7	2	3	75
2710	-4752	2192	14768	0	0	9	0	0	0	0	0	16	0	0	0	0	0	82	95	142	8	3	5	75
2711	-4992	2256	14800	0	0	9	0	0	0	0	0	16	0	8	0	0	0	91	95	142	8	4	5	71
2712	-4784	2272	14800	0	0	9	0	0	0	0	0	16	0	0	0	0	3	41	95	142	10	4	6	63
2713	-4816	2240	14816	0	0	9	0	0	0	0	0	16	0	0	0	0	40	0	95	142	9	4	6	56
2714	-4992	2208	14832	0	0	9	0	0	0	0	0	16	0	0	0	0	43	0	95	142	11	4	6	49
2715	-4816	2224	14832	0	0	9	0	0	0	0	0	16	0	0	0	0	46	0	95	142	12	4	6	45
2716	-4768	2224	14816	0	0	9	0	0	0	0	0	16	0	0	0	1	46	0	95	142	10	4	6	39
2717	-4992	2224	14784	0	0	9	0	0	0	0	0	16	1	0	0	1	67	0	95	142	8	3	5	31
2718	-4768	2176	14816	0	0	9	0	0	0	0	0	16	0	0	0	2	89	0	95	142	8	3	4	29
2719	-4752	2208	14832	0	0	9	0	0	0	0	0	16	0	0	0	1	88	0	95	142	7	2	3	26
2720	-4784	2192	14816	0	0	9	0	0	0	0	0	16	0	0	0	1	85	0	95	142	6	2	3	26
2721	-4784	2192	14832	0	0	9	0	0	0	0	0	16	0	0	0	0	77	0	95	142	5	1	3	25
2722	-4752	2224	14768	0	0	9	0	0	0	0	0	16	0	0	0	0	37	0	95	142	3	1	3	25
2723	-4768	2560	14752	0	0	9	0	0	0	0	0	16	0	0	0	0	11	0	95	142	2	1	3	26
2724	-4768	2240	14816	0	0	9	0	0	0	0	0	16	0	0	0	0	6	0	95	142	2	1	3	29
2725	-4816	2192	14784	0	0	9	0	0	0	0	0	16	0	0	0	0	4	0	95	142	2	1	3	28
2726	-4768	2400	14784	0	0	9	0	0	0	0	0	16	0	0	0	0	2	0	95	142	2	1	3	27
2727	-4752	2288	15104	0	0	9	0	0	0	0	0	16	0	0	0	0	1	0	95	142	3	1	3	26
2728	-4976	2560	15152	0	0	9	0	0	0	0	0	16	0	0	0	0	0	0	95	142	3	1	3	39
2729	-4784	2256	15136	0	0	9	0	0	0	0	0	16	0	0	0	0	0	0	95	142	5	2	4	40
2730	-4976	2256	15152	0	0	9	0	0	0	0	0	16	0	0	0	0	0	0	95	142	6	2	4	35
2731	-4992	2400	14832	0	0	9	0	0	0	0	0	16	0	0	0	0	0	0	95	142	6	2	4	30
2732	-4768	2336	14800	0	0	9	0	0	0	0	0	16	0	0	0	0	0	0	95	142	5	2	3	28
2733	-4928	2400	14768	0	0	9	0	0	0	0	0	16	0	0	0	0	0	0	95	142	6	1	3	29
2734	-4960	2320	14816	0	0	9	0	0	0	0	0	16	0	0	0	0	0	0	95	142	6	1	4	29
2735	-4992	2176	14784	0	0	9	0	0	0	0	0	16	0	0	0	0	0	0	95	142	6	1	3	27
2736	-4976	2192	14752	0	0	9	0	0	0	0	0	16	0	0	0	0	0	0	95	142	6	1	3	29
2737	-4768	2416	14816	0	0	9	0	0	0	0	0	16	0	0	0	0	0	0	95	142	5	1	3	26
2738	-4768	2176	14816	0	0	9	0	0	0	0	0	16	0	0	0	0	0	0	95	142	5	1	3	22
2739	-4784	2240	14768	0	0	9	0	0	0	0	0	16	0	0	0	0	0	0	95	142	5	1	3	21
2740	-4752	2256	14816	0	0	9	0	0	0	0	0	0	0	0	0	0	0	0	95	142	6	1	3	20
2741	-4848	2192	15104	0	0	9	0	0	0	0	0	0	0	0	0	0	0	0	95	142	6	1	3	23
2742	-4752	2272	14784	0	0	9	0	0	0	0	0	0	0	0	0	0	0	0	95	142	6	1	3	24
2743	-4752	2208	14768	0	0	9	0	0	0	0	0	0	0	0	0	0	0	0	95	142	6	1	3	26
2744	-4992	2192	14832	0	0	10	0	0	0	0	0	0	0	0	0	0	0	0	95	142	6	1	3	26
2745	-4816	2224	14800	10	0	10	0	0	0	0	0	0	0	0	0	0	0	0	95	142	5	2	4	26
2746	-4752	2224	14752	10	0	10	0	0	0	0	0	0	0	0	0	0	0	0	95	142	5	1	3	24
2747	-4768	2240	14800	10	0	10	0	0	0	0	0	0	0	0	0	0	0	0	95	142	4	1	3	26
2748	-4784	2224	14800	10	0	10	0	0	0	0	0	0	0	0	0	0	0	0	95	142	4	1	3	27
2749	-4960	2208	14768	10	0	10	0	0	0	0	0	0	0	0	0	0	0	0	95	142	4	1	3	28
2750	-4768	2400	14768	10	0	10	0	0	0	0	0	0	0	0	0	0	0	0	95	142	3	1	3	251
2751	-4992	2528	14880	10	0	10	0	0	0	0	0	0	0	0	0	0	0	0	95	142	17	34	36	602
2752	-4864	2256	15104	10	0	10	0	0	0	0	0	0	0	0	0	0	0	0	95	142	69	97	146	1449
2753	-5216	2464	14880	10	0	10	0	0	0	0	0	0	0	0	0	0	0	0	95	142	269	359	310	2288
2754	-4752	2480	14512	10	0	10	0	0	0	0	0	0	0	0	0	0	0	0	95	142	416	406	441	3090
2755	-4896	2416	14768	10	0	10	0	0	0	0	0	0	0	0	0	0	0	0	95	142	7727	1768	2229	3091
2756	-4528	2224	14944	10	0	10	0	0	0	0	0	0	0	0	0	0	0	0	95	142	10107	2769	2708	2995
2757	-4960	2176	14736	10	0	10	0	0	0	0	0	0	0	0	0	0	0	0	95	142	11269	3119	2854	2635
2758	-4992	2272	14720	10	0	10	0	0	0	0	0	0	0	0	0	0	0	0	95	142	11547	3316	2891	2426
2759	-5184	2192	14816	10	0	10	0	0	0	0	0	0	0	0	0	0	0	0	95	142	11650	3382	3091	1947
2760	-5152	2176	14832	10	0	10	0	0	0	0	0	0	0	0	0	0	0	0	95	142	11764	3371	3055	1359
2761	-4864	2400	15136	10	0	10	0	0	0	0	0	0	0	0	0	0	0	0	95	142	11563	3110	2895	880
2762	-4816	2400	15104	10	0	10	0	0	0	0	0	0	0	0	0	0	0	0	95	142	11417	3062	2764	545
2763	-4784	2320	14768	10	0	10	0	0	0	0	0	0	0	8	0	0	0	0	95	142	4105	1701	976	332
2764	-4800	2400	14832	10	0	9	0	0	0	0	0	0	0	0	0	0	0	0	95	142	1725	699	498	210
2765	-4832	2416	14816	0	0	9	0	0	0	0	0	0	0	0	0	0	0	0	95	142	563	350	351	133
2766	-4816	2272	14832	0	0	9	0	0	0	0	0	0	0	0	0	0	0	3	95	142	285	152	314	94
2767	-4800	2208	14816	0	0	9	0	0	0	0	0	0	0	0	0	0	0	7	95	142	168	54	81	83
2768	-4864	2400	14784	0	0	9	0	0	0	0	0	4	0	8	0	0	0	17	95	142	3	4	10	88
2769	-4864	2352	14768	0	0	9	0	0	0	0	0	0	0	0	0	0	0	43	95	142	4	5	7	95
2770	-4832	2384	14800	0	0	9	0	0	0	0	0	0	0	0	0	0	0	82	95	142	5	6	10	95
2771	-4784	2416	14832	0	0	9	0	0	0	0	0	0	0	0	0	0	0	89	95	142	6	7	11	90
2772	-4784	2176	14832	0	0	9	0	0	0	0	0	0	0	0	0	0	0	93	95	142	8	8	11	82
2773	-4816	2208	15104	0	0	9	0	0	0	0	0	0	0	8	0	0	0	91	95	142	8	8	12	70
2774	-4816	2416	14832	0	0	9	0	0	0	0	0	0	0	0	0	0	10	14	95	142	9	8	12	57
2775	-4800	2416	14832	0	0	9	0	0	0	0	0	0	0	0	0	0	41	0	95	142	9	8	12	48
2776	-4816	2384	14816	0	0	9	0	0	0	0	0	0	0	0	0	0	45	0	95	142	9	7	10	40
2777	-4944	2384	14800	0	0	9	0	0	0	0	0	0	0	0	0	0	47	0	95	142	9	5	8	33
2778	-4944	2192	14816	0	0	9	0	0	0	0	0	0	1	0	0	0	71	0	95	142	7	4	5	27
2779	-4976	2192	14832	0	0	9	0	0	0	0	0	0	0	0	0	0	94	0	95	142	7	3	5	24
2780	-4752	2400	14800	0	0	9	0	0	0	0	0	0	0	0	0	0	94	0	95	142	4	2	4	23
2781	-4752	2368	14816	0	0	9	0	0	0	0	0	0	0	0	0	0	92	0	95	142	4	2	3	20
2782	-4800	2352	15120	0	0	9	0	0	0	0	0	0	0	0	0	0	88	0	95	142	3	1	3	19
2783	-4752	2400	15104	0	0	9	0	0	0	0	0	0	0	0	0	0	75	0	95	142	3	1	2	21
2784	-4864	2400	15120	0	0	9	0	0	0	0	0	0	0	0	0	0	26	0	95	142	2	1	2	23
2785	-4832	2176	15120	0	0	9	0	0	0	0	0	0	0	0	0	0	12	0	95	142	2	1	2	26
2786	-4768	2384	15120	0	0	9	0	0	0	0	0	0	0	0	0	0	6	0	95	142	2	1	2	26
2787	-4752	2416	15136	0	0	9	0	0	0	0	0	0	0	0	0	0	4	0	95	142	3	1	3	24
2788	-4784	2176	14784	0	0	9	0	0	0	0	0	0	0	0	0	0	4	0	95	142	3	1	3	24
2789	-4800	2256	15104	0	0	9	0	0	0	0	0	0	0	0	0	0	5	0	95	142	3	1	3	23
2790	-4848	2208	14816	0	0	9	0	0	0	0	0	0	0	0	0	0	2	0	95	142	3	1	3	24
2791	-4768	2416	14800	0	0	9	0	0	0	0	0	0	0	0	0	0	0	0	95	142	3	1	3	23
2792	-4752	2176	14832	0	0	9	0	0	0	0	0	0	0	0	0	0	0	0	95	142	3	1	3	22
2793	-4768	2176	14800	0	0	9	0	0	0	0	0	0	0	0	0	0	0	0	95	142	3	1	3	23
2794	-4992	2384	14768	0	0	9	0	0	0	0	0	0	0	0	0	0	0	0	95	142	3	1	3	22
2795	-4768	2384	14800	0	0	9	0	0	0	0	0	0	0	0	0	0	0	0	95	142	2	1	3	21
2796	-4816	2384	14800	0	0	9	0	0	0	0	0	0	0	0	0	0	0	0	95	142	2	1	3	21
2797	-4784	2416	15104	0	0	9	0	0	0	0	0	0	0	0	0	0	0	0	95	142	2	1	3	21
2798	-4768	2208	14784	0	0	9	0	0	0	0	0	0	0	0	0	0	0	0	95	142	3	1	3	23
2799	-4768	2208	14752	0	0	9	0	0	0	0	0	0	0	0	0	0	0	0	95	142	2	1	3	23
2800	-4816	2192	14768	0	0	9	0	0	0	0	0	0	0	0	0	0	0	0	95	142	2	1	3	23
2801	-4992	2176	15104	0	0	9	0	0	0	0	0	0	0	0	0	0	0	0	95	142	2	1	2	23
2802	-4768	2400	14816	0	0	9	0	0	0	0	0	0	0	0	0	0	0	0	95	142	2	1	3	23
2803	-4752	2400	14816	0	0	9	0	0	0	0	0	0	0	0	0	0	0	0	95	142	3	1	3	24
2804	-4752	2400	14832	0	0	9	0	0	0	0	0	0	0	0	0	0	0	0	95	142	3	1	3	23
2805	-4784	2176	15104	0	0	9	0	0	0	0	0	0	0	0	0	0	0	0	95	142	3	1	3	23
2806	-4832	2416	14960	0	0	9	0	0	0	0	0	0	0	0	0	0	0	0	95	142	3	1	4	23
2807	-4800	2416	14800	0	0	9	0	0	0	0	0	0	0	0	0	0	0	0	95	142	3	1	3	27
2808	-4752	2352	15104	0	0	9	0	0	0	0	0	0	0	0	0	0	0	0	95	142	4	1	4	28
2809	-4944	2192	14768	0	0	9	0	0	0	0	0	0	0	0	0	0	0	0	95	142	4	1	4	32
2810	-4784	2352	14784	0	0	9	0	0	0	0	0	0	0	0	0	0	0	0	95	142	5	1	4	114
2811	-4768	2240	14832	0	0	9	0	0	0	0	0	0	0	0	0	0	0	0	95	142	7	25	38	199
2812	-4752	2576	14736	0	0	9	0	0	0	0	0	0	0	0	0	0	0	0	95	142	13	53	128	455
2813	-4608	2176	14464	0	0	9	0	0	0	0	0	0	0	0	0	0	0	0	95	142	63	67	392	1309
2814	-4896	2208	14416	0	0	9	0	0	0	0	0	0	0	0	0	0	0	0	95	142	1062	394	1251	2753
2815	-4576	2176	14640	0	0	9	0	0	0	0	0	0	0	0	0	0	0	0	95	142	5281	694	2228	3847
2816	-4976	2240	14224	0	0	9	0	0	0	0	0	0	0	0	0	0	0	0	95	142	5591	992	2420	4260
2817	-4928	2464	14320	0	0	9	0	0	0	0	0	0	0	0	0	0	0	0	95	142	8790	1335	2828	3834
2818	-4864	2240	14912	0	0	9	0	0	0	0	0	0	0	0	0	0	0	0	95	142	8893	1559	2887	3128
2819	-4800	2224	14912	0	0	9	0	0	0	0	0	0	0	0	0	0	0	0	95	142	9441	1790	2914	2519
2820	-4992	2240	14736	0	0	9	0	0	0	0	0	0	0	0	0	0	0	0	95	142	9443	1842	2868	1835
2821	-4832	2224	14832	0	0	9	0	0	0	0	0	0	0	0	0	0	0	0	95	142	9401	1863	2691	1221
2822	-5136	2176	14736	0	0	9	0	0	0	0	0	0	0	0	0	0	0	0	95	142	8402	1536	1843	771
2823	-4848	2368	14752	0	0	9	0	0	0	0	0	0	0	0	0	0	0	0	95	142	4183	1236	865	473
2824	-4816	2384	14784	0	0	9	0	0	0	0	0	0	0	8	0	0	0	0	95	142	3873	938	673	288
2825	-4784	2400	14800	0	0	9	0	0	0	0	0	0	0	0	0	0	0	0	95	142	674	595	266	176
2826	-4752	2368	14832	0	0	9	0	0	0	0	0	0	0	0	0	0	0	1	95	142	570	371	207	113
2827	-4944	2208	14784	0	0	9	0	0	0	0	0	0	0	0	0	0	0	4	95	142	20	116	145	87
2828	-4800	2368	14784	0	0	9	0	0	0	0	0	0	0	0	0	0	0	12	95	142	12	36	101	74
2829	-4848	2000	14784	0	0	9	0	0	0	0	0	4	0	8	0	0	0	19	95	142	4	3	14	78
2830	-4768	2032	14720	0	0	9	0	0	0	0	0	0	0	0	0	0	0	43	95	142	6	3	4	92
2831	-4800	2336	14768	0	0	9	0	0	0	0	0	0	0	0	0	0	0	84	95	142	6	4	5	97
2832	-4784	2336	14816	0	0	9	0	0	0	0	0	0	0	0	0	0	0	91	95	142	7	4	6	92
2833	-4944	2336	14832	0	0	9	0	0	0	0	0	0	0	0	0	0	0	92	95	142	8	5	7	89
2834	-4944	2368	15120	0	0	9	0	0	0	0	0	0	0	8	0	0	0	92	95	142	9	7	8	81
2835	-4944	2384	15120	0	0	9	0	0	0	0	0	0	0	0	0	0	10	29	95	142	10	8	8	71
2836	-4752	2384	15152	0	0	9	0	0	0	0	0	0	0	0	0	0	42	0	95	142	10	8	8	65
2837	-4752	2176	14816	0	0	9	0	0	0	0	0	0	0	0	0	0	44	0	95	142	10	7	8	56
2838	-4944	2208	14800	0	0	9	0	0	0	0	0	0	0	0	0	0	47	0	95	142	8	6	7	47
2839	-4752	2176	14832	0	0	9	0	0	0	0	0	0	1	0	0	0	61	0	95	142	7	5	6	40
2840	-4944	2192	14832	0	0	9	0	0	0	0	0	0	0	0	0	0	89	0	95	142	6	5	5	32
2841	-4960	2240	15120	0	0	9	0	0	0	0	0	0	0	0	0	1	93	0	95	142	6	5	4	26
2842	-4976	2176	15136	0	0	9	0	0	0	0	0	0	0	0	0	1	91	0	95	142	5	2	3	22
2843	-4944	2192	15104	0	0	9	0	0	0	0	0	0	0	0	0	1	86	0	95	142	3	1	3	21
2844	-4992	2240	14800	0	0	9	0	0	0	0	0	0	0	0	0	0	75	0	95	142	3	1	3	20
2845	-4928	2224	14800	0	0	9	0	0	0	0	0	0	0	0	0	0	22	0	95	142	2	1	3	19
2846	-4768	2416	14768	0	0	9	0	0	0	0	0	0	0	0	0	0	10	0	95	142	3	1	3	18
2847	-4976	2208	14816	0	0	9	0	0	0	0	0	0	0	0	0	0	5	0	95	142	3	1	3	20
2848	-4976	2192	14768	0	0	9	0	0	0	0	0	0	0	0	0	0	3	0	95	142	3	1	3	24
2849	-4752	2400	14800	0	0	9	0	0	0	0	0	0	0	0	0	0	3	0	95	142	3	1	3	26
2850	-4992	2400	15104	0	0	9	0	0	0	0	0	0	0	0	0	0	4	0	95	142	3	1	3	26
2851	-4992	2208	15104	0	0	9	0	0	0	0	0	0	0	0	0	0	1	0	95	142	3	1	3	25
2852	-4992	2208	15152	0	0	9	0	0	0	0	0	0	0	0	0	0	0	0	95	142	3	1	3	27
2853	-4768	2192	15120	0	0	9	0	0	0	0	0	0	0	0	0	0	0	0	95	142	3	1	3	25
2854	-4752	2176	15104	0	0	9	0	0	0	0	0	0	0	0	0	0	0	0	95	142	3	1	3	23
2855	-4608	2208	15120	0	0	9	0	0	0	0	0	0	0	0	0	0	0	0	95	142	3	1	3	22
2856	-4944	2176	15104	0	0	9	0	0	0	0	0	0	0	0	0	0	0	0	95	142	4	1	3	21
2857	-4928	2384	14816	0	0	9	0	0	0	0	0	0	0	0	0	0	0	0	95	142	3	1	3	24
2858	-4960	2224	15120	0	0	9	0	0	0	0	0	0	0	0	0	0	0	0	95	142	3	1	3	24
2859	-4768	2192	14832	0	0	9	0	0	0	0	0	0	0	0	0	0	0	0	95	142	3	1	4	23
2860	-4976	2400	14832	0	0	9	0	0	0	0	0	0	0	0	0	0	0	0	95	142	3	1	3	25
2861	-4944	2368	14832	0	0	9	0	0	0	0	0	0	0	0	0	0	0	0	95	142	4	1	3	25
2862	-4976	2368	15120	0	0	9	0	0	0	0	0	0	0	0	0	0	0	0	95	142	4	1	3	25
2863	-4944	2416	15136	0	0	9	0	0	0	0	0	0	0	0	0	0	0	0	95	142	3	1	3	27
2864	-4928	2176	15136	0	0	9	0	0	0	0	0	0	0	0	0	0	0	0	95	142	3	1	3	28
2865	-4928	2192	15152	0	0	9	0	0	0	0	0	0	0	0	0	0	0	0	95	142	3	1	3	46
2866	-4944	2576	15136	0	0	9	0	0	0	0	0	0	0	0	0	0	0	0	95	142	4	1	4	1071
2867	-4912	2208	14912	0	0	9	0	0	0	0	0	0	0	0	0	0	0	0	95	142	2421	667	69	1847
2868	-4512	2336	14720	0	0	9	0	0	0	0	0	0	0	0	0	0	0	0	95	142	3289	907	203	2108
2869	-4528	1984	14912	0	0	9	0	0	0	0	0	0	0	0	0	0	0	0	95	142	3561	968	272	2101
2870	-4496	2224	14544	0	0	9	0	0	0	0	0	0	0	0	0	0	0	0	95	142	3731	1129	449	1955
2871	-4608	2000	14800	0	0	9	0	0	0	0	0	0	0	0	0	0	0	0	95	142	3747	1222	537	1847
2872	-4944	2096	15104	0	0	9	0	0	0	0	0	0	0	0	0	0	0	0	95	142	3838	1246	650	1567
2873	-4880	2304	14816	0	0	9	0	0	0	0	0	0	0	0	0	0	0	0	95	142	3879	1270	697	1281
2874	-4992	2320	15120	0	0	9	0	0	0	0	0	0	0	0	0	0	0	0	95	142	4071	1282	755	972
2875	-4768	2320	14816	0	0	9	0	0	0	0	0	0	0	0	0	0	0	0	95	142	1669	631	722	685
2876	-4752	2384	15104	0	0	9	0	0	0	0	0	0	0	0	0	0	0	0	95	142	803	395	595	451
2877	-4800	2368	14816	0	0	9	0	0	0	0	0	0	0	8	0	0	0	1	95	142	530	334	526	284
2878	-4992	2368	14784	0	0	9	0	0	0	0	0	0	0	0	0	0	0	1	95	142	360	173	349	188
2879	-4768	2400	14784	0	0	9	0	0	0	0	0	0	0	0	0	0	0	0	95	142	344	81	261	121
2880	-4800	2368	14768	0	0	9	0	0	0	0	0	0	0	0	0	0	0	4	95	142	253	56	147	80
2881	-4768	2176	15104	0	0	9	0	0	0	0	0	0	0	0	0	0	0	15	95	142	212	32	100	75
2882	-4784	2400	14784	0	0	9	0	0	0	0	0	4	0	8	0	0	0	9	95	142	20	20	42	94
2883	-4992	2368	15120	0	0	9	0	0	0	0	0	0	0	0	0	0	0	21	95	142	7	7	12	105
2884	-4992	2400	15136	0	0	9	0	0	0	0	0	0	0	0	0	0	0	84	95	142	9	8	6	110
2885	-4752	2352	15104	0	0	9	0	0	0	0	0	0	0	0	0	0	0	94	95	142	12	12	6	105
2886	-4768	2400	14816	0	0	9	0	0	0	0	0	0	0	0	0	0	0	93	95	142	12	13	7	87
2887	-4784	2400	14800	0	0	9	0	0	0	0	0	0	0	8	0	0	0	96	95	142	12	13	7	71
2888	-4944	2400	14800	0	0	9	0	0	0	0	0	0	0	0	0	0	1	70	95	142	12	14	7	59
2889	-4960	2400	14768	0	0	9	0	0	0	0	0	0	0	0	0	0	18	0	95	142	12	14	7	50
2890	-4944	2368	14816	0	0	9	0	0	0	0	0	0	0	0	0	0	41	0	95	142	11	13	7	44
2891	-4976	2368	14768	0	0	9	0	0	0	0	0	0	0	0	0	0	46	0	95	142	9	12	5	37
2892	-4992	2336	14800	0	0	9	0	0	0	0	0	0	0	0	0	0	47	0	95	142	7	7	4	33
2893	-4768	2368	14832	0	0	9	0	0	0	0	0	0	1	0	0	1	78	0	95	142	4	3	4	29
2894	-4832	2416	15104	0	0	9	0	0	0	0	0	0	0	0	0	6	93	0	95	142	4	2	3	28
2895	-4752	2192	15136	0	0	9	0	0	0	0	0	0	0	0	0	12	92	0	95	142	4	2	3	27
2896	-4752	2416	15104	0	0	9	0	0	0	0	0	0	0	0	0	6	88	0	95	142	4	2	3	24
2897	-4976	2416	15120	0	0	9	0	0	0	0	0	0	0	0	0	0	86	0	95	142	4	2	3	23
2898	-4944	2400	15136	0	0	9	0	0	0	0	0	0	0	0	0	0	62	0	95	142	4	1	3	23
2899	-4960	2304	15120	0	0	9	0	0	0	0	0	0	0	0	0	0	10	0	95	142	4	1	3	27
2900	-4768	2304	15152	0	0	9	0	0	0	0	0	0	0	0	0	0	4	0	95	142	4	1	3	29
2901	-4960	2320	14832	0	0	9	0	0	0	0	0	0	0	0	0	0	3	0	95	142	4	2	3	30
2902	-4816	2336	14784	0	0	9	0	0	0	0	0	0	0	0	0	0	2	0	95	142	4	2	3	29
2903	-4768	2320	14816	0	0	9	0	0	0	0	0	0	0	0	0	0	1	0	95	142	4	2	3	28
2904	-4800	2336	14784	0	0	9	0	0	0	0	0	0	0	0	0	0	0	0	95	142	4	1	3	26
2905	-4976	2352	14800	0	0	9	0	0	0	0	0	0	0	0	0	0	0	0	95	142	3	2	3	28
2906	-4752	2336	14816	0	0	9	0	0	0	0	0	0	0	0	0	0	0	0	95	142	3	1	3	29
2907	-4768	2192	15120	0	0	9	0	0	0	0	0	0	0	0	0	0	0	0	95	142	3	1	3	31
2908	-4752	2176	15120	0	0	9	0	0	0	0	0	0	0	0	0	0	0	0	95	142	3	1	3	29
2909	-4768	2336	15120	0	0	9	0	0	0	0	0	0	0	0	0	0	0	0	95	142	3	1	3	26
2910	-4784	2400	14800	0	0	9	0	0	0	0	0	0	0	0	0	0	0	0	95	142	3	1	3	26
2911	-4752	2240	14768	0	0	9	0	0	0	0	0	0	0	0	0	0	0	0	95	142	3	1	2	27
2912	-4752	2208	14832	0	0	9	0	0	0	0	0	0	0	0	0	0	0	0	95	142	3	1	3	31
2913	-4960	2176	14832	0	0	9	0	0	0	0	0	0	0	0	0	0	0	0	95	142	3	1	3	32
2914	-4960	2384	15104	0	0	9	0	0	0	0	0	0	0	0	0	0	0	0	95	142	3	1	3	35
2915	-4896	2176	14768	0	0	9	0	0	0	0	0	0	0	0	0	0	0	0	95	142	4	1	3	36
2916	-4960	2368	14832	0	0	9	0	0	0	0	0	0	0	0	0	0	0	0	95	142	3	1	3	36
2917	-4928	2000	14736	0	0	9	0	0	0	0	0	0	0	0	0	0	0	0	95	142	3	1	3	36
2918	-4944	2384	14736	0	0	9	0	0	0	0	0	0	0	0	0	0	0	0	95	142	3	1	3	35
2919	-4928	2336	14800	0	0	9	0	0	0	0	0	0	0	0	0	0	0	0	95	142	4	1	3	35
2920	-4944	2384	14768	0	0	9	0	0	0	0	0	0	0	0	0	0	0	0	95	142	3	1	2	65
2921	-4992	2176	14784	0	0	9	0	0	0	0	0	0	0	0	0	0	0	0	95	142	11	1	3	91
2922	-4992	2416	14816	0	0	9	0	0	0	0	0	0	0	0	0	0	0	0	95	142	12	2	3	82
2923	-4752	2384	14768	0	0	9	0	0	0	0	0	0	0	0	0	0	0	0	95	142	13	2	4	66
2924	-4944	2384	14784	0	0	9	0	0	0	0	0	0	0	0	0	0	0	0	95	142	13	2	3	54
2925	-4752	2400	15104	0	0	9	0	0	0	0	0	0	0	0	0	0	0	0	95	142	14	2	4	105
2926	-4880	1968	14784	0	0	9	0	0	0	0	0	0	0	0	0	0	0	0	95	142	18	18	12	1033
2927	-4496	2032	14752	0	0	9	0	0	0	0	0	0	0	0	0	0	0	0	95	142	771	528	701	1727
2928	-4576	2240	14832	0	0	9	0	0	0	0	0	0	0	0	0	0	0	0	95	142	2886	830	967	2217
2929	-5152	2624	14864	0	0	9	0	0	0	0	0	0	0	0	0	0	0	0	95	142	4988	1307	1453	2146
2930	-5136	2464	14880	0	0	9	0	0	0	0	0	0	0	0	0	0	0	0	95	142	5136	1424	1629	2063
2931	-4960	2512	14496	0	0	9	0	0	0	0	0	0	0	0	0	0	0	0	95	142	5178	1439	1694	1836
2932	-5152	2416	14784	0	0	9	0	0	0	0	0	0	0	0	0	0	0	0	95	142	5209	1451	1748	1673
2933	-4800	2464	14784	0	0	9	0	0	0	0	0	0	0	0	0	0	0	0	95	142	5434	1592	1883	1402
2934	-4800	2656	14768	0	0	9	0	0	0	0	0	0	0	0	0	0	0	0	95	142	5704	1598	1897	1025
2935	-4784	2272	14736	0	0	9	0	0	0	0	0	0	0	0	0	0	0	0	95	142	4957	1097	1223	683
2936	-4800	2400	14832	0	0	9	0	0	0	0	0	0	0	0	0	0	0	0	95	142	2841	795	957	435
2937	-4768	2400	14800	0	0	9	0	0	0	0	0	0	0	8	0	0	0	1	95	142	732	317	471	269
2938	-4768	2176	14768	0	0	9	0	0	0	0	0	0	0	0	0	0	0	1	95	142	583	200	295	169
2939	-4800	2384	14816	0	0	9	0	0	0	0	0	0	0	0	0	0	0	1	95	142	540	185	230	119
2940	-4816	2176	14784	0	0	9	0	0	0	0	0	0	0	0	0	0	0	4	95	142	509	173	175	101
2941	-4960	2416	14832	0	0	9	0	0	0	0	0	0	0	0	0	0	0	13	95	142	283	33	43	109
2942	-4992	2384	14832	0	0	9	0	0	0	0	0	4	0	8	0	0	0	12	95	142	13	14	22	108
2943	-4976	2400	15120	0	0	9	0	0	0	0	0	0	0	0	0	0	0	28	95	142	9	8	7	98
2944	-4832	2400	14816	0	0	9	0	0	0	0	0	0	0	0	0	0	0	81	95	142	10	9	8	96
2945	-4800	2208	14816	0	0	9	0	0	0	0	0	0	0	0	0	0	0	92	95	142	11	9	9	81
2946	-4864	2384	14800	0	0	9	0	0	0	0	0	0	0	0	0	0	0	89	95	142	11	9	9	70
2947	-4784	2400	14832	0	0	9	0	0	0	0	0	0	0	8	0	0	0	93	95	142	11	9	9	66
2948	-4784	2416	14800	0	0	9	0	0	0	0	0	0	0	0	0	0	2	34	95	142	12	9	9	58
2949	-4816	2400	14800	0	0	9	0	0	0	0	0	0	0	0	0	0	28	0	95	142	12	8	7	49
2950	-4784	2352	15104	0	0	9	0	0	0	0	0	0	0	0	0	0	42	0	95	142	8	5	6	42
2951	-4752	2384	14832	0	0	9	0	0	0	0	0	0	0	0	0	0	46	0	95	142	5	3	5	38
2952	-4784	2416	14800	0	0	9	0	0	0	0	0	0	0	0	0	1	46	0	95	142	5	2	5	36
2953	-4752	2176	15104	0	0	9	0	0	0	0	0	0	1	0	0	1	71	0	95	142	4	2	4	36
2954	-4768	2416	15120	0	0	9	0	0	0	0	0	0	0	0	0	5	91	0	95	142	4	2	4	35
2955	-4784	2384	15104	0	0	9	0	0	0	0	0	0	0	0	0	9	89	0	95	142	4	2	4	36
2956	-4784	2240	15120	0	0	9	0	0	0	0	0	0	0	0	0	6	84	0	95	142	3	1	3	37
2957	-4976	2224	15136	0	0	9	0	0	0	0	0	0	0	0	0	1	82	0	95	142	3	1	3	36
2958	-4992	2368	14800	0	0	9	0	0	0	0	0	0	0	0	0	0	47	0	95	142	4	1	3	35
2959	-4752	2400	15104	0	0	9	0	0	0	0	0	0	0	0	0	0	9	0	95	142	4	1	3	31
2960	-4976	2192	14752	0	0	9	0	0	0	0	0	0	0	0	0	0	4	0	95	142	4	1	3	25
2961	-4928	2192	14768	0	0	9	0	0	0	0	0	0	0	0	0	0	3	0	95	142	4	1	3	23
2962	-4960	2368	14832	0	0	9	0	0	0	0	0	0	0	0	0	0	2	0	95	142	4	1	3	20
2963	-4976	2416	15104	0	0	9	0	0	0	0	0	0	0	0	0	0	1	0	95	142	3	1	2	18
2964	-4896	2224	15120	0	0	9	0	0	0	0	0	0	0	0	0	0	0	0	95	142	4	1	2	19
2965	-4976	2416	14800	0	0	9	0	0	0	0	0	0	0	0	0	0	0	0	95	142	3	1	3	22
2966	-4912	2416	14800	0	0	9	0	0	0	0	0	0	0	0	0	0	0	0	95	142	3	1	3	22
2967	-4608	2416	15120	0	0	9	0	0	0	0	0	0	0	0	0	0	0	0	95	142	3	1	3	21
2968	-4912	2384	15104	0	0	9	0	0	0	0	0	0	0	0	0	0	0	0	95	142	3	1	3	18
2969	-4976	2384	14816	0	0	9	0	0	0	0	0	0	0	0	0	0	0	0	95	142	3	1	3	19
2970	-4752	2416	14784	0	0	9	0	0	0	0	0	0	0	0	0	0	0	0	95	142	4	1	3	20
2971	-4976	2400	14768	0	0	9	0	0	0	0	0	0	0	0	0	0	0	0	95	142	4	1	3	23
2972	-4928	2336	14768	0	0	9	0	0	0	0	0	0	0	0	0	0	0	0	95	142	3	1	3	27
2973	-4928	2336	15136	0	0	9	0	0	0	0	0	0	0	0	0	0	0	0	95	142	4	1	3	26
2974	-4912	2368	15104	0	0	9	0	0	0	0	0	0	0	0	0	0	0	0	95	142	5	1	3	27
2975	-4960	2384	14832	0	0	9	0	0	0	0	0	0	0	0	0	0	0	0	95	142	4	1	3	25
2976	-4752	2176	14800	0	0	9	0	0	0	0	0	0	0	0	0	0	0	0	95	142	4	1	3	24
2977	-4800	2208	15104	0	0	9	0	0	0	0	0	0	0	0	0	0	0	0	95	142	5	1	3	24
2978	-4752	2272	15136	0	0	9	0	0	0	0	0	0	0	0	0	0	0	0	95	142	4	1	3	24
2979	-4944	2224	14832	0	0	9	0	0	0	0	0	0	0	0	0	0	0	0	95	142	4	1	2	26
2980	-4944	2416	15104	0	0	9	0	0	0	0	0	0	0	0	0	0	0	0	95	142	5	1	3	27
2981	-4928	2176	14832	0	0	9	0	0	0	0	0	0	0	0	0	0	0	0	95	142	5	1	3	28
2982	-4960	2384	15136	0	0	9	0	0	0	0	0	0	0	0	0	0	0	0	95	142	4	1	3	28
2983	-4976	2192	15152	0	0	9	0	0	0	0	0	0	0	0	0	0	0	0	95	142	4	1	3	28
2984	-4752	2176	15120	0	0	9	0	0	0	0	0	0	0	0	0	0	0	0	95	142	4	1	3	29
2985	-4784	2400	15104	0	0	9	0	0	0	0	0	0	0	0	0	0	0	0	95	142	3	1	2	28
2986	-4752	2368	15104	0	0	9	0	0	0	0	0	0	0	0	0	0	0	0	95	142	3	1	2	28
2987	-4992	2368	14784	0	0	9	0	0	0	0	0	0	0	0	0	0	0	0	95	142	2	1	2	24
2988	-4976	2384	14784	0	0	9	0	0	0	0	0	0	0	0	0	0	0	0	95	142	2	1	2	24
2989	-4960	2368	15152	0	0	9	0	0	0	0	0	0	0	0	0	0	0	0	95	142	1	1	2	23
2990	-4944	2400	14832	0	0	9	0	0	0	0	0	0	0	0	0	0	0	0	95	142	2	1	2	27
2991	-4784	2208	14832	0	0	9	0	0	0	0	0	0	0	0	0	0	0	0	95	142	2	1	2	284
2992	-4992	2224	14800	0	0	9	0	0	0	0	0	0	0	0	0	0	0	0	95	142	112	133	43	413
2993	-4960	2256	15136	0	0	9	0	0	0	0	0	0	0	0	0	0	0	0	95	142	125	140	76	816
2994	-4816	2208	15104	0	0	9	0	0	0	0	0	0	0	0	0	0	0	0	95	142	1237	384	150	1339
2995	-4800	2176	14960	0	0	9	0	0	0	0	0	0	0	0	0	0	0	0	95	142	2744	836	484	1871
2996	-4768	2304	14880	0	0	9	0	0	0	0	0	0	0	0	0	0	0	0	95	142	3147	906	657	1757
2997	-4992	2368	14784	0	0	9	0	0	0	0	0	0	0	0	0	0	0	0	95	142	3205	971	825	1620
2998	-4784	2320	14752	0	0	9	0	0	0	0	0	0	0	0	0	0	0	0	95	142	3607	1067	904	1786
2999	-4768	2352	14800	0	0	9	0	0	0	0	0	0	0	0	0	0	0	0	95	142	3720	1303	1102	1695
3000	-4816	2416	14816	0	0	9	0	0	0	0	0	0	0	0	0	0	0	0	95	142	4018	1411	1183	1666
3001	-4768	2400	14992	0	0	9	0	0	0	0	0	0	0	0	0	0	0	0	95	142	4095	1456	1303	1767
3002	-4960	2176	15200	0	0	9	0	0	0	0	0	0	0	0	0	0	0	0	95	142	3596	1372	1263	1549
3003	-4784	2320	15152	0	0	9	0	0	0	0	0	0	0	0	0	0	0	0	95	142	2133	943	945	1113
3004	-4960	1952	15168	0	0	9	0	0	0	0	0	0	0	0	0	0	0	0	95	142	1730	872	771	730
3005	-4784	2032	15136	0	0	9	0	0	0	0	0	0	0	8	0	0	0	0	95	142	1672	807	604	515
3006	-4752	2320	15136	0	0	9	0	0	0	0	0	0	0	0	0	0	0	0	95	142	1271	712	524	336
3007	-4992	2336	14784	0	0	9	0	0	0	0	0	0	0	0	0	0	0	0	95	142	1156	475	327	225
3008	-4752	2352	14816	0	0	9	0	0	0	0	0	0	0	0	0	0	0	2	95	142	752	235	205	157
3009	-4912	2352	15136	0	0	9	0	0	0	0	0	0	0	0	0	0	0	6	95	142	664	184	53	133
3010	-4976	2384	14832	0	0	9	0	0	0	0	0	4	0	8	0	0	0	26	95	142	52	25	21	128
3011	-4752	2400	15104	0	0	9	0	0	0	0	0	0	0	0	0	0	0	35	95	142	9	5	7	127
3012	-4992	2336	14832	0	0	9	0	0	0	0	0	0	0	0	0	0	0	51	95	142	10	7	8	119
3013	-4976	2032	14816	0	0	9	0	0	0	0	0	0	0	0	0	0	0	70	95	142	10	8	8	104
3014	-4992	2032	14784	0	0	9	0	0	0	0	0	0	0	0	0	0	0	75	95	142	10	8	9	93
3015	-4768	2352	14784	0	0	9	0	0	0	0	0	0	0	8	0	0	0	70	95	142	11	9	9	82
3016	-4768	2352	14816	0	0	9	0	0	0	0	0	0	0	0	0	0	18	24	95	142	8	9	10	70
3017	-4960	2320	14752	0	0	9	0	0	0	0	0	0	0	0	0	0	41	0	95	142	8	9	9	57
3018	-4992	2368	14784	0	0	9	0	0	0	0	0	0	0	0	0	0	45	0	95	142	7	7	8	45
3019	-4976	2352	14752	0	0	9	0	0	0	0	0	0	1	0	0	0	57	0	95	142	6	5	6	36
3020	-4960	2336	14816	0	0	9	0	0	0	0	0	0	0	0	0	0	85	0	95	142	5	3	4	66
3021	-4944	2336	14832	0	0	9	0	0	0	0	0	0	0	0	0	0	94	0	95	142	13	4	4	71
3022	-4992	2368	14784	0	0	9	0	0	0	0	0	0	0	0	0	0	95	0	95	142	14	4	4	65
3023	-4752	2368	14816	0	0	9	0	0	0	0	0	0	0	0	0	0	91	0	95	142	13	4	3	52
3024	-4960	2368	14784	0	0	9	0	0	0	0	0	0	0	0	0	0	86	0	95	142	12	3	3	41
3025	-4976	2416	14752	0	0	9	0	0	0	0	0	0	0	0	0	0	52	0	95	142	11	3	3	34
3026	-4912	2416	14752	0	0	9	0	0	0	0	0	0	0	0	0	0	43	0	95	142	11	3	3	31
3027	-4896	2400	14784	0	0	9	0	0	0	0	0	0	0	0	0	0	24	0	95	142	11	3	3	28
3028	-4944	2352	14816	0	0	9	0	0	0	0	0	0	0	0	0	0	11	0	95	142	11	3	4	25
3029	-4992	2400	14800	0	0	9	0	0	0	0	0	0	0	0	0	0	7	0	95	142	3	1	3	24
3030	-4992	2384	14784	0	0	9	0	0	0	0	0	0	0	0	0	0	7	0	95	142	3	1	3	24
3031	-4976	2352	15104	0	0	9	0	0	0	0	0	0	0	0	0	9	10	0	95	142	3	1	3	24
3032	-4928	2384	15104	0	0	9	0	0	0	0	0	0	0	0	0	7	6	0	95	142	3	1	3	25
3033	-4928	2384	15104	0	0	9	0	0	0	0	0	0	0	0	0	1	0	0	95	142	3	1	3	26
3034	-4944	2352	14784	0	0	9	0	0	0	0	0	0	0	0	0	0	0	0	95	142	3	1	3	27
3035	-4944	2336	15104	0	0	9	0	0	0	0	0	0	0	0	0	0	0	0	95	142	3	1	3	26
3036	-4960	2352	14832	0	0	9	0	0	0	0	0	0	0	0	0	0	0	0	95	142	4	1	3	24
3037	-4976	2416	14752	0	0	9	0	0	0	0	0	0	0	0	0	0	0	0	95	142	4	1	3	23
3038	-4976	2224	14736	0	0	9	0	0	0	0	0	0	0	0	0	0	0	0	95	142	3	1	3	21
3039	-4976	2224	14736	0	0	9	0	0	0	0	0	0	0	0	0	0	0	0	95	142	3	1	3	20
3040	-4992	2240	14784	0	0	9	0	0	0	0	0	0	0	0	0	0	0	0	95	142	3	1	3	21
3041	-4912	2416	14816	0	0	9	0	0	0	0	0	0	0	0	0	0	0	0	95	142	3	1	3	24
3042	-4960	2400	15104	0	0	9	0	0	0	0	0	0	0	0	0	0	0	0	95	142	3	1	3	23
3043	-4928	2400	14800	0	0	9	0	0	0	0	0	0	0	0	0	0	0	0	95	142	3	1	3	21
3044	-4928	2400	14816	0	0	9	0	0	0	0	0	0	0	0	0	0	0	0	95	142	3	1	3	20
3045	-4976	2368	15120	0	0	9	0	0	0	0	0	0	0	0	0	0	0	0	95	142	2	1	3	23
3046	-4928	2352	14832	0	0	9	0	0	0	0	0	0	0	0	0	0	0	0	95	142	2	1	3	23
3047	-4976	2368	14800	0	0	9	0	0	0	0	0	0	0	0	0	0	0	0	95	142	2	1	3	21
3048	-4768	2400	14800	0	0	9	0	0	0	0	0	0	0	0	0	0	0	0	95	142	2	1	3	18
3049	-4976	2192	14800	0	0	9	0	0	0	0	0	0	0	0	0	0	0	0	95	142	2	1	3	17
3050	-4960	2208	14800	0	0	9	0	0	0	0	0	0	0	0	0	0	0	0	95	142	2	1	3	17
3051	-4960	2208	14800	0	0	9	0	0	0	0	0	0	0	0	0	0	0	0	95	142	2	1	3	19
3052	-4768	2192	14816	0	0	9	0	0	0	0	0	0	0	0	0	0	0	0	95	142	2	1	3	20
3053	-4784	2384	14768	0	0	9	0	0	0	0	0	0	0	0	0	0	0	0	95	142	3	1	3	21
3054	-4752	2224	14768	0	0	9	0	0	0	0	0	0	0	0	0	0	0	0	95	142	3	1	3	22
3055	-4752	2192	14784	0	0	9	0	0	0	0	0	0	0	0	0	0	0	0	95	142	3	1	3	21
3056	-4928	2176	14800	0	0	9	0	0	0	0	0	0	0	0	0	0	0	0	95	142	3	1	3	20
3057	-4992	2400	14832	0	0	9	0	0	0	0	0	0	0	0	0	0	0	0	95	142	4	1	3	19
3058	-4944	2176	14784	0	0	9	0	0	0	0	0	0	0	0	0	0	0	0	95	142	3	1	3	20
3059	-4992	2384	14784	0	0	9	0	0	0	0	0	0	0	0	0	0	0	0	95	142	3	1	3	21
3060	-4768	2032	14800	0	0	9	0	0	0	0	0	0	0	0	0	0	0	0	95	142	3	1	3	62
3061	-4992	2368	15120	0	0	9	0	0	0	0	0	0	0	0	0	0	0	0	95	142	4	2	6	1273
3062	-4944	2352	14720	0	0	9	0	0	0	0	0	0	0	0	0	0	0	0	95	142	1150	554	455	1940
3063	-4880	2224	15184	0	0	9	0	0	0	0	0	0	0	0	0	0	0	0	95	142	2121	1634	495	2158
3064	-4944	2416	15040	0	0	9	0	0	0	0	0	0	0	0	0	0	0	0	95	142	2462	1782	681	2293
3065	-4976	2176	15024	0	0	9	0	0	0	0	0	0	0	0	0	0	0	0	95	142	3871	1913	858	2114
3066	-5136	2224	14784	0	0	9	0	0	0	0	0	0	0	0	0	0	0	0	95	142	4189	2061	1091	1839
3067	-5168	2192	14896	0	0	9	0	0	0	0	0	0	0	0	0	0	0	0	95	142	4260	2129	1173	1648
3068	-5184	2176	14768	0	0	9	0	0	0	0	0	0	0	0	0	0	0	0	95	142	4456	2188	1232	1818
3069	-5184	2208	14736	0	0	9	0	0	0	0	0	0	0	0	0	0	0	0	95	142	4574	2363	1791	2098
3070	-4800	1920	14784	0	0	9	0	0	0	0	0	0	0	0	0	0	0	0	95	142	3532	1951	1437	2197
3071	-4832	2064	15168	0	0	9	0	0	0	0	0	0	0	0	0	0	0	0	95	142	3210	1273	2154	1955
3072	-4784	1968	15152	0	0	9	0	0	0	0	0	0	0	0	0	0	0	0	95	142	2924	1235	2211	1432
3073	-4768	2336	14816	0	0	9	0	0	0	0	0	0	0	8	0	0	0	0	95	142	1517	1115	2038	950
3074	-4768	2032	14816	0	0	9	0	0	0	0	0	0	0	0	0	0	0	0	95	142	1199	966	1805	596
3075	-4992	2416	14768	0	0	9	0	0	0	0	0	0	0	0	0	0	0	0	95	142	1127	898	1723	362
3076	-4752	2672	14832	0	0	9	0	0	0	0	0	0	0	0	0	0	0	0	95	142	932	839	1664	220
3077	-4768	2272	14832	0	0	9	0	0	0	0	0	0	0	0	0	0	0	0	95	142	813	662	1101	134
3078	-4768	2176	15104	0	0	9	0	0	0	0	0	4	0	8	0	0	0	5	95	142	708	523	1007	83
3079	-4800	2208	15120	0	0	9	0	0	0	0	0	0	0	0	0	0	0	44	95	142	60	122	250	57
3080	-4800	2400	14816	0	0	9	0	0	0	0	0	0	0	0	0	0	0	57	95	142	5	12	7	44
3081	-4992	2352	15104	0	0	9	0	0	0	0	0	0	0	0	0	0	0	69	95	142	3	1	3	39
3082	-4752	2400	14832	0	0	9	0	0	0	0	0	0	0	0	0	0	0	90	95	142	3	1	3	37
3083	-4976	2368	14816	0	0	9	0	0	0	0	0	0	0	8	0	0	0	68	95	142	3	1	3	35
3084	-4976	2352	14752	0	0	9	0	0	0	0	0	0	0	0	0	0	2	5	95	142	3	1	3	33
3085	-4832	2416	14784	0	0	9	0	0	0	0	0	0	0	0	0	0	40	13	95	142	3	1	3	30
3086	-4752	2208	14784	0	0	9	0	0	0	0	0	0	0	0	0	0	47	0	95	142	3	1	3	26
3087	-4784	2416	14784	0	0	9	0	0	0	0	0	0	1	0	0	0	63	0	95	142	3	1	4	25
3088	-4928	2416	14768	0	0	9	0	0	0	0	0	0	0	0	0	0	92	0	95	142	3	1	3	24
3089	-4960	2208	14720	0	0	9	0	0	0	0	0	0	0	0	0	0	98	0	95	142	3	1	3	25
3090	-4768	2192	14720	0	0	9	0	0	0	0	0	0	0	0	0	0	97	0	95	142	2	1	3	24
3091	-4768	2400	14752	0	0	9	0	0	0	0	0	0	0	0	0	0	96	0	95	142	2	1	3	22
3092	-4768	2192	14768	0	0	9	0	0	0	0	0	0	0	0	0	0	95	0	95	142	2	1	3	19
3093	-4816	2352	14800	0	0	9	0	0	0	0	0	0	0	0	0	0	85	0	95	142	2	1	3	17
3094	-4848	2352	14768	0	0	9	0	0	0	0	0	0	0	0	0	0	56	0	95	142	3	1	3	21
3095	-4976	2368	14768	0	0	9	0	0	0	0	0	0	0	0	0	0	45	0	95	142	3	1	4	23
3096	-4752	2352	14832	0	0	9	0	0	0	0	0	0	0	0	0	0	22	0	95	142	3	1	3	25
3097	-4928	2464	15152	0	0	9	0	0	0	0	0	0	0	0	0	0	9	0	95	142	4	1	4	36
3098	-4944	2272	14816	0	0	9	0	0	0	0	0	0	0	0	0	0	8	0	95	142	4	1	3	39
3099	-4960	2288	15104	0	0	9	0	0	0	0	0	0	0	0	0	3	11	0	95	142	5	2	5	37
3100	-4960	2672	15152	0	0	9	0	0	0	0	0	0	0	0	0	1	19	0	95	142	6	2	5	55
3101	-4768	2608	14816	0	0	9	0	0	0	0	0	0	0	0	0	0	2	0	95	142	6	2	5	51
3102	-4784	2240	15104	0	0	9	0	0	0	0	0	0	0	0	0	0	0	0	95	142	5	3	5	44
3103	-4784	2272	14816	0	0	9	0	0	0	0	0	0	0	0	0	0	0	0	95	142	5	3	5	38
3104	-4784	2272	14752	0	0	9	0	0	0	0	0	0	0	0	0	0	0	0	95	142	5	3	5	37
3105	-4768	2384	14816	0	0	9	0	0	0	0	0	0	0	0	0	0	0	0	95	142	6	3	4	34
3106	-4752	2368	14768	0	0	9	0	0	0	0	0	0	0	0	0	0	0	0	95	142	6	3	4	32
3107	-4752	2352	14784	0	0	9	0	0	0	0	0	0	0	0	0	0	0	0	95	142	5	2	3	29
3108	-4768	2320	14784	0	0	9	0	0	0	0	0	0	0	0	0	0	0	0	95	142	5	2	3	27
3109	-4768	2320	14784	0	0	9	0	0	0	0	0	0	0	0	0	0	0	0	95	142	5	2	3	24
3110	-4992	2416	14832	0	0	9	0	0	0	0	0	0	0	0	0	0	0	0	95	142	5	2	3	23
3111	-4784	2256	15104	0	0	9	0	0	0	0	0	0	0	0	0	0	0	0	95	142	5	2	3	22
3112	-4992	2208	14800	0	0	9	0	0	0	0	0	0	0	0	0	0	0	0	95	142	4	2	3	23
3113	-4752	2176	14800	0	0	9	0	0	0	0	0	0	0	0	0	0	0	0	95	142	3	2	3	22
3114	-4768	2384	14816	0	0	9	0	0	0	0	0	0	0	0	0	0	0	0	95	142	3	1	3	21
3115	-4816	2304	15104	0	0	9	0	0	0	0	0	0	0	0	0	0	0	0	95	142	3	1	3	271
3116	-4768	2304	14832	0	0	9	0	0	0	0	0	0	0	0	0	0	0	0	95	142	7	27	58	372
3117	-4992	2368	15136	0	0	9	0	0	0	0	0	0	0	0	0	0	0	0	95	142	59	87	382	668
3118	-4816	1680	14976	0	0	9	0	0	0	0	0	0	0	0	0	0	0	0	95	142	333	251	936	665
3119	-4784	2128	15136	0	0	9	0	0	0	0	0	0	0	0	0	0	0	0	95	142	341	412	1079	586
3120	-4816	2320	15216	0	0	9	0	0	0	0	0	0	0	0	0	0	0	0	95	142	346	445	1260	699
3121	-4832	2416	15216	0	0	9	0	0	0	0	0	0	0	0	0	0	0	0	95	142	414	665	1352	1192
3122	-4976	2384	15072	0	0	9	0	0	0	0	0	0	0	0	0	0	0	0	95	142	1002	816	1529	1715
3123	-4896	1984	15024	0	0	9	0	0	0	0	0	0	0	0	0	0	0	0	95	142	1119	1166	1893	2122
3124	-4784	2336	14752	0	0	9	0	0	0	0	0	0	0	0	0	0	0	0	95	142	1644	2034	1970	2292
3125	-4768	2016	15152	0	0	9	0	0	0	0	0	0	0	0	0	0	0	0	95	142	3783	2556	1718	2441
3126	-4848	2400	14816	0	0	9	0	0	0	0	0	0	0	0	0	0	0	0	95	142	5233	2766	1322	2478
3127	-5200	2576	14784	0	0	9	0	0	0	0	0	0	0	0	0	0	0	0	95	142	7183	2834	1277	2101
3128	-4848	2176	14800	0	0	9	0	0	0	0	0	0	0	0	0	0	0	0	95	142	7202	2838	1369	1699
3129	-4832	2384	14832	0	0	9	0	0	0	0	0	0	0	0	0	0	0	0	95	142	7273	2712	1389	1222
3130	-4848	2416	14816	0	0	9	0	0	0	0	0	0	0	0	0	0	0	0	95	142	6688	2565	1217	803
3131	-4768	2352	15152	0	0	9	0	0	0	0	0	0	0	0	0	0	0	0	95	142	6571	2215	853	501
3132	-4816	2304	15136	0	0	9	0	0	0	0	0	0	0	8	0	0	0	1	95	142	6042	1321	720	306
3133	-4800	2304	14816	0	0	9	0	0	0	0	0	0	0	0	0	0	0	2	95	142	3850	740	648	185
3134	-4816	2368	14768	0	0	9	0	0	0	0	0	0	0	0	0	0	0	10	95	142	2126	365	490	116
3135	-4768	2320	14784	0	0	9	0	0	0	0	0	0	0	0	0	0	0	36	95	142	168	136	392	83
3136	-4848	2336	15104	0	0	9	0	0	0	0	0	0	0	0	0	0	0	33	95	142	145	100	120	82
3137	-4784	2384	14816	0	0	9	0	0	0	0	0	4	0	8	0	0	0	34	95	142	6	5	9	84
3138	-4752	2400	14800	0	0	9	0	0	0	0	0	0	0	0	0	0	0	30	95	142	5	2	6	88
3139	-4768	2352	14832	0	0	9	0	0	0	0	0	0	0	0	0	0	0	28	95	142	6	3	6	85
3140	-4800	2352	15120	0	0	9	0	0	0	0	0	0	0	0	0	0	1	34	95	142	7	3	7	75
3141	-4800	2352	14816	0	0	9	0	0	0	0	0	0	0	0	0	0	20	51	95	142	7	3	7	68
3142	-4752	2176	14816	0	0	9	0	0	0	0	0	0	0	8	0	0	30	11	95	142	7	3	7	57
3143	-4800	2176	15104	0	0	9	0	0	0	0	0	0	0	0	0	0	42	0	95	142	8	4	7	47
3144	-4784	2384	14784	0	0	9	0	0	0	0	0	0	0	0	0	0	45	0	95	142	7	3	6	38
3145	-4816	2384	14800	0	0	9	0	0	0	0	0	0	0	0	0	0	43	0	95	142	7	3	5	34
3146	-4768	2352	15104	0	0	9	0	0	0	0	0	0	0	0	0	0	45	0	95	142	6	3	4	31
3147	-4768	2416	14816	0	0	9	0	0	0	0	0	0	0	0	0	0	45	0	95	142	5	2	3	31
3148	-4992	2352	15120	0	0	9	0	0	0	0	0	0	1	0	0	0	68	0	95	142	4	1	3	28
3149	-4768	2304	15104	0	0	9	0	0	0	0	0	0	0	0	0	0	49	0	95	142	4	1	3	26
3150	-4768	2320	14784	0	0	9	0	0	0	0	0	0	0	0	0	0	24	0	95	142	5	1	3	24
3151	-4784	2336	14720	0	0	9	0	0	0	0	0	0	0	0	0	0	26	0	95	142	4	1	3	22
3152	-4784	2384	14752	0	0	9	0	0	0	0	0	0	0	0	0	0	30	0	95	142	4	1	3	21
3153	-4800	2416	14784	0	0	9	0	0	0	0	0	0	0	0	0	3	20	0	95	142	4	1	3	20
3154	-4816	2208	14784	0	0	9	0	0	0	0	0	0	0	0	0	18	15	0	95	142	4	1	3	22
3155	-4976	2208	14800	0	0	9	0	0	0	0	0	0	0	0	0	27	14	0	95	142	4	1	3	21
3156	-4816	2208	15104	0	0	9	0	0	0	0	0	0	0	0	0	6	13	0	95	142	4	1	3	20
3157	-4752	2368	14832	0	0	9	0	0	0	0	0	0	0	0	0	3	13	0	95	142	3	1	3	20
3158	-4976	2176	15120	0	0	9	0	0	0	0	0	0	0	0	0	0	6	0	95	142	3	1	3	19
3159	-4976	2368	14832	0	0	9	0	0	0	0	0	0	0	0	0	0	1	0	95	142	3	1	3	19
3160	-4928	2336	15104	0	0	9	0	0	0	0	0	0	0	0	0	1	0	0	95	142	4	1	3	17
3161	-4992	2368	14784	0	0	9	0	0	0	0	0	0	0	0	0	0	0	0	95	142	4	1	3	18
3162	-4992	2336	14832	0	0	9	0	0	0	0	0	0	0	0	0	0	0	0	95	142	5	1	3	19
3163	-4992	2304	15104	0	0	9	0	0	0	0	0	0	0	0	0	0	0	0	95	142	4	1	3	21
3164	-4816	2352	14832	0	0	9	0	0	0	0	0	0	0	0	0	0	0	0	95	142	4	1	3	22
3165	-4800	2384	15168	0	0	9	0	0	0	0	0	0	0	0	0	0	0	0	95	142	4	1	3	23
3166	-4960	2192	14800	0	0	9	0	0	0	0	0	0	0	0	0	0	0	0	95	142	4	1	3	23
3167	-4784	2368	14784	0	0	9	0	0	0	0	0	0	0	0	0	0	0	0	95	142	4	1	3	22
3168	-4976	2384	14768	0	0	9	0	0	0	0	0	0	0	0	0	0	0	0	95	142	3	1	2	19
3169	-4928	2400	14816	0	0	9	0	0	0	0	0	0	0	0	0	0	0	0	95	142	2	1	2	18
3170	-4960	2352	14832	0	0	9	0	0	0	0	0	0	0	0	0	0	0	0	95	142	2	1	2	17
3171	-4960	2224	15136	0	0	9	0	0	0	0	0	0	0	0	0	0	0	0	95	142	2	1	2	132
3172	-4800	2256	14832	0	0	9	0	0	0	0	0	0	0	0	0	0	0	0	95	142	36	4	4	373
3173	-4816	2272	15104	0	0	9	0	0	0	0	0	0	0	0	0	0	0	0	95	142	111	60	154	1232
3174	-4944	2208	15152	0	0	9	0	0	0	0	0	0	0	0	0	0	0	0	95	142	3018	370	259	1843
3175	-4784	2256	15136	0	0	9	0	0	0	0	0	0	0	0	0	0	0	0	95	142	3732	1263	568	2000
3176	-4864	2240	14912	0	0	9	0	0	0	0	0	0	0	0	0	0	0	0	95	142	4679	1442	799	2052
3177	-4960	2416	14816	0	0	9	0	0	0	0	0	0	0	0	0	0	0	0	95	142	5086	1723	1048	2189
3178	-4960	2224	15168	0	0	9	0	0	0	0	0	0	0	0	0	0	0	0	95	142	6178	1883	1181	3121
3179	-4928	2416	15056	0	0	9	0	0	0	0	0	0	0	0	0	0	0	0	95	142	7584	3128	1885	3454
3180	-4848	2400	15120	0	0	9	0	0	0	0	0	0	0	0	0	0	0	0	95	142	8015	3691	2181	3214
3181	-4864	2304	15184	0	0	9	0	0	0	0	0	0	0	0	0	0	0	0	95	142	8073	3674	2065	2507
3182	-4848	2336	15168	0	0	9	0	0	0	0	0	0	0	0	0	0	0	0	95	142	5208	3389	2014	1730
3183	-4816	2400	15104	0	0	9	0	0	0	0	0	0	0	0	0	0	0	0	95	142	4497	2498	1712	1110
3184	-4752	2176	15120	0	0	9	0	0	0	0	0	0	0	0	0	0	0	0	95	142	3551	2319	1482	684
3185	-4784	2192	15104	0	0	9	0	0	0	0	0	0	0	0	0	0	0	0	95	142	3145	2038	1233	412
3186	-4752	2176	14816	0	0	9	0	0	0	0	0	0	0	8	0	0	0	0	95	142	2053	1878	1100	246
3187	-4848	2352	14816	0	0	9	0	0	0	0	0	0	0	0	0	0	0	0	95	142	647	633	396	150
3188	-4784	2416	14784	0	0	9	0	0	0	0	0	0	0	0	0	0	0	2	95	142	181	67	99	93
3189	-4816	2416	15120	0	0	9	0	0	0	0	0	0	0	0	0	0	0	5	95	142	48	28	64	60
3190	-4752	2416	14784	0	0	9	0	0	0	0	0	0	0	0	0	0	0	32	95	142	7	4	11	49
3191	-4816	2368	14784	0	0	9	0	0	0	0	0	4	0	8	0	0	0	55	95	142	4	2	3	45
3192	-4848	2368	14800	0	0	9	0	0	0	0	0	0	0	0	0	0	0	81	95	142	4	2	3	44
3193	-4784	2320	14832	0	0	9	0	0	0	0	0	0	0	0	0	0	0	87	95	142	4	2	3	46
3194	-4944	2352	14816	0	0	9	0	0	0	0	0	0	0	0	0	0	0	92	95	142	4	2	3	43
3195	-4768	2352	15120	0	0	9	0	0	0	0	0	0	0	0	0	0	1	64	95	142	4	2	3	40
3196	-4752	2336	14832	0	0	9	0	0	0	0	0	0	0	8	0	0	24	4	95	142	5	2	3	36
3197	-4992	2384	14832	0	0	9	0	0	0	0	0	0	0	0	0	0	43	0	95	142	6	2	3	34
3198	-4816	2384	15120	0	0	9	0	0	0	0	0	0	0	0	0	0	47	0	95	142	6	2	3	31
3199	-4752	2416	14832	0	0	9	0	0	0	0	0	0	1	0	0	0	64	0	95	142	6	2	3	29
3200	-4768	2416	14832	0	0	9	0	0	0	0	0	0	0	0	0	0	91	0	95	142	6	2	4	26
3201	-4752	2400	15120	0	0	9	0	0	0	0	0	0	0	0	0	0	95	0	95	142	6	1	4	24
3202	-4752	2416	15120	0	0	9	0	0	0	0	0	0	0	0	0	0	94	0	95	142	6	1	3	21
3203	-4960	2368	15120	0	0	9	0	0	0	0	0	0	0	0	0	0	92	0	95	142	5	1	3	21
3204	-4928	2368	14832	0	0	9	0	0	0	0	0	0	0	0	0	0	85	0	95	142	5	1	3	20
3205	-4992	2032	15104	0	0	9	0	0	0	0	0	0	0	0	0	0	63	0	95	142	5	1	3	21
3206	-4800	2416	14832	0	0	9	0	0	0	0	0	0	0	0	0	0	26	0	95	142	6	1	4	21
3207	-4816	2192	14816	0	0	9	0	0	0	0	0	0	0	0	0	0	11	0	95	142	5	1	3	22
3208	-4976	2192	14816	0	0	9	0	0	0	0	0	0	0	0	0	0	6	0	95	142	5	1	3	21
3209	-4768	2176	14800	0	0	9	0	0	0	0	0	0	0	0	0	0	4	0	95	142	5	1	3	20
3210	-4976	2400	14816	0	0	9	0	0	0	0	0	0	0	0	0	0	6	0	95	142	5	1	3	20
3211	-4960	2384	14768	0	0	9	0	0	0	0	0	0	0	0	0	0	11	0	95	142	4	1	3	19
3212	-4960	2384	14816	0	0	9	0	0	0	0	0	0	0	0	0	0	4	0	95	142	3	1	3	19
3213	-4960	2384	14832	0	0	9	0	0	0	0	0	0	0	0	0	0	0	0	95	142	3	1	2	22
3214	-4800	2384	15104	0	0	9	0	0	0	0	0	0	0	0	0	0	0	0	95	142	3	1	2	22
3215	-4960	2224	14832	0	0	9	0	0	0	0	0	0	0	0	0	0	0	0	95	142	3	1	2	21
3216	-4816	2192	14832	0	0	9	0	0	0	0	0	0	0	0	0	0	0	0	95	142	3	1	2	19
3217	-4992	2352	15120	0	0	9	0	0	0	0	0	0	0	0	0	0	0	0	95	142	4	1	2	18
3218	-4960	2400	14832	0	0	9	0	0	0	0	0	0	0	0	0	0	0	0	95	142	4	1	2	21
3219	-4752	2384	15120	0	0	9	0	0	0	0	0	0	0	0	0	0	0	0	95	142	4	1	3	22
3220	-4752	2416	15120	0	0	9	0	0	0	0	0	0	0	0	0	0	0	0	95	142	4	1	3	21
3221	-4944	2192	14784	0	0	9	0	0	0	0	0	0	0	0	0	0	0	0	95	142	4	1	2	18
3222	-4928	2176	14784	0	0	9	0	0	0	0	0	0	0	0	0	0	0	0	95	142	4	1	2	17
3223	-4928	2416	14832	0	0	9	0	0	0	0	0	0	0	0	0	0	0	0	95	142	3	1	2	17
3224	-4960	2208	15120	0	0	9	0	0	0	0	0	0	0	0	0	0	0	0	95	142	3	2	3	19
3225	-4976	2208	15120	0	0	9	0	0	0	0	0	0	0	0	0	0	0	0	95	142	4	2	3	20
3226	-4992	2192	14832	0	0	9	0	0	0	0	0	0	0	0	0	0	0	0	95	142	4	1	3	24
3227	-4800	2224	15120	0	0	9	0	0	0	0	0	0	0	0	0	0	0	0	95	142	4	1	3	920
3228	-4784	2192	14752	0	0	9	0	0	0	0	0	0	0	0	0	0	0	0	95	142	85	81	24	1682
3229	-4496	2656	15024	0	0	9	0	0	0	0	0	0	0	0	0	0	0	0	95	142	1544	177	151	2354
3230	-4608	2576	15056	0	0	9	0	0	0	0	0	0	0	0	0	0	0	0	95	142	2238	861	559	3378
3231	-4528	2224	15472	0	0	9	0	0	0	0	0	0	0	0	0	0	0	0	95	142	17186	6101	2847	4087
3232	-4768	2176	15152	0	0	9	0	0	0	0	0	0	0	0	0	0	0	0	95	142	27298	7480	2987	4242
3233	-4992	2400	15040	0	0	9	0	0	0	0	0	0	0	0	0	0	0	0	95	142	33180	7995	3117	3779
3234	-4976	1936	14976	0	0	9	0	0	0	0	0	0	0	0	0	0	0	0	95	142	33715	8307	3214	3374
3235	-4768	2176	14800	0	0	9	0	0	0	0	0	0	0	0	0	0	0	0	95	142	35842	8701	3483	2934
3236	-4992	2176	14816	0	0	9	0	0	0	0	0	0	0	0	0	0	0	0	95	142	35995	8976	3657	2292
3237	-4992	2416	14784	0	0	9	0	0	0	0	0	0	0	0	0	0	0	0	95	142	34554	8906	3576	1585
3238	-4976	2384	14784	0	0	9	0	0	0	0	0	0	0	0	0	0	0	0	95	142	33862	8225	3171	1016
3239	-4752	2400	14800	0	0	9	0	0	0	0	0	0	0	0	0	0	0	0	95	142	18914	2984	882	624
3240	-4944	2336	14768	0	0	9	0	0	0	0	0	0	0	8	0	0	0	0	95	142	8802	1605	743	380
3241	-4960	2368	14800	0	0	9	0	0	0	0	0	0	0	0	0	0	0	0	95	142	2918	1090	613	237
3242	-4976	2416	14800	0	0	9	0	0	0	0	0	0	0	0	0	0	0	1	95	142	2386	779	516	150
3243	-4928	2176	14800	0	0	9	0	0	0	0	0	0	0	0	0	0	0	1	95	142	258	385	247	106
3244	-4752	2208	14816	0	0	9	0	0	0	0	0	0	0	0	0	0	0	6	95	142	24	30	52	83
3245	-4992	2176	14800	0	0	9	0	0	0	0	0	4	0	8	0	0	0	42	95	142	7	5	6	72
3246	-4784	2176	15120	0	0	9	0	0	0	0	0	0	0	0	0	0	0	67	95	142	5	3	3	62
3247	-4992	2240	15136	0	0	9	0	0	0	0	0	0	0	0	0	0	0	82	95	142	5	3	4	61
3248	-4944	2224	14800	0	0	9	0	0	0	0	0	0	0	0	0	0	0	91	95	142	5	3	4	53
3249	-4960	2176	14832	0	0	9	0	0	0	0	0	0	0	0	0	0	0	90	95	142	6	3	4	43
3250	-4960	2400	15120	0	0	9	0	0	0	0	0	0	0	8	0	0	2	6	95	142	4	3	4	35
3251	-4928	2416	15136	0	0	9	0	0	0	0	0	0	0	0	0	0	40	7	95	142	4	3	4	30
3252	-4992	2384	15152	0	0	9	0	0	0	0	0	0	0	0	0	0	46	0	95	142	4	2	4	26
3253	-4768	2400	15120	0	0	9	0	0	0	0	0	0	0	0	0	0	49	0	95	142	3	2	3	22
3254	-4800	2384	15136	0	0	9	0	0	0	0	0	0	1	0	0	0	84	0	95	142	3	2	4	19
3255	-4768	2208	15120	0	0	9	0	0	0	0	0	0	0	0	0	0	97	0	95	142	4	2	3	17
3256	-4768	2416	14832	0	0	9	0	0	0	0	0	0	0	0	0	0	96	0	95	142	3	1	3	19
3257	-4944	2176	14816	0	0	9	0	0	0	0	0	0	0	0	0	0	94	0	95	142	3	1	3	18
3258	-4928	2384	14800	0	0	9	0	0	0	0	0	0	0	0	0	0	93	0	95	142	2	1	3	18
3259	-4992	2208	14816	0	0	9	0	0	0	0	0	0	0	0	0	0	83	0	95	142	3	1	3	18
3260	-4928	2176	14832	0	0	9	0	0	0	0	0	0	0	0	0	0	44	0	95	142	3	1	3	18
3261	-4960	2192	14800	0	0	9	0	0	0	0	0	0	0	0	0	0	26	0	95	142	3	1	4	18
3262	-4992	2192	14816	0	0	9	0	0	0	0	0	0	0	0	0	0	11	0	95	142	3	1	3	19
3263	-4976	2208	14784	0	0	9	0	0	0	0	0	0	0	0	0	0	5	0	95	142	3	1	3	20
3264	-4992	2224	14816	0	0	9	0	0	0	0	0	0	0	0	0	0	4	0	95	142	4	1	3	19
3265	-4912	2176	15104	0	0	9	0	0	0	0	0	0	0	0	0	1	6	0	95	142	4	1	3	19
3266	-4960	2400	14832	0	0	9	0	0	0	0	0	0	0	0	0	0	14	0	95	142	4	1	3	18
3267	-4976	2176	14800	0	0	9	0	0	0	0	0	0	0	0	0	0	0	0	95	142	4	1	3	18
3268	-4992	2192	14832	0	0	9	0	0	0	0	0	0	0	0	0	0	0	0	95	142	4	1	3	17
3269	-4976	2192	14816	0	0	9	0	0	0	0	0	0	0	0	0	0	0	0	95	142	3	1	3	18
3270	-4928	2192	14832	0	0	9	0	0	0	0	0	0	0	0	0	0	0	0	95	142	3	1	4	18
3271	-4976	2176	14816	0	0	9	0	0	0	0	0	0	0	0	0	0	0	0	95	142	3	1	3	17
3272	-4976	2416	15104	0	0	9	0	0	0	0	0	0	0	0	0	0	0	0	95	142	3	1	3	17
3273	-4928	2416	14832	0	0	9	0	0	0	0	0	0	0	0	0	0	0	0	95	142	3	1	3	16
3274	-4960	2208	15120	0	0	9	0	0	0	0	0	0	0	0	0	0	0	0	95	142	3	1	3	15
3275	-4752	2224	14816	0	0	9	0	0	0	0	0	0	0	0	0	0	0	0	95	142	3	1	3	16
3276	-4944	2240	14784	0	0	9	0	0	0	0	0	0	0	0	0	0	0	0	95	142	3	2	3	16
3277	-4992	2416	15104	0	0	9	0	0	0	0	0	0	0	0	0	0	0	0	95	142	3	2	3	17
3278	-4928	2192	15104	0	0	9	0	0	0	0	0	0	0	0	0	0	0	0	95	142	3	1	3	19
3279	-4912	2176	15152	0	0	9	0	0	0	0	0	0	0	0	0	0	0	0	95	142	3	1	3	18
3280	-4912	2368	15152	0	0	9	0	0	0	0	0	0	0	0	0	0	0	0	95	142	3	1	3	18
3281	-4896	2176	14768	0	0	9	0	0	0	0	0	0	0	0	0	0	0	0	95	142	3	1	3	19
3282	-4896	2176	14816	0	0	9	0	0	0	0	0	0	0	0	0	0	0	0	95	142	3	1	3	18
3283	-4912	2416	15120	0	0	9	0	0	0	0	0	0	0	0	0	0	0	0	95	142	3	1	2	18
3284	-4928	2416	15120	0	0	9	0	0	0	0	0	0	0	0	0	0	0	0	95	142	3	1	2	19
3285	-4928	2192	15120	0	0	9	0	0	0	0	0	0	0	0	0	0	0	0	95	142	3	1	2	18
3286	-4960	2192	15136	0	0	9	0	0	0	0	0	0	0	0	0	0	0	0	95	142	3	1	2	17
3287	-4992	2192	15136	0	0	9	0	0	0	0	0	0	0	0	0	0	0	0	95	142	2	1	3	18
3288	-4992	2256	15120	0	0	9	0	0	0	0	0	0	0	0	0	0	0	0	95	142	3	2	3	19
3289	-4752	2272	15104	0	0	9	0	0	0	0	0	0	0	0	0	0	0	0	95	142	3	2	3	77
3290	-4992	2240	14784	0	0	9	0	0	0	0	0	0	0	0	0	0	0	0	95	142	7	12	7	832
3291	-4768	2608	14992	0	0	9	0	0	0	0	0	0	0	0	0	0	0	0	95	142	518	165	224	1576
3292	-4512	2640	15232	0	0	9	0	0	0	0	0	0	0	0	0	0	0	0	95	142	1306	355	598	2655
3293	-4736	2592	15328	0	0	9	0	0	0	0	0	0	0	0	0	0	0	0	95	142	1863	499	860	3076
3294	-4704	2576	15408	0	0	9	0	0	0	0	0	0	0	0	0	0	0	0	95	142	3621	991	1409	2779
3295	-4880	2592	15008	0	0	9	0	0	0	0	0	0	0	0	0	0	0	0	95	142	3786	1017	1642	2389
3296	-4928	2400	14544	0	0	9	0	0	0	0	0	0	0	0	0	0	0	0	95	142	4150	1166	1827	2496
3297	-4976	2208	15200	0	0	9	0	0	0	0	0	0	0	0	0	0	0	0	95	142	4495	1557	2676	2720
3298	-4608	2272	14976	0	0	9	0	0	0	0	0	0	0	0	0	0	0	0	95	142	4980	2170	3067	2686
3299	-4608	2192	15216	0	0	9	0	0	0	0	0	0	0	0	0	0	0	0	95	142	6433	2452	2992	2344
3300	-4928	2416	15216	0	0	9	0	0	0	0	0	0	0	0	0	0	0	0	95	142	5847	2346	2786	1704
3301	-4912	2272	15152	0	0	9	0	0	0	0	0	0	0	0	0	0	0	0	95	142	5292	2208	2531	1149
3302	-4880	2192	15136	0	0	9	0	0	0	0	0	0	0	8	0	0	0	0	95	142	3539	1721	2062	728
3303	-4944	2224	15120	0	0	9	0	0	0	0	0	0	0	0	0	0	0	0	95	142	3373	1695	1829	447
3304	-4928	2272	15136	0	0	9	0	0	0	0	0	0	0	0	0	0	0	0	95	142	3008	1546	1645	270
3305	-4928	2256	14816	0	0	9	0	0	0	0	0	0	0	0	0	0	0	1	95	142	2664	1155	795	170
3306	-4960	2176	14800	0	0	9	0	0	0	0	0	0	0	0	0	0	0	1	95	142	2174	532	400	114
3307	-4928	2384	15104	0	0	9	0	0	0	0	0	4	0	8	0	0	0	6	95	142	211	97	258	86
3308	-4960	2416	14800	0	0	9	0	0	0	0	0	0	0	0	0	0	0	40	95	142	9	13	91	71
3309	-4976	2352	14800	0	0	9	0	0	0	0	0	0	0	0	0	0	0	58	95	142	7	7	83	64
3310	-4944	2384	14832	0	0	9	0	0	0	0	0	0	0	0	0	0	0	77	95	142	4	3	4	56
3311	-4928	2416	15120	0	0	9	0	0	0	0	0	0	0	0	0	0	0	89	95	142	4	3	4	50
3312	-4976	2208	14816	0	0	9	0	0	0	0	0	0	0	8	0	0	0	88	95	142	4	4	4	44
3313	-4976	2384	15120	0	0	9	0	0	0	0	0	0	0	0	0	0	2	12	95	142	4	4	4	38
3314	-4608	2368	15152	0	0	9	0	0	0	0	0	0	0	0	0	0	38	9	95	142	4	3	4	32
3315	-4880	2336	15152	0	0	9	0	0	0	0	0	0	0	0	0	0	45	0	95	142	3	3	3	28
3316	-4928	2400	15168	0	0	9	0	0	0	0	0	0	0	0	0	0	49	0	95	142	4	3	3	26
3317	-4928	2384	15120	0	0	9	0	0	0	0	0	0	1	0	0	0	83	0	95	142	4	3	3	24
3318	-4928	2400	14832	0	0	9	0	0	0	0	0	0	0	0	0	0	97	0	95	142	3	2	3	22
3319	-4960	2192	14816	0	0	9	0	0	0	0	0	0	0	0	0	0	96	0	95	142	2	1	3	22
3320	-4944	2416	14800	0	0	9	0	0	0	0	0	0	0	0	0	0	95	0	95	142	2	1	2	21
3321	-4896	2176	14784	0	0	9	0	0	0	0	0	0	0	0	0	0	94	0	95	142	1	1	2	21
3322	-4896	2368	14768	0	0	9	0	0	0	0	0	0	0	0	0	0	83	0	95	142	2	1	2	19
3323	-4960	2304	14800	0	0	9	0	0	0	0	0	0	0	0	0	0	49	0	95	142	2	1	2	17
3324	-4976	2032	14800	0	0	9	0	0	0	0	0	0	0	0	0	0	35	0	95	142	2	1	2	17
3325	-4976	2368	14832	0	0	9	0	0	0	0	0	0	0	0	0	0	13	0	95	142	2	1	2	18
3326	-4976	2368	15104	0	0	9	0	0	0	0	0	0	0	0	0	0	7	0	95	142	2	1	2	18
3327	-4944	2192	14816	0	0	9	0	0	0	0	0	0	0	0	0	0	5	0	95	142	2	1	3	20
3328	-4976	2416	14816	0	0	9	0	0	0	0	0	0	0	0	0	1	7	0	95	142	3	1	3	19
3329	-4960	2416	14784	0	0	9	0	0	0	0	0	0	0	0	0	1	16	0	95	142	3	1	3	19
3330	-4976	2208	14816	0	0	9	0	0	0	0	0	0	0	0	0	0	1	0	95	142	3	1	3	19
3331	-4976	2400	14784	0	0	9	0	0	0	0	0	0	0	0	0	0	0	0	95	142	3	1	3	19
3332	-4928	2384	14816	0	0	9	0	0	0	0	0	0	0	0	0	0	0	0	95	142	3	1	3	19
3333	-4800	2352	14816	0	0	9	0	0	0	0	0	0	0	0	0	0	0	0	95	142	2	1	3	21
3334	-4960	2400	14768	0	0	9	0	0	0	0	0	0	0	0	0	0	0	0	95	142	2	1	2	23
3335	-4960	2336	14816	0	0	9	0	0	0	0	0	0	0	0	0	0	0	0	95	142	3	1	2	21
3336	-4976	2352	14832	0	0	9	0	0	0	0	0	0	0	0	0	0	0	0	95	142	2	1	2	20
3337	-4944	2176	14832	0	0	9	0	0	0	0	0	0	0	0	0	0	0	0	95	142	2	1	2	19
3338	-4944	2416	14832	0	0	9	0	0	0	0	0	0	0	0	0	0	0	0	95	142	3	1	2	18
3339	-4912	2208	14832	0	0	9	0	0	0	0	0	0	0	0	0	0	0	0	95	142	3	1	2	18
3340	-4944	2368	14768	0	0	9	0	0	0	0	0	0	0	0	0	0	0	0	95	142	4	1	3	19
3341	-4912	2208	14800	0	0	9	0	0	0	0	0	0	0	0	0	0	0	0	95	142	4	1	3	18
3342	-4928	2192	14800	0	0	9	0	0	0	0	0	0	0	0	0	0	0	0	95	142	4	1	3	17
3343	-4912	2192	15104	0	0	9	0	0	0	0	0	0	0	0	0	0	0	0	95	142	4	1	3	16
3344	-4944	2384	14784	0	0	9	0	0	0	0	0	0	0	0	0	0	0	0	95	142	4	1	3	16
3345	-4912	2368	15120	0	0	9	0	0	0	0	0	0	0	0	0	0	0	0	95	142	4	1	3	15
3346	-4976	2384	14832	0	0	9	0	0	0	0	0	0	0	0	0	0	0	0	95	142	3	1	3	15
3347	-4928	2208	15104	0	0	9	0	0	0	0	0	0	0	0	0	0	0	0	95	142	3	1	3	13
3348	-4912	2224	15120	0	0	9	0	0	0	0	0	0	0	0	0	0	0	0	95	142	3	1	2	13
3349	-4896	2192	15104	0	0	9	0	0	0	0	0	0	0	0	0	0	0	0	95	142	2	1	3	14
3350	-4928	2416	15152	0	0	9	0	0	0	0	0	0	0	0	0	0	0	0	95	142	2	1	3	36
3351	-4896	2224	15168	0	0	9	0	0	0	0	0	0	0	0	0	0	0	0	95	142	3	2	6	123
3352	-4880	2256	15152	0	0	9	0	0	0	0	0	0	0	0	0	0	0	0	95	142	4	27	34	349
3353	-4544	2528	15216	0	0	9	0	0	0	0	0	0	0	0	0	0	0	0	95	142	35	81	123	1830
3354	-4976	2432	15200	0	0	9	0	0	0	0	0	0	0	0	0	0	0	0	95	142	1001	565	326	2274
3355	-4896	2608	15088	0	0	9	0	0	0	0	0	0	0	0	0	0	0	0	95	142	4423	1518	757	2124
3356	-4928	2416	15168	0	0	9	0	0	0	0	0	0	0	0	0	0	0	0	95	142	4772	1606	913	1879
3357	-4928	2352	15120	0	0	9	0	0	0	0	0	0	0	0	0	0	0	0	95	142	4787	1642	959	2168
3358	-4752	2192	14816	0	0	9	0	0	0	0	0	0	0	0	0	0	0	0	95	142	4843	2309	1509	2206
3359	-4816	2208	14800	0	0	9	0	0	0	0	0	0	0	0	0	0	0	0	95	142	4928	3134	2094	1739
3360	-4976	2384	14736	0	0	9	0	0	0	0	0	0	0	0	0	0	0	0	95	142	4933	3147	2107	1212
3361	-4976	2400	14736	0	0	9	0	0	0	0	0	0	0	0	0	0	0	0	95	142	4905	3100	2037	782
3362	-4960	2384	14768	0	0	9	0	0	0	0	0	0	0	0	0	0	0	0	95	142	3938	2616	1834	484
3363	-4992	2384	14768	0	0	9	0	0	0	0	0	0	0	8	0	0	0	0	95	142	516	1663	1403	292
3364	-4768	2240	15120	0	0	9	0	0	0	0	0	0	0	0	0	0	0	0	95	142	167	1575	1248	180
3365	-4992	2192	15104	0	0	9	0	0	0	0	0	0	0	0	0	0	0	0	95	142	152	1539	1202	120
3366	-4768	2240	15104	0	0	9	0	0	0	0	0	0	0	0	0	0	0	2	95	142	96	872	652	88
3367	-4752	2224	14816	0	0	9	0	0	0	0	0	0	0	0	0	0	0	8	95	142	12	46	64	77
3368	-4752	2288	14816	0	0	9	0	0	0	0	0	4	0	8	0	0	0	15	95	142	7	9	23	71
3369	-4944	2208	14768	0	0	9	0	0	0	0	0	0	0	0	0	0	0	18	95	142	5	3	4	64
3370	-4960	2416	14784	0	0	9	0	0	0	0	0	0	0	0	0	0	0	56	95	142	5	4	4	58
3371	-4768	2192	14784	0	0	9	0	0	0	0	0	0	0	0	0	0	0	91	95	142	6	4	5	52
3372	-4784	2416	14768	0	0	9	0	0	0	0	0	0	0	0	0	0	0	94	95	142	6	5	5	46
3373	-4768	2400	14832	0	0	9	0	0	0	0	0	0	0	8	0	0	0	95	95	142	6	5	4	41
3374	-4960	2192	14800	0	0	9	0	0	0	0	0	0	0	0	0	0	0	90	95	142	6	5	4	37
3375	-4784	2416	15120	0	0	9	0	0	0	0	0	0	0	0	0	0	14	0	95	142	5	5	4	36
3376	-4768	2176	15120	0	0	9	0	0	0	0	0	0	0	0	0	0	40	0	95	142	4	4	4	34
3377	-4752	2176	14800	0	0	9	0	0	0	0	0	0	0	0	0	0	45	0	95	142	4	4	4	30
3378	-4992	2176	14800	0	0	9	0	0	0	0	0	0	0	0	0	0	47	0	95	142	4	3	3	28
3379	-4992	2224	14784	0	0	9	0	0	0	0	0	0	1	0	0	1	53	0	95	142	5	3	3	24
3380	-4960	2224	14784	0	0	9	0	0	0	0	0	0	0	0	0	3	90	0	95	142	4	2	3	22
3381	-4976	2176	14800	0	0	9	0	0	0	0	0	0	0	0	0	7	92	0	95	142	4	2	3	22
3382	-4944	2176	14832	0	0	9	0	0	0	0	0	0	0	0	0	6	88	0	95	142	4	1	3	22
3383	-4912	2208	14816	0	0	9	0	0	0	0	0	0	0	0	0	3	84	0	95	142	4	1	3	20
3384	-4928	2352	14800	0	0	9	0	0	0	0	0	0	0	0	0	0	74	0	95	142	4	1	3	19
3385	-4960	2400	14832	0	0	9	0	0	0	0	0	0	0	0	0	0	17	0	95	142	3	1	3	18
3386	-4976	2256	14816	0	0	9	0	0	0	0	0	0	0	0	0	0	4	0	95	142	3	1	3	17
3387	-4960	2192	15136	0	0	9	0	0	0	0	0	0	0	0	0	0	2	0	95	142	2	1	3	18
3388	-4976	2224	15120	0	0	9	0	0	0	0	0	0	0	0	0	0	2	0	95	142	2	1	3	18
3389	-4976	2224	15136	0	0	9	0	0	0	0	0	0	0	0	0	0	1	0	95	142	2	1	3	18
3390	-4960	2176	14832	0	0	9	0	0	0	0	0	0	0	0	0	0	0	0	95	142	2	1	2	19
3391	-4944	2416	15168	0	0	9	0	0	0	0	0	0	0	0	0	0	0	0	95	142	2	1	3	18
3392	-4944	2208	15152	0	0	9	0	0	0	0	0	0	0	0	0	0	0	0	95	142	2	1	2	18
3393	-4752	2240	15152	0	0	9	0	0	0	0	0	0	0	0	0	0	0	0	95	142	3	1	2	19
3394	-4944	2192	15120	0	0	9	0	0	0	0	0	0	0	0	0	0	0	0	95	142	2	1	2	20
3395	-4928	2176	14816	0	0	9	0	0	0	0	0	0	0	0	0	0	0	0	95	142	2	1	2	20
3396	-4896	2400	14768	0	0	9	0	0	0	0	0	0	0	0	0	0	0	0	95	142	2	1	2	21
3397	-4896	2400	14768	0	0	9	0	0	0	0	0	0	0	0	0	0	0	0	95	142	2	1	2	21
3398	-4928	2176	14816	0	0	9	0	0	0	0	0	0	0	0	0	0	0	0	95	142	2	1	2	20
3399	-4960	2192	15136	0	0	9	0	0	0	0	0	0	0	0	0	0	0	0	95	142	2	1	2	18
3400	-4992	2224	15104	0	0	9	0	0	0	0	0	0	0	0	0	0	0	0	95	142	1	1	2	18
3401	-4992	2176	15120	0	0	9	0	0	0	0	0	0	0	0	0	0	0	0	95	142	1	1	2	19
3402	-4960	2176	14832	0	0	9	0	0	0	0	0	0	0	0	0	0	0	0	95	142	2	1	2	18
3403	-4976	2384	15136	0	0	9	0	0	0	0	0	0	0	0	0	0	0	0	95	142	2	1	2	19
3404	-4944	2320	14832	0	0	9	0	0	0	0	0	0	0	0	0	0	0	0	95	142	2	1	2	19
3405	-4912	2384	15136	0	0	9	0	0	0	0	0	0	0	0	0	0	0	0	95	142	2	1	2	19
3406	-4912	2208	15152	0	0	9	0	0	0	0	0	0	0	0	0	0	0	0	95	142	3	1	2	19
3407	-4960	2256	14816	0	0	9	0	0	0	0	0	0	0	0	0	0	0	0	95	142	3	1	2	19
3408	-4960	2256	14832	0	0	9	0	0	0	0	0	0	0	0	0	0	0	0	95	142	3	1	2	19
3409	-4992	2256	15136	0	0	9	0	0	0	0	0	0	0	0	0	0	0	0	95	142	3	1	3	28
3410	-4976	2256	15120	0	0	9	0	0	0	0	0	0	0	0	0	0	0	0	95	142	2	1	3	96
3411	-4912	2272	15120	0	0	9	0	0	0	0	0	0	0	0	0	0	0	0	95	142	8	39	11	695
3412	-4816	2208	15104	0	0	9	0	0	0	0	0	0	0	0	0	0	0	0	95	142	24	103	84	2018
3413	-4976	2448	15168	0	0	9	0	0	0	0	0	0	0	0	0	0	0	0	95	142	1270	839	1113	3326
3414	-4784	2256	14720	0	0	9	0	0	0	0	0	0	0	0	0	0	0	0	95	142	4148	1393	1693	3569
3415	-4944	2288	14848	0	0	9	0	0	0	0	0	0	0	0	0	0	0	0	95	142	4348	1510	1788	3334
3416	-4928	2576	15008	0	0	9	0	0	0	0	0	0	0	0	0	0	0	0	95	142	4401	1797	2054	2934
3417	-4928	2640	15040	0	0	9	0	0	0	0	0	0	0	0	0	0	0	0	95	142	4466	2215	2566	2724
3418	-4944	2272	15008	0	0	9	0	0	0	0	0	0	0	0	0	0	0	0	95	142	5494	2440	2685	2526
3419	-4800	2400	14784	0	0	9	0	0	0	0	0	0	0	0	0	0	0	0	95	142	5747	2830	2766	2225
3420	-4784	2416	14944	0	0	9	0	0	0	0	0	0	0	0	0	0	0	0	95	142	6037	2998	2788	1789
3421	-4752	2224	14816	0	0	9	0	0	0	0	0	0	0	0	0	0	0	0	95	142	4836	2293	1786	1246
3422	-4928	2416	14832	0	0	9	0	0	0	0	0	0	0	0	0	0	0	0	95	142	1959	1739	1207	805
3423	-4976	2416	14832	0	0	9	0	0	0	0	0	0	0	8	0	0	0	0	95	142	1758	1621	1112	543
3424	-4976	2384	15152	0	0	9	0	0	0	0	0	0	0	0	0	0	0	0	95	142	1704	1334	845	348
3425	-4768	2416	15104	0	0	9	0	0	0	0	0	0	0	0	0	0	0	0	95	142	1640	917	333	220
3426	-4944	2256	14816	0	0	9	0	0	0	0	0	0	0	0	0	0	0	1	95	142	612	693	214	146
3427	-4928	2256	14736	0	0	9	0	0	0	0	0	0	0	0	0	0	0	2	95	142	354	264	126	122
3428	-4976	2192	14784	0	0	9	0	0	0	0	0	4	0	8	0	0	0	6	95	142	50	33	30	120
3429	-4992	2224	14816	0	0	9	0	0	0	0	0	0	0	0	0	0	0	32	95	142	15	4	5	128
3430	-4976	2192	14784	0	0	9	0	0	0	0	0	0	0	0	0	0	0	68	95	142	17	10	10	135
3431	-4960	2416	14784	0	0	9	0	0	0	0	0	0	0	0	0	0	0	85	95	142	23	14	14	135
3432	-4784	2208	14800	0	0	9	0	0	0	0	0	0	0	0	0	0	0	93	95	142	24	15	15	124
3433	-4976	2176	14768	0	0	9	0	0	0	0	0	0	0	8	0	0	0	92	95	142	26	15	14	114
3434	-4960	2352	14832	0	0	9	0	0	0	0	0	0	0	0	0	0	3	43	95	142	26	15	15	96
3435	-4752	2352	14784	0	0	9	0	0	0	0	0	0	0	0	0	0	39	22	95	142	26	15	16	79
3436	-4976	2368	14832	0	0	9	0	0	0	0	0	0	0	0	0	0	44	0	95	142	24	15	15	64
3437	-4752	2176	14800	0	0	9	0	0	0	0	0	0	0	0	0	0	48	0	95	142	14	13	13	51
3438	-4800	2208	14784	0	0	9	0	0	0	0	0	0	1	0	0	0	84	0	95	142	12	7	8	41
3439	-4800	2192	14784	0	0	9	0	0	0	0	0	0	0	0	0	0	97	0	95	142	6	2	4	35
3440	-4784	2208	14816	0	0	9	0	0	0	0	0	0	0	0	0	0	97	0	95	142	5	2	4	31
3441	-4752	2416	14832	0	0	9	0	0	0	0	0	0	0	0	0	0	96	0	95	142	4	2	4	27
3442	-4976	2384	14816	0	0	9	0	0	0	0	0	0	0	0	0	0	95	0	95	142	3	2	3	23
3443	-4752	2416	14832	0	0	9	0	0	0	0	0	0	0	0	0	0	87	0	95	142	3	2	3	20
3444	-4992	2208	14800	0	0	9	0	0	0	0	0	0	0	0	0	0	49	0	95	142	3	1	3	19
3445	-4800	2224	15104	0	0	9	0	0	0	0	0	0	0	0	0	0	30	0	95	142	4	1	3	18
3446	-4976	2288	15120	0	0	9	0	0	0	0	0	0	0	0	0	0	12	0	95	142	3	1	3	18
3447	-4912	2256	15104	0	0	9	0	0	0	0	0	0	0	0	0	0	7	0	95	142	3	1	3	20
3448	-4960	2208	14832	0	0	9	0	0	0	0	0	0	0	0	0	0	5	0	95	142	3	1	3	18
3449	-4944	2192	15168	0	0	9	0	0	0	0	0	0	0	0	0	1	9	0	95	142	3	1	3	18
3450	-4976	2176	15136	0	0	9	0	0	0	0	0	0	0	0	0	8	16	0	95	142	3	1	3	19
3451	-4752	2208	15136	0	0	9	0	0	0	0	0	0	0	0	0	5	0	0	95	142	3	1	3	20
3452	-4960	2256	14784	0	0	9	0	0	0	0	0	0	0	0	0	1	0	0	95	142	3	1	3	23
3453	-4960	2256	14800	0	0	9	0	0	0	0	0	0	0	0	0	0	0	0	95	142	2	1	3	24
3454	-4928	2272	14832	0	0	9	0	0	0	0	0	0	0	0	0	0	0	0	95	142	2	1	3	22
3455	-4976	2176	14832	0	0	9	0	0	0	0	0	0	0	0	0	0	0	0	95	142	2	1	3	21
3456	-4928	2192	15104	0	0	9	0	0	0	0	0	0	0	0	0	0	0	0	95	142	3	1	3	20
3457	-4912	2208	14768	0	0	9	0	0	0	0	0	0	0	0	0	0	0	0	95	142	3	1	3	20
3458	-4944	2416	14816	0	0	9	0	0	0	0	0	0	0	0	0	0	0	0	95	142	3	1	3	18
3459	-4928	2176	14800	0	0	9	0	0	0	0	0	0	0	0	0	0	0	0	95	142	3	1	3	18
3460	-4960	2208	14784	0	0	9	0	0	0	0	0	0	0	0	0	0	0	0	95	142	3	1	3	18
3461	-4944	2208	15120	0	0	9	0	0	0	0	0	0	0	0	0	0	0	0	95	142	3	1	3	16
3462	-4752	2208	15120	0	0	9	0	0	0	0	0	0	0	0	0	0	0	0	95	142	3	1	3	16
3463	-4752	2192	15120	0	0	9	0	0	0	0	0	0	0	0	0	0	0	0	95	142	3	1	3	17
3464	-4976	2224	14784	0	0	9	0	0	0	0	0	0	0	0	0	0	0	0	95	142	3	1	3	17
3465	-4960	2384	14768	0	0	9	0	0	0	0	0	0	0	0	0	0	0	0	95	142	3	1	3	17
3466	-4976	2416	14816	0	0	9	0	0	0	0	0	0	0	0	0	0	0	0	95	142	3	2	3	17
3467	-4752	2240	14752	0	0	9	0	0	0	0	0	0	0	0	0	0	0	0	95	142	3	2	3	17
3468	-4992	2176	14816	0	0	9	0	0	0	0	0	0	0	0	0	0	0	0	95	142	3	2	3	18
3469	-4960	2240	15104	0	0	9	0	0	0	0	0	0	0	0	0	0	0	0	95	142	3	2	3	19
3470	-4992	2192	14816	0	0	9	0	0	0	0	0	0	0	0	0	0	0	0	95	142	2	2	3	18
3471	-4768	2352	15104	0	0	9	0	0	0	0	0	0	0	0	0	0	0	0	95	142	2	1	3	18
3472	-4768	2416	14816	0	0	9	0	0	0	0	0	0	0	0	0	0	0	0	95	142	2	1	3	18
3473	-4784	2192	14768	0	0	9	0	0	0	0	0	0	0	0	0	0	0	0	95	142	2	1	3	27
3474	-4960	2224	14816	0	0	9	0	0	0	0	0	0	0	0	0	0	0	0	95	142	4	1	3	90
3475	-4912	2560	14752	0	0	9	0	0	0	0	0	0	0	0	0	0	0	0	95	142	5	10	30	1348
3476	-4912	2416	14720	0	0	9	0	0	0	0	0	0	0	0	0	0	0	0	95	142	7024	1695	2270	1774
3477	-4736	2656	15040	0	0	9	0	0	0	0	0	0	0	0	0	0	0	0	95	142	7314	1779	2401	2434
3478	-4592	2272	14976	0	0	9	0	0	0	0	0	0	0	0	0	0	0	0	95	142	8744	2042	2492	2325
3479	-4608	2176	14976	0	0	9	0	0	0	0	0	0	0	0	0	0	0	0	95	142	8852	2601	3527	2224
3480	-4928	2176	15008	0	0	9	0	0	0	0	0	0	0	0	0	0	0	0	95	142	10803	8603	13261	2182
3481	-4944	2256	15216	0	0	9	0	0	0	0	0	0	0	0	0	0	0	0	95	142	12010	10001	14038	1751
3482	-4944	2240	14816	0	0	9	0	0	0	0	0	0	0	0	0	0	0	0	95	142	12016	10012	14120	1297
3483	-4960	2272	15104	0	0	9	0	0	0	0	0	0	0	0	0	0	0	0	95	142	12019	10025	14154	891
3484	-4992	2224	15152	0	0	9	0	0	0	0	0	0	0	0	0	0	0	0	95	142	5001	8346	11921	579
3485	-4784	2224	15104	0	0	9	0	0	0	0	0	0	0	0	0	0	0	0	95	142	4712	8262	11790	361
3486	-4752	2256	14816	0	0	9	0	0	0	0	0	0	0	8	0	0	0	0	95	142	3282	7999	11699	220
3487	-4752	2192	14800	0	0	9	0	0	0	0	0	0	0	0	0	0	0	0	95	142	3174	7440	10664	136
3488	-4768	2208	14800	0	0	9	0	0	0	0	0	0	0	0	0	0	0	1	95	142	1223	1438	931	92
3489	-4992	2208	14832	0	0	9	0	0	0	0	0	0	0	0	0	0	0	5	95	142	17	40	153	92
3490	-4752	2176	14816	0	0	9	0	0	0	0	0	0	0	0	0	0	0	10	95	142	11	32	73	104
3491	-4992	2192	14768	0	0	9	0	0	0	0	0	4	0	8	0	0	0	7	95	142	12	15	21	124
3492	-4752	2384	14784	0	0	9	0	0	0	0	0	0	0	0	0	0	0	23	95	142	15	14	16	123
3493	-4960	2192	14800	0	0	9	0	0	0	0	0	0	0	0	0	0	0	91	95	142	16	16	17	108
3494	-4960	2208	15120	0	0	9	0	0	0	0	0	0	0	0	0	0	0	96	95	142	16	16	18	93
3495	-4784	2224	15120	0	0	9	0	0	0	0	0	0	0	0	0	0	0	95	95	142	16	17	19	76
3496	-4992	2416	15104	0	0	9	0	0	0	0	0	0	0	8	0	0	0	97	95	142	17	18	19	61
3497	-4976	2208	14816	0	0	9	0	0	0	0	0	0	0	0	0	0	3	27	95	142	17	18	19	49
3498	-4992	2176	14800	0	0	9	0	0	0	0	0	0	0	0	0	0	34	0	95	142	16	16	18	40
3499	-4960	2176	14784	0	0	9	0	0	0	0	0	0	0	0	0	0	42	0	95	142	9	11	9	32
3500	-4976	2192	14768	0	0	9	0	0	0	0	0	0	0	0	0	0	47	0	95	142	6	6	7	28
3501	-4752	2176	14784	0	0	9	0	0	0	0	0	0	0	0	0	1	47	0	95	142	5	3	5	26
3502	-4752	2400	14768	0	0	9	0	0	0	0	0	0	1	0	0	3	87	0	95	142	4	3	4	23
3503	-4960	2176	14768	0	0	9	0	0	0	0	0	0	0	0	0	10	93	0	95	142	4	2	4	20
3504	-4992	2384	14800	0	0	9	0	0	0	0	0	0	0	0	0	13	92	0	95	142	3	1	4	19
3505	-4960	2192	15104	0	0	9	0	0	0	0	0	0	0	0	0	8	88	0	95	142	3	1	4	19
3506	-4992	2208	14832	0	0	9	0	0	0	0	0	0	0	0	0	0	85	0	95	142	2	1	4	19
3507	-4976	2192	14832	0	0	9	0	0	0	0	0	0	0	0	0	0	56	0	95	142	2	1	4	19
3508	-4960	2192	15168	0	0	9	0	0	0	0	0	0	0	0	0	0	8	0	95	142	2	1	4	18
3509	-4992	2224	15136	0	0	9	0	0	0	0	0	0	0	0	0	0	4	0	95	142	3	1	3	17
3510	-4976	2192	15104	0	0	9	0	0	0	0	0	0	0	0	0	0	2	0	95	142	3	1	3	19
3511	-4944	2400	15104	0	0	9	0	0	0	0	0	0	0	0	0	0	2	0	95	142	2	1	3	21
3512	-4944	2256	14832	0	0	9	0	0	0	0	0	0	0	0	0	0	0	0	95	142	3	1	3	22
3513	-4768	2176	14816	0	0	9	0	0	0	0	0	0	0	0	0	0	0	0	95	142	3	1	3	23
3514	-4976	2208	14752	0	0	9	0	0	0	0	0	0	0	0	0	0	0	0	95	142	2	1	2	22
3515	-4928	2176	14752	0	0	9	0	0	0	0	0	0	0	0	0	0	0	0	95	142	3	1	3	22
3516	-4608	2416	14736	0	0	9	0	0	0	0	0	0	0	0	0	0	0	0	95	142	3	1	3	24
3517	-4912	2352	14768	0	0	9	0	0	0	0	0	0	0	0	0	0	0	0	95	142	3	1	3	23
3518	-4960	2368	14800	0	0	9	0	0	0	0	0	0	0	0	0	0	0	0	95	142	4	1	3	27
3519	-4992	2176	14768	0	0	9	0	0	0	0	0	0	0	0	0	0	0	0	95	142	5	1	3	25
3520	-4960	2400	14832	0	0	9	0	0	0	0	0	0	0	0	0	0	0	0	95	142	5	1	4	23
3521	-4960	2176	14832	0	0	9	0	0	0	0	0	0	0	0	0	0	0	0	95	142	4	1	4	21
3522	-4976	2416	14816	0	0	9	0	0	0	0	0	0	0	0	0	0	0	0	95	142	5	1	3	21
3523	-4944	2176	14800	0	0	9	0	0	0	0	0	0	0	0	0	0	0	0	95	142	5	1	3	21
3524	-4928	2400	14800	0	0	9	0	0	0	0	0	0	0	0	0	0	0	0	95	142	5	1	3	19
3525	-4944	2176	14816	0	0	9	0	0	0	0	0	0	0	0	0	0	0	0	95	142	4	1	3	17
3526	-4976	2256	14816	0	0	9	0	0	0	0	0	0	0	0	0	0	0	0	95	142	4	1	3	17
3527	-4944	2176	14832	0	0	9	0	0	0	0	0	0	0	0	0	0	0	0	95	142	3	1	3	20
3528	-4960	2176	14816	0	0	9	0	0	0	0	0	0	0	0	0	0	0	0	95	142	4	1	3	20
3529	-4752	2416	14800	0	0	9	0	0	0	0	0	0	0	0	0	0	0	0	95	142	4	1	3	20
3530	-4944	2336	14832	0	0	9	0	0	0	0	0	0	0	0	0	0	0	0	95	142	3	1	3	140
3531	-4976	2192	14784	0	0	9	0	0	0	0	0	0	0	0	0	0	0	0	95	142	4	20	27	1059
3532	-4992	2224	15104	0	0	9	0	0	0	0	0	0	0	0	0	0	0	0	95	142	1828	310	164	1710
3533	-4752	2176	14816	0	0	9	0	0	0	0	0	0	0	0	0	0	0	0	95	142	2910	647	309	2208
3534	-4976	2192	14848	0	0	9	0	0	0	0	0	0	0	0	0	0	0	0	95	142	3277	852	456	2489
3535	-4800	2208	14736	0	0	9	0	0	0	0	0	0	0	0	0	0	0	0	95	142	5016	1362	671	2925
3536	-4960	2576	15152	0	0	9	0	0	0	0	0	0	0	0	0	0	0	0	95	142	5398	1436	782	2995
3537	-4992	2208	15120	0	0	9	0	0	0	0	0	0	0	0	0	0	0	0	95	142	6952	1884	950	2650
3538	-4784	2176	15104	0	0	9	0	0	0	0	0	0	0	0	0	0	0	0	95	142	7027	2106	1102	1967
3539	-4768	2416	15120	0	0	9	0	0	0	0	0	0	0	0	0	0	0	0	95	142	7030	2184	1106	1321
3540	-4800	2208	14816	0	0	9	0	0	0	0	0	0	0	0	0	0	0	0	95	142	5209	1898	974	838
3541	-4992	2240	14816	0	0	9	0	0	0	0	0	0	0	0	0	0	0	0	95	142	4128	1561	830	511
3542	-4992	2400	14832	0	0	9	0	0	0	0	0	0	0	0	0	0	0	0	95	142	3761	1356	682	309
3543	-4976	2416	14800	0	0	9	0	0	0	0	0	0	0	8	0	0	0	0	95	142	2022	846	467	194
3544	-4992	2400	14800	0	0	9	0	0	0	0	0	0	0	0	0	0	0	0	95	142	1640	772	357	129
3545	-4752	2192	14800	0	0	9	0	0	0	0	0	0	0	0	0	0	0	2	95	142	87	325	188	92
3546	-4992	2192	14816	0	0	9	0	0	0	0	0	0	0	0	0	0	0	9	95	142	14	103	37	78
3547	-4992	2208	14768	0	0	9	0	0	0	0	0	0	0	0	0	0	0	9	95	142	10	7	10	69
3548	-4816	2224	14768	0	0	9	0	0	0	0	0	4	0	8	0	0	0	28	95	142	10	5	5	60
3549	-4752	2208	14736	0	0	9	0	0	0	0	0	0	0	0	0	0	0	78	95	142	10	5	5	52
3550	-4912	2400	14768	0	0	9	0	0	0	0	0	0	0	0	0	0	0	92	95	142	10	5	5	44
3551	-4960	2384	14800	0	0	9	0	0	0	0	0	0	0	0	0	0	0	92	95	142	10	5	5	43
3552	-4992	2176	15136	0	0	9	0	0	0	0	0	0	0	0	0	0	0	96	95	142	10	5	5	41
3553	-4976	2400	14832	0	0	9	0	0	0	0	0	0	0	8	0	0	1	42	95	142	9	5	5	37
3554	-4768	2400	14832	0	0	9	0	0	0	0	0	0	0	0	0	0	30	0	95	142	9	5	4	32
3555	-4944	2224	14816	0	0	9	0	0	0	0	0	0	0	0	0	0	42	0	95	142	7	3	3	28
3556	-4944	2240	14816	0	0	9	0	0	0	0	0	0	0	0	0	0	47	0	95	142	4	2	3	25
3557	-4800	2192	14800	0	0	9	0	0	0	0	0	0	0	0	0	0	47	0	95	142	4	1	3	24
3558	-4752	2272	14800	0	0	9	0	0	0	0	0	0	1	0	0	0	76	0	95	142	4	1	3	23
3559	-4800	2288	14784	0	0	9	0	0	0	0	0	0	0	0	0	2	93	0	95	142	4	1	3	23
3560	-4752	2192	14768	0	0	9	0	0	0	0	0	0	0	0	0	3	91	0	95	142	3	1	3	25
3561	-4976	2400	14784	0	0	9	0	0	0	0	0	0	0	0	0	1	87	0	95	142	3	1	3	26
3562	-4928	2224	14816	0	0	9	0	0	0	0	0	0	0	0	0	0	83	0	95	142	2	1	3	22
3563	-4800	2176	15104	0	0	9	0	0	0	0	0	0	0	0	0	0	55	0	95	142	3	1	3	21
3564	-4768	2192	15136	0	0	9	0	0	0	0	0	0	0	0	0	0	9	0	95	142	4	1	3	22
3565	-4992	2208	15120	0	0	9	0	0	0	0	0	0	0	0	0	0	4	0	95	142	3	1	3	23
3566	-4960	2208	14800	0	0	9	0	0	0	0	0	0	0	0	0	0	2	0	95	142	3	1	3	22
3567	-4976	2176	14800	0	0	9	0	0	0	0	0	0	0	0	0	0	2	0	95	142	3	1	3	22
3568	-4944	2176	14832	0	0	9	0	0	0	0	0	0	0	0	0	0	1	0	95	142	3	1	3	21
3569	-4912	2176	15136	0	0	9	0	0	0	0	0	0	0	0	0	0	0	0	95	142	3	1	2	21
3570	-4944	2176	14816	0	0	9	0	0	0	0	0	0	0	0	0	0	0	0	95	142	3	1	2	22
3571	-4976	2208	14816	0	0	9	0	0	0	0	0	0	0	0	0	0	0	0	95	142	3	1	2	22
3572	-4752	2400	15120	0	0	9	0	0	0	0	0	0	0	0	0	0	0	0	95	142	2	1	2	22
3573	-4992	2176	15136	0	0	9	0	0	0	0	0	0	0	0	0	0	0	0	95	142	2	1	2	23
3574	-4976	2368	15120	0	0	9	0	0	0	0	0	0	0	0	0	0	0	0	95	142	3	1	3	23
3575	-4928	2416	15120	0	0	9	0	0	0	0	0	0	0	0	0	0	0	0	95	142	4	1	3	24
3576	-4912	2400	15120	0	0	9	0	0	0	0	0	0	0	0	0	0	0	0	95	142	5	1	3	27
3577	-4912	2384	14832	0	0	9	0	0	0	0	0	0	0	0	0	0	0	0	95	142	5	1	3	29
3578	-4944	2176	15136	0	0	9	0	0	0	0	0	0	0	0	0	0	0	0	95	142	5	1	3	31
3579	-4944	2224	15104	0	0	9	0	0	0	0	0	0	0	0	0	0	0	0	95	142	4	1	3	31
3580	-4992	2176	14832	0	0	9	0	0	0	0	0	0	0	0	0	0	0	0	95	142	5	1	3	30
3581	-4976	2416	14832	0	0	9	0	0	0	0	0	0	0	0	0	0	0	0	95	142	5	1	3	29
3582	-4768	2176	14816	0	0	9	0	0	0	0	0	0	0	0	0	0	0	0	95	142	4	1	3	27
3583	-4768	2176	14832	0	0	9	0	0	0	0	0	0	0	0	0	0	0	0	95	142	4	1	3	24
3584	-4960	2224	14784	0	0	9	0	0	0	0	0	0	0	0	0	0	0	0	95	142	4	1	3	22
3585	-4752	2192	14816	0	0	9	0	0	0	0	0	0	0	0	0	0	0	0	95	142	4	1	3	25
3586	-4992	2208	14768	0	0	9	0	0	0	0	0	0	0	0	0	0	0	0	95	142	5	1	3	26
3587	-4992	2224	14736	0	0	9	0	0	0	0	0	0	0	0	0	0	0	0	95	142	5	1	4	26
3588	-4992	2352	14800	0	0	9	0	0	0	0	0	0	0	0	0	0	0	0	95	142	5	2	3	28
3589	-4944	2384	14816	0	0	9	0	0	0	0	0	0	0	0	0	0	0	0	95	142	5	1	3	27
3590	-4976	2224	14832	0	0	9	0	0	0	0	0	0	0	0	0	0	0	0	95	142	5	1	3	52
3591	-4784	2032	14736	0	0	9	0	0	0	0	0	0	0	0	0	0	0	0	95	142	9	2	5	1142
3592	-4608	2336	14976	0	0	9	0	0	0	0	0	0	0	0	0	0	0	0	95	142	177	97	74	1431
3593	-4592	2400	15152	0	0	9	0	0	0	0	0	0	0	0	0	0	0	0	95	142	318	176	115	1606
3594	-4880	2368	14992	0	0	9	0	0	0	0	0	0	0	0	0	0	0	0	95	142	810	325	207	1891
3595	-4880	2080	15008	0	0	9	0	0	0	0	0	0	0	0	0	0	0	0	95	142	1251	652	290	2321
3596	-4608	2032	15200	0	0	9	0	0	0	0	0	0	0	0	0	0	0	0	95	142	2960	1562	853	2360
3597	-4928	2032	14784	0	0	9	0	0	0	0	0	0	0	0	0	0	0	0	95	142	3065	1678	897	2343
3598	-4944	1984	14528	0	0	9	0	0	0	0	0	0	0	0	0	0	0	0	95	142	3113	1726	1005	2166
3599	-4992	2352	14576	0	0	9	0	0	0	0	0	0	0	0	0	0	0	0	95	142	3663	1951	1151	1971
3600	-4928	2400	14832	0	0	9	0	0	0	0	0	0	0	0	0	0	0	0	95	142	3916	1902	1106	1721
3601	-4896	2416	15200	0	0	9	0	0	0	0	0	0	0	0	0	0	0	0	95	142	3875	1860	1076	1420
3602	-4944	2384	15168	0	0	9	0	0	0	0	0	0	0	0	0	0	0	0	95	142	3448	1737	993	1019
3603	-4880	2192	14832	0	0	9	0	0	0	0	0	0	0	0	0	0	0	0	95	142	3006	1414	912	673
3604	-4944	2176	14816	0	0	9	0	0	0	0	0	0	0	8	0	0	0	0	95	142	1297	504	349	423
3605	-4928	2208	15120	0	0	9	0	0	0	0	0	0	0	0	0	0	0	0	95	142	1192	388	305	260
3606	-4912	2400	14832	0	0	9	0	0	0	0	0	0	0	0	0	0	0	1	95	142	1144	340	197	162
3607	-4768	2416	15168	0	0	9	0	0	0	0	0	0	0	0	0	0	0	1	95	142	590	113	50	106
3608	-4896	2192	15104	0	0	9	0	0	0	0	0	0	0	0	0	0	0	7	95	142	169	68	25	96
3609	-4960	2224	14784	0	0	9	0	0	0	0	0	4	0	8	0	0	0	37	95	142	69	32	15	103
3610	-4752	2192	14816	0	0	9	0	0	0	0	0	0	0	0	0	0	0	64	95	142	4	12	13	114
3611	-4928	2192	14784	0	0	9	0	0	0	0	0	0	0	0	0	0	0	73	95	142	6	15	12	111
3612	-4944	2416	14816	0	0	9	0	0	0	0	0	0	0	0	0	0	0	92	95	142	7	18	13	101
3613	-4880	2224	14784	0	0	9	0	0	0	0	0	0	0	0	0	0	0	86	95	142	7	20	14	91
3614	-4960	2192	14832	0	0	9	0	0	0	0	0	0	0	8	0	0	4	25	95	142	8	20	15	81
3615	-4784	2416	14816	0	0	9	0	0	0	0	0	0	0	0	0	0	40	22	95	142	7	20	15	71
3616	-4768	2192	14800	0	0	9	0	0	0	0	0	0	0	0	0	0	46	0	95	142	7	20	15	58
3617	-4992	2176	15104	0	0	9	0	0	0	0	0	0	1	0	0	0	58	0	95	142	8	20	15	50
3618	-4752	2176	14816	0	0	9	0	0	0	0	0	0	0	0	0	0	89	0	95	142	8	14	8	41
3619	-4992	2384	14784	0	0	9	0	0	0	0	0	0	0	0	0	0	98	0	95	142	5	6	6	36
3620	-4752	2192	14752	0	0	9	0	0	0	0	0	0	0	0	0	0	97	0	95	142	5	4	4	36
3621	-4992	2192	14752	0	0	9	0	0	0	0	0	0	0	0	0	0	96	0	95	142	6	2	4	36
3622	-4992	2224	14752	0	0	9	0	0	0	0	0	0	0	0	0	0	95	0	95	142	6	2	3	33
3623	-4752	2192	14768	0	0	9	0	0	0	0	0	0	0	0	0	0	86	0	95	142	6	2	3	32
3624	-4896	2416	14800	0	0	9	0	0	0	0	0	0	0	0	0	0	52	0	95	142	6	2	3	30
3625	-4960	2336	14816	0	0	9	0	0	0	0	0	0	0	0	0	0	36	0	95	142	6	1	3	31
3626	-4976	2400	14784	0	0	9	0	0	0	0	0	0	0	0	0	0	18	0	95	142	5	1	3	32
3627	-4992	2384	14768	0	0	9	0	0	0	0	0	0	0	0	0	0	8	0	95	142	5	1	3	32
3628	-4992	2352	14816	0	0	9	0	0	0	0	0	0	0	0	0	0	7	0	95	142	5	1	3	29
3629	-4976	2368	14816	0	0	9	0	0	0	0	0	0	0	0	0	3	13	0	95	142	3	1	3	28
3630	-4976	2176	14832	0	0	9	0	0	0	0	0	0	0	0	0	3	21	0	95	142	4	1	3	24
3631	-4944	2416	14832	0	0	9	0	0	0	0	0	0	0	0	0	1	1	0	95	142	4	1	3	25
3632	-4960	2208	14816	0	0	9	0	0	0	0	0	0	0	0	0	0	0	0	95	142	3	1	3	26
3633	-4768	2208	14784	0	0	9	0	0	0	0	0	0	0	0	0	0	0	0	95	142	2	1	3	25
3634	-4800	2208	14784	0	0	9	0	0	0	0	0	0	0	0	0	0	0	0	95	142	3	1	2	23
3635	-4992	2208	14784	0	0	9	0	0	0	0	0	0	0	0	0	0	0	0	95	142	2	1	2	24
3636	-4976	2384	14816	0	0	9	0	0	0	0	0	0	0	0	0	0	0	0	95	142	3	1	3	23
3637	-4928	2176	14800	0	0	9	0	0	0	0	0	0	0	0	0	0	0	0	95	142	3	1	3	23
3638	-4880	2192	15104	0	0	9	0	0	0	0	0	0	0	0	0	0	0	0	95	142	2	1	3	24
3639	-4960	2208	14816	0	0	9	0	0	0	0	0	0	0	0	0	0	0	0	95	142	2	1	3	26
3640	-4912	2416	14816	0	0	9	0	0	0	0	0	0	0	0	0	0	0	0	95	142	3	1	3	28
3641	-4960	2192	15104	0	0	9	0	0	0	0	0	0	0	0	0	0	0	0	95	142	3	1	3	26
3642	-4784	2192	14816	0	0	9	0	0	0	0	0	0	0	0	0	0	0	0	95	142	3	1	3	29
3643	-4752	2416	14784	0	0	9	0	0	0	0	0	0	0	0	0	0	0	0	95	142	3	1	3	27
3644	-4944	2208	14816	0	0	9	0	0	0	0	0	0	0	0	0	0	0	0	95	142	3	1	3	29
3645	-4992	2240	14816	0	0	9	0	0	0	0	0	0	0	0	0	0	0	0	95	142	3	1	3	28
3646	-4752	2176	14784	0	0	9	0	0	0	0	0	0	0	0	0	0	0	0	95	142	3	1	3	28
3647	-4992	2416	15104	0	0	9	0	0	0	0	0	0	0	0	0	0	0	0	95	142	3	1	3	26
3648	-4928	2336	14768	0	0	9	0	0	0	0	0	0	0	0	0	0	0	0	95	142	2	1	3	26
3649	-4928	2400	14832	0	0	9	0	0	0	0	0	0	0	0	0	0	0	0	95	142	2	1	3	28
3650	-4976	2176	14816	0	0	9	0	0	0	0	0	0	0	0	0	0	0	0	95	142	4	1	3	29
3651	-4960	2416	14832	0	0	9	0	0	0	0	0	0	0	0	0	0	0	0	95	142	4	1	3	34
3652	-4960	2192	15152	0	0	9	0	0	0	0	0	0	0	0	0	0	0	0	95	142	4	1	2	414
3653	-4752	2288	15008	0	0	9	0	0	0	0	0	0	0	0	0	0	0	0	95	142	4	1	3	925
3654	-4768	2256	14816	0	0	9	0	0	0	0	0	0	0	0	0	0	0	0	95	142	245	94	165	1390
3655	-4784	2272	15152	0	0	9	0	0	0	0	0	0	0	0	0	0	0	0	95	142	715	245	250	1323
3656	-4944	2288	15200	0	0	9	0	0	0	0	0	0	0	0	0	0	0	0	95	142	783	301	320	2244
3657	-4992	2416	15104	0	0	9	0	0	0	0	0	0	0	0	0	0	0	0	95	142	2505	747	656	3484
3658	-4896	2176	14752	0	0	9	0	0	0	0	0	0	0	0	0	0	0	0	95	142	3450	1512	1047	3731
3659	-4752	2416	14960	0	0	9	0	0	0	0	0	0	0	0	0	0	0	0	95	142	5344	2129	1344	3322
3660	-4976	2176	14816	0	0	9	0	0	0	0	0	0	0	0	0	0	0	0	95	142	5842	2340	1475	2805
3661	-4944	2256	15200	0	0	9	0	0	0	0	0	0	0	0	0	0	0	0	95	142	6664	2534	1650	2890
3662	-4944	2416	14976	0	0	9	0	0	0	0	0	0	0	0	0	0	0	0	95	142	6890	2481	1538	3201
3663	-4928	2192	15184	0	0	9	0	0	0	0	0	0	0	0	0	0	0	0	95	142	12908	2552	1584	3116
3664	-4880	2560	14992	0	0	9	0	0	0	0	0	0	0	0	0	0	0	0	95	142	14075	2653	1704	2754
3665	-4896	2192	15216	0	0	9	0	0	0	0	0	0	0	0	0	0	0	0	95	142	12380	2275	1404	2096
3666	-4912	2240	15104	0	0	9	0	0	0	0	0	0	0	0	0	0	0	0	95	142	11485	1537	1032	1426
3667	-4560	2192	15136	0	0	9	0	0	0	0	0	0	0	8	0	0	0	0	95	142	9592	921	736	910
3668	-4912	2208	15104	0	0	9	0	0	0	0	0	0	0	0	0	0	0	0	95	142	9094	709	604	572
3669	-4912	2416	14800	0	0	9	0	0	0	0	0	0	0	0	0	0	0	0	95	142	8272	515	430	350
3670	-4928	2176	14784	0	0	9	0	0	0	0	0	0	0	0	0	0	0	1	95	142	7805	476	379	214
3671	-4960	2192	14816	0	0	9	0	0	0	0	0	0	0	0	0	0	0	11	95	142	1316	254	249	132
3672	-4896	2256	14816	0	0	9	0	0	0	0	0	4	0	8	0	0	0	23	95	142	83	97	57	99
3673	-4592	2256	14832	0	0	9	0	0	0	0	0	0	0	0	0	0	0	21	95	142	56	30	23	104
3674	-4944	2416	14832	0	0	9	0	0	0	0	0	0	0	0	0	0	0	19	95	142	6	6	7	103
3675	-4944	2240	14816	0	0	9	0	0	0	0	0	0	0	0	0	0	0	13	95	142	11	7	7	103
3676	-4752	2208	14832	0	0	9	0	0	0	0	0	0	0	0	0	0	0	6	95	142	11	7	8	91
3677	-4976	2208	14784	0	0	9	0	0	0	0	0	0	0	8	0	0	15	11	95	142	11	7	8	79
3678	-4784	2176	14768	0	0	9	0	0	0	0	0	0	0	0	0	0	40	1	95	142	13	7	8	75
3679	-4944	2192	14784	0	0	9	0	0	0	0	0	0	1	0	0	0	54	0	95	142	14	8	8	67
3680	-4944	2208	15104	0	0	9	0	0	0	0	0	0	0	0	0	0	87	0	95	142	14	8	8	61
3681	-4992	2192	15104	0	0	9	0	0	0	0	0	0	0	0	0	0	97	0	95	142	13	7	7	52
3682	-4960	2176	14832	0	0	9	0	0	0	0	0	0	0	0	0	0	98	0	95	142	12	4	5	46
3683	-4928	2192	14832	0	0	9	0	0	0	0	0	0	0	0	0	0	97	0	95	142	8	3	4	41
3684	-4960	2400	14816	0	0	9	0	0	0	0	0	0	0	0	0	0	96	0	95	142	7	3	3	36
3685	-4992	2416	14800	0	0	9	0	0	0	0	0	0	0	0	0	0	90	0	95	142	6	2	3	34
3686	-4768	2416	14832	0	0	9	0	0	0	0	0	0	0	0	0	0	80	0	95	142	5	2	3	31
3687	-4992	2400	14816	0	0	9	0	0	0	0	0	0	0	0	0	0	71	0	95	142	4	2	3	30
3688	-4992	2400	14816	0	0	9	0	0	0	0	0	0	0	0	0	0	63	0	95	142	4	2	3	26
3689	-4912	2176	14800	0	0	9	0	0	0	0	0	0	0	0	0	0	54	0	95	142	4	2	3	25
3690	-4928	2416	14752	0	0	9	0	0	0	0	0	0	0	0	0	1	52	0	95	142	3	1	3	23
3691	-4944	2400	14800	0	0	9	0	0	0	0	0	0	0	0	0	45	51	0	95	142	3	1	3	24
3692	-4896	2192	15104	0	0	9	0	0	0	0	0	0	0	0	0	33	47	0	95	142	3	1	3	25
3693	-4960	2384	14816	0	0	9	0	0	0	0	0	0	0	0	0	28	18	0	95	142	3	1	2	24
3694	-4816	2176	14832	0	0	9	0	0	0	0	0	0	0	0	0	7	9	0	95	142	2	1	3	24
3695	-4992	2192	14832	0	0	9	0	0	0	0	0	0	0	0	0	0	15	0	95	142	2	1	3	25
3696	-4992	2416	14816	0	0	9	0	0	0	0	0	0	0	0	0	0	10	0	95	142	2	1	3	28
3697	-4896	2400	14800	0	0	9	0	0	0	0	0	0	0	0	0	0	6	0	95	142	3	1	3	27
3698	-4896	2416	14800	0	0	9	0	0	0	0	0	0	0	0	0	0	1	0	95	142	3	1	3	29
3699	-4928	2352	15120	0	0	9	0	0	0	0	0	0	0	0	0	0	0	0	95	142	4	1	3	27
3700	-4944	2352	15184	0	0	9	0	0	0	0	0	0	0	0	0	0	0	0	95	142	3	1	3	27
3701	-4912	2208	15152	0	0	9	0	0	0	0	0	0	0	0	0	0	0	0	95	142	3	1	4	27
3702	-4896	2368	15136	0	0	9	0	0	0	0	0	0	0	0	0	0	0	0	95	142	3	2	3	24
3703	-4768	2368	15120	0	0	9	0	0	0	0	0	0	0	0	0	0	0	0	95	142	3	2	3	26
3704	-4752	2400	14800	0	0	9	0	0	0	0	0	0	0	0	0	0	0	0	95	142	3	1	3	25
3705	-4976	2384	14800	0	0	9	0	0	0	0	0	0	0	0	0	0	0	0	95	142	2	1	3	23
3706	-4768	2192	14816	0	0	9	0	0	0	0	0	0	0	0	0	0	0	0	95	142	2	1	3	22
3707	-4960	2208	14768	0	0	9	0	0	0	0	0	0	0	0	0	0	0	0	95	142	2	1	2	22
3708	-4912	2224	14832	0	0	9	0	0	0	0	0	0	0	0	0	0	0	0	95	142	3	1	2	20
3709	-4928	2368	14768	0	0	9	0	0	0	0	0	0	0	0	0	0	0	0	95	142	3	1	3	23
3710	-4976	2336	14720	0	0	9	0	0	0	0	0	0	0	0	0	0	0	0	95	142	3	1	2	140
3711	-4976	2400	14752	0	0	9	0	0	0	0	0	0	0	0	0	0	0	0	95	142	29	14	91	288
3712	-4576	2032	14560	0	0	9	0	0	0	0	0	0	0	0	0	0	0	0	95	142	76	62	352	524
3713	-4496	2000	14528	0	0	9	0	0	0	0	0	0	0	0	0	0	0	0	95	142	103	84	448	1269
3714	-4608	2352	14512	0	0	9	0	0	0	0	0	0	0	0	0	0	0	0	95	142	1344	125	535	2686
3715	-4768	2416	14640	0	0	9	0	0	0	0	0	0	0	0	0	0	0	0	95	142	8844	880	838	3457
3716	-4912	2416	15120	0	0	9	0	0	0	0	0	0	0	0	0	0	0	0	95	142	16695	1252	1019	3443
3717	-4752	2352	14928	0	0	9	0	0	0	0	0	0	0	0	0	0	0	0	95	142	16776	1496	1069	3183
3718	-4592	2576	15120	0	0	9	0	0	0	0	0	0	0	0	0	0	0	0	95	142	18421	1694	1210	2998
3719	-4704	2208	15168	0	0	9	0	0	0	0	0	0	0	0	0	0	0	0	95	142	18664	1903	1156	2923
3720	-4912	2176	14896	0	0	9	0	0	0	0	0	0	0	0	0	0	0	0	95	142	21831	2415	1143	2754
3721	-4608	2560	15152	0	0	9	0	0	0	0	0	0	0	0	0	0	0	0	95	142	22109	2624	1084	2319
3722	-4896	2272	15120	0	0	9	0	0	0	0	0	0	0	0	0	0	0	0	95	142	21060	2642	1041	1763
3723	-4912	2256	15120	0	0	9	0	0	0	0	0	0	0	0	0	0	0	0	95	142	13575	1890	742	1189
3724	-4976	2192	15168	0	0	9	0	0	0	0	0	0	0	8	0	0	0	0	95	142	5724	1518	561	755
3725	-4608	2224	14832	0	0	9	0	0	0	0	0	0	0	0	0	0	0	0	95	142	5643	1274	511	463
3726	-4880	2400	15104	0	0	9	0	0	0	0	0	0	0	0	0	0	0	0	95	142	3998	1077	370	279
3727	-4944	2176	15104	0	0	9	0	0	0	0	0	0	0	0	0	0	0	0	95	142	3729	854	335	168
3728	-4960	2240	15104	0	0	9	0	0	0	0	0	0	0	0	0	0	0	3	95	142	515	295	88	106
3729	-4928	2176	15104	0	0	9	0	0	0	0	0	4	0	8	0	0	0	9	95	142	211	64	50	76
3730	-4928	2416	14816	0	0	9	0	0	0	0	0	0	0	0	0	0	0	38	95	142	22	6	8	56
3731	-4976	2208	14816	0	0	9	0	0	0	0	0	0	0	0	0	0	0	54	95	142	6	2	4	46
3732	-4976	2288	14832	0	0	9	0	0	0	0	0	0	0	0	0	0	0	69	95	142	7	2	4	41
3733	-4912	2192	14816	0	0	9	0	0	0	0	0	0	0	0	0	0	0	81	95	142	7	2	5	45
3734	-4992	2208	14816	0	0	9	0	0	0	0	0	0	0	8	0	0	0	83	95	142	7	3	5	45
3735	-4976	2416	14784	0	0	9	0	0	0	0	0	0	0	0	0	0	3	52	95	142	8	3	5	50
3736	-4992	2400	15104	0	0	9	0	0	0	0	0	0	0	0	0	0	35	8	95	142	8	3	5	53
3737	-4752	2400	14816	0	0	9	0	0	0	0	0	0	0	0	0	0	44	0	95	142	7	3	5	49
3738	-4912	2176	14832	0	0	9	0	0	0	0	0	0	0	0	0	0	47	0	95	142	4	2	4	41
3739	-4976	2352	15104	0	0	9	0	0	0	0	0	0	1	0	0	0	72	0	95	142	4	3	4	35
3740	-4976	2320	15120	0	0	9	0	0	0	0	0	0	0	0	0	0	92	0	95	142	4	3	4	32
3741	-4752	2368	15152	0	0	9	0	0	0	0	0	0	0	0	0	0	95	0	95	142	3	2	3	32
3742	-4976	2400	15120	0	0	9	0	0	0	0	0	0	0	0	0	0	93	0	95	142	3	2	3	29
3743	-4944	2352	15136	0	0	9	0	0	0	0	0	0	0	0	0	0	89	0	95	142	3	1	3	27
3744	-4752	2320	15136	0	0	9	0	0	0	0	0	0	0	0	0	0	78	0	95	142	3	1	3	28
3745	-4992	2352	15120	0	0	9	0	0	0	0	0	0	0	0	0	0	54	0	95	142	2	1	2	27
3746	-4976	2336	15120	0	0	9	0	0	0	0	0	0	0	0	0	0	33	0	95	142	2	1	2	25
3747	-4976	2304	15120	0	0	9	0	0	0	0	0	0	0	0	0	0	14	0	95	142	2	1	2	23
3748	-4960	2032	15152	0	0	9	0	0	0	0	0	0	0	0	0	0	8	0	95	142	2	1	2	22
3749	-4976	2400	14832	0	0	9	0	0	0	0	0	0	0	0	0	0	5	0	95	142	2	1	2	22
3750	-4928	2416	15120	0	0	9	0	0	0	0	0	0	0	0	0	0	9	0	95	142	2	1	2	22
3751	-4944	2416	15136	0	0	9	0	0	0	0	0	0	0	0	0	0	15	0	95	142	2	1	2	23
3752	-4944	2384	15120	0	0	9	0	0	0	0	0	0	0	0	0	0	4	0	95	142	2	1	2	21
3753	-4880	2384	14816	0	0	9	0	0	0	0	0	0	0	0	0	0	0	0	95	142	2	1	3	19
3754	-4912	2416	14768	0	0	9	0	0	0	0	0	0	0	0	0	0	0	0	95	142	2	1	3	19
3755	-4896	2176	15104	0	0	9	0	0	0	0	0	0	0	0	0	0	0	0	95	142	2	1	3	21
3756	-4880	2368	14816	0	0	9	0	0	0	0	0	0	0	0	0	0	0	0	95	142	2	1	3	22
3757	-4912	2384	15120	0	0	9	0	0	0	0	0	0	0	0	0	0	0	0	95	142	2	1	3	21
3758	-4976	2192	15136	0	0	9	0	0	0	0	0	0	0	0	0	0	0	0	95	142	2	1	3	20
3759	-4912	2256	15120	0	0	9	0	0	0	0	0	0	0	0	0	0	0	0	95	142	2	1	3	23
3760	-4960	2192	15136	0	0	9	0	0	0	0	0	0	0	0	0	0	0	0	95	142	2	1	3	24
3761	-4960	2224	15104	0	0	9	0	0	0	0	0	0	0	0	0	0	0	0	95	142	2	1	3	28
3762	-4912	2224	15120	0	0	9	0	0	0	0	0	0	0	0	0	0	0	0	95	142	2	1	3	27
3763	-4928	2400	14784	0	0	9	0	0	0	0	0	0	0	0	0	0	0	0	95	142	2	1	3	24
3764	-4928	2416	14768	0	0	9	0	0	0	0	0	0	0	0	0	0	0	0	95	142	2	1	3	21
3765	-4944	2368	15104	0	0	9	0	0	0	0	0	0	0	0	0	0	0	0	95	142	2	1	3	23
3766	-4880	2192	14800	0	0	9	0	0	0	0	0	0	0	0	0	0	0	0	95	142	2	1	3	22
3767	-4992	2400	14832	0	0	9	0	0	0	0	0	0	0	0	0	0	0	0	95	142	2	1	3	21
3768	-4976	2176	15120	0	0	9	0	0	0	0	0	0	0	0	0	0	0	0	95	142	2	1	3	22
3769	-4944	2192	15152	0	0	9	0	0	0	0	0	0	0	0	0	0	0	0	95	142	2	1	3	23
3770	-4976	2416	14816	0	0	9	0	0	0	0	0	0	0	0	0	0	0	0	95	142	2	1	3	25
3771	-4928	2416	14816	0	0	9	0	0	0	0	0	0	0	0	0	0	0	0	95	142	2	1	3	26
3772	-4960	2224	15120	0	0	9	0	0	0	0	0	0	0	0	0	0	0	0	95	142	2	1	3	62
3773	-4944	2368	15104	0	0	9	0	0	0	0	0	0	0	0	0	0	0	0	95	142	2	3	12	1111
3774	-4592	2368	14768	0	0	9	0	0	0	0	0	0	0	0	0	0	0	0	95	142	2745	441	373	1516
3775	-4912	2208	15216	0	0	9	0	0	0	0	0	0	0	0	0	0	0	0	95	142	3536	598	664	1914
3776	-4912	2256	15184	0	0	9	0	0	0	0	0	0	0	0	0	0	0	0	95	142	4356	769	865	2535
3777	-4912	2416	14832	0	0	9	0	0	0	0	0	0	0	0	0	0	0	0	95	142	6457	1204	1502	2845
3778	-4784	2176	14944	0	0	9	0	0	0	0	0	0	0	0	0	0	0	0	95	142	8431	1312	1548	2978
3779	-4768	2384	14576	0	0	9	0	0	0	0	0	0	0	0	0	0	0	0	95	142	9818	1485	1616	2889
3780	-4976	2208	15104	0	0	9	0	0	0	0	0	0	0	0	0	0	0	0	95	142	10245	1697	1869	3443
3781	-5168	2192	14736	0	0	9	0	0	0	0	0	0	0	0	0	0	0	0	95	142	10261	1780	1923	3262
3782	-4976	2256	14976	0	0	9	0	0	0	0	0	0	0	0	0	0	0	0	95	142	7808	1613	1662	2721
3783	-4992	2240	15120	0	0	9	0	0	0	0	0	0	0	0	0	0	0	0	95	142	7580	1538	1427	2090
3784	-4944	2208	15104	0	0	9	0	0	0	0	0	0	0	0	0	0	0	0	95	142	6946	1396	1289	1478
3785	-4944	2192	14832	0	0	9	0	0	0	0	0	0	0	0	0	0	0	0	95	142	4846	970	660	962
3786	-4912	2176	15104	0	0	9	0	0	0	0	0	0	0	8	0	0	0	0	95	142	2873	862	614	597
3787	-4880	2368	15104	0	0	9	0	0	0	0	0	0	0	0	0	0	0	0	95	142	1486	689	547	365
3788	-4928	2208	14816	0	0	9	0	0	0	0	0	0	0	0	0	0	0	0	95	142	1060	477	293	227
3789	-4960	2224	14832	0	0	9	0	0	0	0	0	0	0	0	0	0	0	0	95	142	1043	392	231	152
3790	-4928	2224	15104	0	0	9	0	0	0	0	0	0	0	0	0	0	0	3	95	142	754	122	130	114
3791	-4944	2208	15104	0	0	9	0	0	0	0	0	4	0	8	0	0	0	31	95	142	191	40	74	116
3792	-4976	2192	14816	0	0	9	0	0	0	0	0	0	0	0	0	0	0	42	95	142	10	22	15	125
3793	-4752	2208	14816	0	0	9	0	0	0	0	0	0	0	0	0	0	0	54	95	142	11	23	12	118
3794	-4992	2192	14832	0	0	9	0	0	0	0	0	0	0	0	0	0	0	84	95	142	11	23	14	110
3795	-4896	2224	14832	0	0	9	0	0	0	0	0	0	0	0	0	0	0	79	95	142	13	24	14	97
3796	-4976	2192	15120	0	0	9	0	0	0	0	0	0	0	8	0	0	1	24	95	142	14	24	14	84
3797	-4992	2192	15104	0	0	9	0	0	0	0	0	0	0	0	0	0	36	21	95	142	14	24	14	68
3798	-4976	2256	14832	0	0	9	0	0	0	0	0	0	0	0	0	0	45	0	95	142	13	23	14	54
3799	-4992	2240	15136	0	0	9	0	0	0	0	0	0	1	0	0	0	59	0	95	142	13	23	14	45
3800	-4976	2256	15136	0	0	9	0	0	0	0	0	0	0	0	0	0	92	0	95	142	9	12	12	37
3801	-4752	2240	15104	0	0	9	0	0	0	0	0	0	0	0	0	0	98	0	95	142	7	3	6	32
3802	-4992	2176	14816	0	0	9	0	0	0	0	0	0	0	0	0	0	98	0	95	142	6	2	4	28
3803	-4768	2192	14768	0	0	9	0	0	0	0	0	0	0	0	0	0	97	0	95	142	4	2	4	25
3804	-4768	2224	14800	0	0	9	0	0	0	0	0	0	0	0	0	0	96	0	95	142	3	1	4	22
3805	-4960	2256	14784	0	0	9	0	0	0	0	0	0	0	0	0	0	90	0	95	142	3	1	4	22
3806	-4976	2256	14800	0	0	9	0	0	0	0	0	0	0	0	0	0	66	0	95	142	2	1	3	20
3807	-4912	2416	15104	0	0	9	0	0	0	0	0	0	0	0	0	0	55	0	95	142	2	1	3	21
3808	-4896	2192	14816	0	0	9	0	0	0	0	0	0	0	0	0	0	38	0	95	142	2	1	3	22
3809	-4912	2288	14816	0	0	9	0	0	0	0	0	0	0	0	0	0	14	0	95	142	2	1	3	23
3810	-4944	2208	14832	0	0	9	0	0	0	0	0	0	0	0	0	0	11	0	95	142	2	1	3	24
3811	-4928	2224	14800	0	0	9	0	0	0	0	0	0	0	0	0	6	18	0	95	142	1	1	2	25
3812	-4944	2384	14752	0	0	9	0	0	0	0	0	0	0	0	0	11	25	0	95	142	1	1	3	28
3813	-4912	2320	14800	0	0	9	0	0	0	0	0	0	0	0	0	3	4	0	95	142	1	1	3	27
3814	-4944	2384	15136	0	0	9	0	0	0	0	0	0	0	0	0	0	0	0	95	142	2	1	3	27
3815	-4880	2400	15104	0	0	9	0	0	0	0	0	0	0	0	0	0	0	0	95	142	3	1	3	40
3816	-4976	2176	15120	0	0	9	0	0	0	0	0	0	0	0	0	0	0	0	95	142	3	1	3	40
3817	-4944	2416	15120	0	0	9	0	0	0	0	0	0	0	0	0	0	0	0	95	142	2	1	3	81
3818	-4896	2416	14832	0	0	9	0	0	0	0	0	0	0	0	0	0	0	0	95	142	30	5	10	80
3819	-4928	2192	14832	0	0	9	0	0	0	0	0	0	0	0	0	0	0	0	95	142	30	5	10	66
3820	-4896	2416	14832	0	0	9	0	0	0	0	0	0	0	0	0	0	0	0	95	142	30	5	10	55
3821	-4912	2192	14816	0	0	9	0	0	0	0	0	0	0	0	0	0	0	0	95	142	31	5	10	44
3822	-4992	2176	15104	0	0	9	0	0	0	0	0	0	0	0	0	0	0	0	95	142	30	5	10	35
3823	-4960	2416	14800	0	0	9	0	0	0	0	0	0	0	0	0	0	0	0	95	142	29	5	10	31
3824	-4928	2192	15104	0	0	10	0	0	0	0	0	0	0	0	0	0	0	0	95	142	30	5	10	27
3825	-4896	2176	15120	10	0	10	0	0	0	0	0	0	0	0	0	0	0	0	95	142	30	5	10	26
3826	-4960	2416	15136	10	0	10	0	0	0	0	0	0	0	0	0	0	0	0	95	142	3	1	3	24
3827	-4960	2224	15104	10	0	10	0	0	0	0	0	0	0	0	0	0	0	0	95	142	2	1	3	24
3828	-4912	2400	14832	10	0	10	0	0	0	0	0	0	0	0	0	0	0	0	95	142	3	1	3	295
3829	-4944	2352	14800	10	0	10	0	0	0	0	0	0	0	0	0	0	0	0	95	142	69	61	26	1560
3830	-4976	2224	14768	10	0	10	0	0	0	0	0	0	0	0	0	0	0	0	95	142	2153	1151	524	2452
3831	-4560	2240	15152	10	0	10	0	0	0	0	0	0	0	0	0	0	0	0	95	142	12743	5803	1306	3303
3832	-4576	2224	15152	10	0	10	0	0	0	0	0	0	0	0	0	0	0	0	95	142	19255	7954	3540	3789
3833	-4880	2256	14832	10	0	10	0	0	0	0	0	0	0	0	0	0	0	0	95	142	28142	12024	4283	3893
3834	-4992	2208	14784	10	0	10	0	0	0	0	0	0	0	0	0	0	0	0	95	142	34734	14071	5537	3907
3835	-4960	2256	14752	10	0	10	0	0	0	0	0	0	0	0	0	0	0	0	95	142	36562	14950	5633	3966
3836	-4976	2640	14784	10	0	10	0	0	0	0	0	0	0	0	0	0	0	0	95	142	36602	15066	5651	4094
3837	-4960	2592	15120	10	0	10	0	0	0	0	0	0	0	0	0	0	0	0	95	142	43561	16050	6099	4104
3838	-4816	2272	15152	10	0	10	0	0	0	0	0	0	0	0	0	0	0	0	95	142	42887	15221	5712	3951
3839	-4800	2576	15120	10	0	10	0	0	0	0	0	0	0	0	0	0	0	0	95	142	33027	10611	4938	3465
3840	-4816	2640	15136	10	0	10	0	0	0	0	0	0	0	0	0	0	0	0	95	142	26735	8521	2721	2670
3841	-4816	2464	15104	10	0	10	0	0	0	0	0	0	0	0	0	0	0	0	95	142	17947	4468	1989	1817
3842	-4992	2576	14832	10	0	10	0	0	0	0	0	0	0	8	0	0	0	0	95	142	11356	2422	736	1157
3843	-4752	2560	14816	10	0	10	0	0	0	0	0	0	0	0	0	0	0	0	95	142	9528	1542	639	710
3844	-4976	2288	14832	10	0	10	0	0	0	0	0	0	0	0	0	0	0	0	95	142	9488	1426	621	430
3845	-4768	2240	14832	10	0	10	0	0	0	0	0	0	0	0	0	0	0	0	95	142	2461	383	151	267
3846	-4752	2288	14816	10	0	10	0	0	0	0	0	0	0	0	0	0	0	1	95	142	1052	122	40	174
3847	-4992	2272	14832	10	0	10	0	0	0	0	0	4	0	8	0	0	0	18	95	142	322	81	32	128
3848	-4976	2272	14784	10	0	10	0	0	0	0	0	0	0	0	0	0	0	34	95	142	102	22	15	102
3849	-4752	2272	14816	10	0	10	0	0	0	0	0	0	0	0	0	0	0	33	95	142	5	6	5	93
3850	-4800	2560	14784	10	0	10	0	0	0	0	0	0	0	0	0	0	0	50	95	142	4	6	4	81
3851	-4752	2560	14800	10	0	10	0	0	0	0	0	0	0	0	0	0	0	24	95	142	5	7	5	68
3852	-4816	2208	14784	10	0	10	0	0	0	0	0	0	0	8	0	0	1	5	95	142	5	7	5	55
3853	-4768	2256	14800	10	0	10	0	0	0	0	0	0	0	0	0	0	30	6	95	142	6	6	5	44
3854	-4944	2240	14784	10	0	10	0	0	0	0	0	0	0	0	0	0	45	0	95	142	6	6	5	37
3855	-4976	2416	14832	10	0	10	0	0	0	0	0	0	1	0	0	0	70	0	95	142	5	6	5	30
3856	-4976	2192	14816	10	0	10	0	0	0	0	0	0	0	0	0	0	96	0	95	142	5	3	4	28
3857	-4752	2192	14752	10	0	10	0	0	0	0	0	0	0	0	0	0	98	0	95	142	5	2	4	25
3858	-4976	2176	14736	10	0	10	0	0	0	0	0	0	0	0	0	0	98	0	95	142	4	1	3	23
3859	-4992	2192	14784	10	0	10	0	0	0	0	0	0	0	0	0	0	98	0	95	142	3	1	3	22
3860	-4976	2224	14816	10	0	10	0	0	0	0	0	0	0	0	0	0	96	0	95	142	3	1	3	21
3861	-4992	2400	15104	10	0	10	0	0	0	0	0	0	0	0	0	0	89	0	95	142	2	1	3	20
3862	-4928	2176	14784	10	0	10	0	0	0	0	0	0	0	0	0	0	70	0	95	142	2	1	3	20
3863	-4944	2384	14832	10	0	10	0	0	0	0	0	0	0	0	0	0	58	0	95	142	2	1	3	20
3864	-4992	2384	15104	10	0	10	0	0	0	0	0	0	0	0	0	0	48	0	95	142	3	1	3	22
3865	-4784	2192	15168	10	0	10	0	0	0	0	0	0	0	0	0	0	35	0	95	142	2	1	3	21
3866	-4752	2224	14832	10	0	10	0	0	0	0	0	0	0	0	0	0	33	0	95	142	2	1	3	21
3867	-4960	2192	14832	10	0	10	0	0	0	0	0	0	0	0	0	34	42	0	95	142	2	1	3	20
3868	-4928	2224	14816	10	0	10	0	0	0	0	0	0	0	0	0	15	32	0	95	142	2	1	2	20
3869	-4960	2176	14800	10	0	10	0	0	0	0	0	0	0	0	0	6	6	0	95	142	2	1	2	18
3870	-4944	2416	14832	10	0	10	0	0	0	0	0	0	0	0	0	0	2	0	95	142	2	1	3	18
3871	-4976	2208	15104	10	0	10	0	0	0	0	0	0	0	0	0	0	5	0	95	142	2	1	3	21
3872	-4944	2192	15120	10	0	10	0	0	0	0	0	0	0	0	0	0	3	0	95	142	2	1	3	21
3873	-4928	2192	15104	10	0	10	0	0	0	0	0	0	0	0	0	0	2	0	95	142	2	1	3	22
3874	-4992	2240	15120	10	0	10	0	0	0	0	0	0	0	0	0	0	0	0	95	142	2	1	3	23
3875	-4752	2240	14832	10	0	10	0	0	0	0	0	0	0	0	0	0	0	0	95	142	2	1	3	23
3876	-4992	2288	14816	10	0	10	0	0	0	0	0	0	0	0	0	0	0	0	95	142	3	1	3	23
3877	-4768	2288	14800	10	0	10	0	0	0	0	0	0	0	0	0	0	0	0	95	142	3	1	3	24
3878	-4752	2256	15120	10	0	10	0	0	0	0	0	0	0	0	0	0	0	0	95	142	4	1	3	22
3879	-4976	2256	15104	10	0	10	0	0	0	0	0	0	0	0	0	0	0	0	95	142	3	1	3	22
3880	-4896	2224	15120	10	0	10	0	0	0	0	0	0	0	0	0	0	0	0	95	142	4	1	3	21
3881	-4928	2192	14800	10	0	10	0	0	0	0	0	0	0	0	0	0	0	0	95	142	3	1	2	22
3882	-4944	2176	14800	10	0	10	0	0	0	0	0	0	0	0	0	0	0	0	95	142	4	1	2	21
3883	-4960	2416	14800	10	0	10	0	0	0	0	0	0	0	0	0	0	0	0	95	142	4	1	3	22
3884	-4928	2224	14816	10	0	10	0	0	0	0	0	0	0	0	0	0	0	0	95	142	4	1	3	19
3885	-4992	2224	14752	10	0	10	0	0	0	0	0	0	0	0	0	0	0	0	95	142	4	1	3	20
3886	-4960	2224	14784	10	0	10	0	0	0	0	0	0	0	0	0	0	0	0	95	142	4	1	3	22
3887	-4928	2224	14800	10	0	10	0	0	0	0	0	0	0	0	0	0	0	0	95	142	4	1	3	21
3888	-4960	2176	14768	10	0	10	0	0	0	0	0	0	0	0	0	0	0	0	95	142	3	1	3	536
3889	-4752	2384	15120	10	0	10	0	0	0	0	0	0	0	0	0	0	0	0	95	142	213	73	30	1760
3890	-4752	2400	14944	10	0	10	0	0	0	0	0	0	0	0	0	0	0	0	95	142	293	285	89	2686
3891	-4784	2368	14912	10	0	10	0	0	0	0	0	0	0	0	0	0	0	0	95	142	4835	780	265	2887
3892	-4784	2208	14912	10	0	10	0	0	0	0	0	0	0	0	0	0	0	0	95	142	8522	1023	431	3599
3893	-4768	2256	14768	10	0	10	0	0	0	0	0	0	0	0	0	0	0	0	95	142	9685	1349	512	3713
3894	-4768	2192	15168	10	0	10	0	0	0	0	0	0	0	0	0	0	0	0	95	142	9924	1507	678	3870
3895	-4944	2400	15184	10	0	10	0	0	0	0	0	0	0	0	0	0	0	0	95	142	11147	1619	750	4257
3896	-5216	2240	14720	10	0	10	0	0	0	0	0	0	0	0	0	0	0	0	95	142	11266	1669	995	4136
3897	-4848	2560	14944	10	0	10	0	0	0	0	0	0	0	0	0	0	0	0	95	142	13853	1863	1087	3431
3898	-4992	2560	14784	10	0	10	0	0	0	0	0	0	0	0	0	0	0	0	95	142	14288	1878	1255	2423
3899	-4912	2224	14784	10	0	10	0	0	0	0	0	0	0	0	0	0	0	0	95	142	9746	1385	1083	1572
3900	-4976	2224	14800	10	0	10	0	0	0	0	0	0	0	0	0	0	0	0	95	142	6060	1142	917	974
3901	-4992	2176	14752	10	0	10	0	0	0	0	0	0	0	0	0	0	0	0	95	142	4896	816	835	587
3902	-4976	2224	14800	10	0	10	0	0	0	0	0	0	0	8	0	0	0	0	95	142	4658	658	669	350
3903	-4976	2416	14800	10	0	10	0	0	0	0	0	0	0	0	0	0	0	0	95	142	3435	547	597	213
3904	-4976	2368	14800	10	0	10	0	0	0	0	0	0	0	0	0	0	0	0	95	142	3317	496	353	145
3905	-4784	2416	14816	10	0	10	0	0	0	0	0	0	0	0	0	0	0	1	95	142	522	231	233	106
3906	-4992	2176	15104	10	0	10	0	0	0	0	0	0	0	0	0	0	0	25	95	142	8	6	7	81
3907	-4800	2400	15104	10	0	10	0	0	0	0	0	4	0	8	0	0	0	51	95	142	7	4	3	62
3908	-4768	2352	14832	10	0	10	0	0	0	0	0	0	0	0	0	0	0	71	95	142	8	4	4	50
3909	-4784	2336	15104	10	0	10	0	0	0	0	0	0	0	0	0	0	0	86	95	142	7	4	4	43
3910	-4784	2384	14832	10	0	10	0	0	0	0	0	0	0	0	0	0	0	90	95	142	7	4	4	39
3911	-4784	2400	15120	10	0	10	0	0	0	0	0	0	0	0	0	0	0	24	95	142	7	4	4	34
3912	-4752	2400	14832	10	0	10	0	0	0	0	0	0	0	8	0	0	19	10	95	142	7	4	5	30
3913	-4816	2400	15120	10	0	10	0	0	0	0	0	0	0	0	0	0	44	0	95	142	6	3	4	25
3914	-4752	2416	15136	10	0	10	0	0	0	0	0	0	0	0	0	0	48	0	95	142	4	1	4	23
3915	-4960	2400	14784	10	0	10	0	0	0	0	0	0	1	0	0	0	78	0	95	142	5	1	4	21
3916	-4992	2304	14800	10	0	10	0	0	0	0	0	0	0	0	0	0	97	0	95	142	4	1	4	20
3917	-4992	2352	15120	10	0	10	0	0	0	0	0	0	0	0	0	0	97	0	95	142	4	1	3	18
3918	-4800	2176	14832	10	0	10	0	0	0	0	0	0	0	0	0	0	96	0	95	142	4	1	3	18
3919	-4768	2208	14816	10	0	10	0	0	0	0	0	0	0	0	0	0	95	0	95	142	4	1	3	21
3920	-4992	2176	14816	10	0	10	0	0	0	0	0	0	0	0	0	0	90	0	95	142	3	1	2	22
3921	-4912	2416	14816	10	0	10	0	0	0	0	0	0	0	0	0	0	68	0	95	142	4	1	2	21
3922	-4944	2176	15120	10	0	10	0	0	0	0	0	0	0	0	0	0	45	0	95	142	4	1	2	20
3923	-4928	2416	14832	10	0	10	0	0	0	0	0	0	0	0	0	0	21	0	95	142	4	1	2	21
3924	-4976	2176	15120	10	0	10	0	0	0	0	0	0	0	0	0	0	9	0	95	142	5	1	3	20
3925	-4976	2416	14816	10	0	10	0	0	0	0	0	0	0	0	0	0	6	0	95	142	5	1	3	19
3926	-4944	2416	14816	10	0	10	0	0	0	0	0	0	0	0	0	0	6	0	95	142	5	1	3	20
3927	-4944	2240	15120	10	0	10	0	0	0	0	0	0	0	0	0	2	16	0	95	142	5	1	3	19
3928	-4976	2256	15120	10	0	10	0	0	0	0	0	0	0	0	0	0	4	0	95	142	6	1	3	20
3929	-4960	2192	14800	10	0	10	0	0	0	0	0	0	0	0	0	0	0	0	95	142	5	1	3	21
3930	-4928	2416	14816	10	0	10	0	0	0	0	0	0	0	0	0	0	0	0	95	142	5	1	4	20
3931	-4960	2400	15104	10	0	10	0	0	0	0	0	0	0	0	0	0	0	0	95	142	6	1	4	20
3932	-4992	2368	14816	10	0	10	0	0	0	0	0	0	0	0	0	0	0	0	95	142	6	1	4	19
3933	-4752	2176	15104	10	0	10	0	0	0	0	0	0	0	0	0	0	0	0	95	142	6	1	4	23
3934	-4768	2224	14816	10	0	10	0	0	0	0	0	0	0	0	0	0	0	0	95	142	5	1	4	23
3935	-4992	2224	14784	10	0	10	0	0	0	0	0	0	0	0	0	0	0	0	95	142	5	1	4	22
3936	-4992	2192	14832	10	0	10	0	0	0	0	0	0	0	0	0	0	0	0	95	142	5	1	4	20
3937	-4944	2208	15120	10	0	10	0	0	0	0	0	0	0	0	0	0	0	0	95	142	5	1	4	18
3938	-4928	2208	15168	10	0	10	0	0	0	0	0	0	0	0	0	0	0	0	95	142	5	1	4	19
3939	-4944	2176	14816	10	0	10	0	0	0	0	0	0	0	0	0	0	0	0	95	142	4	1	3	18
3940	-4752	2416	14816	10	0	10	0	0	0	0	0	0	0	0	0	0	0	0	95	142	4	1	3	19
3941	-4944	2256	14816	10	0	10	0	0	0	0	0	0	0	0	0	0	0	0	95	142	3	1	3	20
3942	-4800	2208	14816	10	0	10	0	0	0	0	0	0	0	0	0	0	0	0	95	142	3	1	3	20
3943	-4992	2240	15104	10	0	10	0	0	0	0	0	0	0	0	0	0	0	0	95	142	4	1	3	20
3944	-4976	2192	15104	10	0	10	0	0	0	0	0	0	0	0	0	0	0	0	95	142	4	1	3	22
3945	-4768	2400	15120	10	0	10	0	0	0	0	0	0	0	0	0	0	0	0	95	142	4	1	3	21
3946	-4960	2416	15104	10	0	10	0	0	0	0	0	0	0	0	0	0	0	0	95	142	4	1	3	39
3947	-4800	2272	14832	10	0	10	0	0	0	0	0	0	0	0	0	0	0	0	95	142	3	1	5	1091
3948	-4752	2560	14736	10	0	10	0	0	0	0	0	0	0	0	0	0	0	0	95	142	1323	751	439	1631
3949	-4992	2656	14816	10	0	10	0	0	0	0	0	0	0	0	0	0	0	0	95	142	2225	926	582	2001
3950	-4976	2656	15072	10	0	10	0	0	0	0	0	0	0	0	0	0	0	0	95	142	2545	1219	673	2143
3951	-4832	2256	14960	10	0	10	0	0	0	0	0	0	0	0	0	0	0	0	95	142	4769	1471	892	2808
3952	-4896	2592	15152	10	0	10	0	0	0	0	0	0	0	0	0	0	0	0	95	142	5220	1572	1421	3007
3953	-4768	2608	15024	10	0	10	0	0	0	0	0	0	0	0	0	0	0	0	95	142	5247	1586	1604	3024
3954	-4864	2240	15104	10	0	10	0	0	0	0	0	0	0	0	0	0	0	0	95	142	5287	1792	1958	2920
3955	-4848	2176	14928	10	0	10	0	0	0	0	0	0	0	0	0	0	0	0	95	142	7899	2062	2186	2815
3956	-5168	2192	14928	10	0	10	0	0	0	0	0	0	0	0	0	0	0	0	95	142	7639	1351	1954	2427
3957	-5152	2192	14960	10	0	10	0	0	0	0	0	0	0	0	0	0	0	0	95	142	6809	1213	1944	1776
3958	-4816	2416	14720	10	0	10	0	0	0	0	0	0	0	0	0	0	0	0	95	142	6494	947	1866	1181
3959	-4752	2192	14800	10	0	10	0	0	0	0	0	0	0	0	0	0	0	0	95	142	4269	695	1647	742
3960	-4816	2576	14784	10	0	10	0	0	0	0	0	0	0	0	0	0	0	0	95	142	3818	594	1118	453
3961	-4768	2256	14800	10	0	10	0	0	0	0	0	0	0	8	0	0	0	0	95	142	3791	580	935	274
3962	-4816	2240	14816	10	0	10	0	0	0	0	0	0	0	0	0	0	0	1	95	142	3751	375	581	167
3963	-4768	2256	14784	10	0	10	0	0	0	0	0	0	0	0	0	0	0	0	95	142	1141	104	351	105
3964	-4752	2560	14768	10	0	10	0	0	0	0	0	0	0	0	0	0	0	7	95	142	82	66	149	68
3965	-4992	2272	14832	10	0	10	0	0	0	0	0	0	0	0	0	0	0	45	95	142	10	29	17	54
3966	-4992	2256	14800	10	0	10	0	0	0	0	0	4	0	8	0	0	0	64	95	142	5	3	3	67
3967	-4992	2208	14768	10	0	10	0	0	0	0	0	0	0	0	0	0	0	75	95	142	6	5	4	76
3968	-4768	2192	14768	10	0	10	0	0	0	0	0	0	0	0	0	0	0	92	95	142	7	6	4	73
3969	-4944	2400	14816	10	0	10	0	0	0	0	0	0	0	0	0	0	0	87	95	142	7	7	4	72
3970	-4928	2400	15120	10	0	10	0	0	0	0	0	0	0	0	0	0	4	23	95	142	7	7	4	69
3971	-4752	2368	15120	10	0	10	0	0	0	0	0	0	0	8	0	0	41	20	95	142	7	7	5	64
3972	-4784	2400	14832	10	0	10	0	0	0	0	0	0	0	0	0	0	46	0	95	142	7	7	5	60
3973	-4784	2400	15120	10	0	10	0	0	0	0	0	0	1	0	0	0	54	0	95	142	8	7	5	57
3974	-4800	2416	14816	10	0	10	0	0	0	0	0	0	0	0	0	0	88	0	95	142	9	6	5	51
3975	-4784	2192	14832	10	0	10	0	0	0	0	0	0	0	0	0	0	97	0	95	142	8	4	4	43
3976	-4992	2208	14816	10	0	10	0	0	0	0	0	0	0	0	0	0	97	0	95	142	7	3	4	35
3977	-4816	2416	14800	10	0	10	0	0	0	0	0	0	0	0	0	0	95	0	95	142	7	2	4	28
3978	-4752	2208	15104	10	0	10	0	0	0	0	0	0	0	0	0	0	94	0	95	142	7	2	3	24
3979	-4976	2192	15104	10	0	10	0	0	0	0	0	0	0	0	0	0	86	0	95	142	5	2	3	23
3980	-4960	2208	15104	10	0	10	0	0	0	0	0	0	0	0	0	0	54	0	95	142	6	2	3	23
3981	-4976	2176	14800	10	0	10	0	0	0	0	0	0	0	0	0	0	36	0	95	142	6	1	3	23
3982	-4960	2176	15120	10	0	10	0	0	0	0	0	0	0	0	0	0	16	0	95	142	5	1	3	23
3983	-4976	2224	15104	10	0	10	0	0	0	0	0	0	0	0	0	0	7	0	95	142	5	1	3	25
3984	-4992	2416	14832	10	0	10	0	0	0	0	0	0	0	0	0	0	7	0	95	142	6	1	3	25
3985	-4752	2192	15152	10	0	10	0	0	0	0	0	0	0	0	0	1	14	0	95	142	6	1	3	22
3986	-4768	2176	15104	10	0	10	0	0	0	0	0	0	0	0	0	1	25	0	95	142	5	1	3	21
3987	-4992	2176	15104	10	0	10	0	0	0	0	0	0	0	0	0	0	2	0	95	142	6	1	3	22
3988	-4784	2176	14800	10	0	10	0	0	0	0	0	0	0	0	0	0	0	0	95	142	5	1	3	24
3989	-4816	2240	14832	10	0	10	0	0	0	0	0	0	0	0	0	0	0	0	95	142	4	1	3	24
3990	-4976	2192	15120	10	0	10	0	0	0	0	0	0	0	0	0	0	0	0	95	142	4	1	3	22
3991	-4784	2208	15104	10	0	10	0	0	0	0	0	0	0	0	0	0	0	0	95	142	4	1	3	21
3992	-4976	2416	14816	10	0	10	0	0	0	0	0	0	0	0	0	0	0	0	95	142	3	1	3	21
3993	-4928	2192	14752	10	0	10	0	0	0	0	0	0	0	0	0	0	0	0	95	142	3	1	3	20
3994	-4784	2400	14832	10	0	10	0	0	0	0	0	0	0	0	0	0	0	0	95	142	3	1	3	20
3995	-4992	2416	14816	10	0	10	0	0	0	0	0	0	0	0	0	0	0	0	95	142	3	1	3	19
3996	-4992	2272	15104	10	0	10	0	0	0	0	0	0	0	0	0	0	0	0	95	142	3	1	3	22
3997	-4976	2256	14832	10	0	10	0	0	0	0	0	0	0	0	0	0	0	0	95	142	3	1	3	22
3998	-4992	2256	14832	10	0	10	0	0	0	0	0	0	0	0	0	0	0	0	95	142	3	1	3	21
3999	-4992	2560	15104	10	0	10	0	0	0	0	0	0	0	0	0	0	0	0	95	142	3	1	3	22
4000	-4976	2256	14816	10	0	10	0	0	0	0	0	0	0	0	0	0	0	0	95	142	3	1	3	21
4001	-4768	2400	14800	10	0	10	0	0	0	0	0	0	0	0	0	0	0	0	95	142	2	1	3	58
4002	-4800	2240	14800	10	0	10	0	0	0	0	0	0	0	0	0	0	0	0	95	142	6	2	10	880
4003	-4896	2368	14912	10	0	10	0	0	0	0	0	0	0	0	0	0	0	0	95	142	4362	363	512	1385
4004	-4960	2224	14896	10	0	10	0	0	0	0	0	0	0	0	0	0	0	0	95	142	5352	600	663	1318
4005	-4864	2016	15120	10	0	10	0	0	0	0	0	0	0	0	0	0	0	0	95	142	5486	733	956	1237
4006	-4800	2352	15072	10	0	10	0	0	0	0	0	0	0	0	0	0	0	0	95	142	5561	752	1304	1592
4007	-5136	2416	15120	10	0	10	0	0	0	0	0	0	0	0	0	0	0	0	95	142	7499	1131	1417	2280
4008	-4864	2256	15200	10	0	10	0	0	0	0	0	0	0	0	0	0	0	0	95	142	8229	1335	1539	2836
4009	-5184	2272	14720	10	0	10	0	0	0	0	0	0	0	0	0	0	0	0	95	142	17038	2981	1880	2635
4010	-4816	2288	14800	10	0	10	0	0	0	0	0	0	0	0	0	0	0	0	95	142	17455	3056	2019	2096
4011	-4800	2192	14784	10	0	10	0	0	0	0	0	0	0	0	0	0	0	0	95	142	13145	2734	1579	1494
4012	-4768	2192	15120	10	0	10	0	0	0	0	0	0	0	0	0	0	0	0	95	142	12157	2511	1438	983
4013	-4992	2176	14784	10	0	10	0	0	0	0	0	0	0	0	0	0	0	0	95	142	12023	2381	1151	615
4014	-4752	2384	15120	10	0	10	0	0	0	0	0	0	0	0	0	0	0	0	95	142	11948	2362	803	376
4015	-4752	2208	14832	10	0	10	0	0	0	0	0	0	0	0	0	0	0	0	95	142	10011	1983	690	228
4016	-4976	2224	14800	10	0	10	0	0	0	0	0	0	0	8	0	0	0	0	95	142	9281	1778	568	138
4017	-4944	2224	14832	10	0	10	0	0	0	0	0	0	0	0	0	0	0	4	95	142	472	133	227	87
4018	-4976	2288	15104	10	0	10	0	0	0	0	0	0	0	0	0	0	0	4	95	142	51	56	80	67
4019	-4992	2272	15120	10	0	10	0	0	0	0	0	0	0	0	0	0	0	16	95	142	5	18	18	69
4020	-4752	2208	15184	10	0	10	0	0	0	0	0	0	0	0	0	0	0	47	95	142	7	4	10	83
4021	-4752	2176	15136	10	0	10	0	0	0	0	0	4	0	8	0	0	0	82	95	142	7	3	4	92
4022	-4960	2192	14816	10	0	10	0	0	0	0	0	0	0	0	0	0	0	89	95	142	10	4	5	92
4023	-4976	2176	14832	10	0	10	0	0	0	0	0	0	0	0	0	0	0	94	95	142	10	5	6	87
4024	-4752	2400	14784	10	0	10	0	0	0	0	0	0	0	0	0	0	0	91	95	142	12	6	6	77
4025	-4752	2272	15104	10	0	10	0	0	0	0	0	0	0	0	0	0	4	12	95	142	12	7	7	68
4026	-4752	2240	14832	10	0	10	0	0	0	0	0	0	0	0	0	0	41	9	95	142	12	7	7	56
4027	-4800	2272	14832	10	0	10	0	0	0	0	0	0	0	0	0	0	45	0	95	142	12	7	7	46
4028	-4992	2240	14816	10	0	10	0	0	0	0	0	0	0	0	0	0	47	0	95	142	8	6	6	38
4029	-4800	2176	14816	10	0	10	0	0	0	0	0	0	1	0	0	0	75	0	95	142	8	5	5	35
4030	-4800	2240	14816	10	0	10	0	0	0	0	0	0	0	0	0	0	94	0	95	142	5	4	4	30
4031	-4768	2176	15120	10	0	10	0	0	0	0	0	0	0	0	0	0	94	0	95	142	5	3	4	30
4032	-4784	2176	14800	10	0	10	0	0	0	0	0	0	0	0	0	0	91	0	95	142	3	2	3	28
4033	-4784	2208	14784	10	0	10	0	0	0	0	0	0	0	0	0	0	90	0	95	142	2	1	2	27
4034	-4752	2384	14784	10	0	10	0	0	0	0	0	0	0	0	0	0	77	0	95	142	2	1	3	28
4035	-4960	2352	14800	10	0	10	0	0	0	0	0	0	0	0	0	0	21	0	95	142	3	1	3	27
4036	-4992	2416	14832	10	0	10	0	0	0	0	0	0	0	0	0	0	11	0	95	142	3	1	3	26
4037	-4976	2208	15120	10	0	10	0	0	0	0	0	0	0	0	0	0	6	0	95	142	3	1	3	23
4038	-4752	2384	15104	10	0	10	0	0	0	0	0	0	0	0	0	0	4	0	95	142	3	1	3	24
4039	-4992	2176	15104	10	0	10	0	0	0	0	0	0	0	0	0	0	4	0	95	142	3	1	3	24
4040	-4752	2192	14816	10	0	10	0	0	0	0	0	0	0	0	0	0	7	0	95	142	4	1	3	24
4041	-4944	2192	14768	10	0	10	0	0	0	0	0	0	0	0	0	0	6	0	95	142	4	2	3	23
4042	-4928	2224	14800	10	0	10	0	0	0	0	0	0	0	0	0	0	0	0	95	142	5	1	3	21
4043	-4896	2208	15104	10	0	10	0	0	0	0	0	0	0	0	0	0	0	0	95	142	4	1	3	20
4044	-4976	2224	14816	10	0	10	0	0	0	0	0	0	0	0	0	0	0	0	95	142	4	1	3	52
4045	-4976	2416	14816	10	0	10	0	0	0	0	0	0	0	0	0	0	0	0	95	142	10	2	3	76
4046	-4768	2176	14832	10	0	10	0	0	0	0	0	0	0	0	0	0	0	0	95	142	16	2	4	72
4047	-4768	2176	14784	10	0	10	0	0	0	0	0	0	0	0	0	0	0	0	95	142	17	3	4	63
4048	-4960	2208	14752	10	0	10	0	0	0	0	0	0	0	0	0	0	0	0	95	142	18	2	4	51
4049	-4960	2192	14816	10	0	10	0	0	0	0	0	0	0	0	0	0	0	0	95	142	17	2	4	42
4050	-4944	2176	14832	10	0	10	0	0	0	0	0	0	0	0	0	0	0	0	95	142	18	3	4	34
4051	-4896	2400	14768	10	0	10	0	0	0	0	0	0	0	0	0	0	0	0	95	142	18	2	4	29
4052	-4912	2368	14832	10	0	10	0	0	0	0	0	0	0	0	0	0	0	0	95	142	18	2	4	27
4053	-4976	2368	14832	10	0	10	0	0	0	0	0	0	0	0	0	0	0	0	95	142	12	2	4	28
4054	-4976	2384	14800	10	0	10	0	0	0	0	0	0	0	0	0	0	0	0	95	142	6	1	3	31
4055	-4960	2400	15120	10	0	10	0	0	0	0	0	0	0	0	0	0	0	0	95	142	5	1	3	38
4056	-4768	2416	14832	10	0	10	0	0	0	0	0	0	0	0	0	0	0	0	95	142	4	1	3	47
4057	-4752	2400	14816	10	0	10	0	0	0	0	0	0	0	0	0	0	0	0	95	142	5	1	3	63
4058	-4960	2400	14832	10	0	10	0	0	0	0	0	0	0	0	0	0	0	0	95	142	5	1	4	76
4059	-4960	2416	14832	10	0	10	0	0	0	0	0	0	0	0	0	0	0	0	95	142	6	2	7	277
4060	-4752	2384	14736	10	0	10	0	0	0	0	0	0	0	0	0	0	0	0	95	142	17	70	301	1227
4061	-4992	2416	14928	10	0	10	0	0	0	0	0	0	0	0	0	0	0	0	95	142	3080	988	811	1827
4062	-4928	2256	14752	10	0	10	0	0	0	0	0	0	0	0	0	0	0	0	95	142	4606	1091	869	2250
4063	-4960	2560	15184	10	0	10	0	0	0	0	0	0	0	0	0	0	0	0	95	142	5110	1290	1069	2558
4064	-4912	2240	14976	10	0	10	0	0	0	0	0	0	0	0	0	0	0	0	95	142	7089	1618	1517	2861
4065	-4592	2624	15392	10	0	10	0	0	0	0	0	0	0	0	0	0	0	0	95	142	9318	2025	1730	3207
4066	-4880	2208	15376	10	0	10	0	0	0	0	0	0	0	0	0	0	0	0	95	142	10014	2119	1818	3108
4067	-4960	2016	15136	10	0	10	0	0	0	0	0	0	0	0	0	0	0	0	95	142	11401	2498	2110	2795
4068	-4960	2176	15184	10	0	10	0	0	0	0	0	0	0	0	0	0	0	0	95	142	12022	2498	2050	2305
4069	-4768	2384	14992	10	0	10	0	0	0	0	0	0	0	0	0	0	0	0	95	142	9197	1625	1757	1700
4070	-4816	2176	14832	10	0	10	0	0	0	0	0	0	0	0	0	0	0	0	95	142	7674	1540	1710	1131
4071	-4832	2192	14832	10	0	10	0	0	0	0	0	0	0	0	0	0	0	0	95	142	7170	1342	1510	713
4072	-4784	2256	14832	10	0	10	0	0	0	0	0	0	0	8	0	0	0	0	95	142	5191	1013	1062	435
4073	-4768	2192	15104	10	0	10	0	0	0	0	0	0	0	0	0	0	0	0	95	142	2961	607	850	284
4074	-4800	2176	14816	10	0	10	0	0	0	0	0	0	0	0	0	0	0	0	95	142	2264	512	760	180
4075	-4768	2240	14768	10	0	10	0	0	0	0	0	0	0	0	0	0	0	1	95	142	876	133	466	129
4076	-4976	2192	14800	10	0	10	0	0	0	0	0	0	0	0	0	0	0	2	95	142	245	64	232	102
4077	-4800	2208	14832	10	0	10	0	0	0	0	0	4	0	8	0	0	0	21	95	142	7	22	15	99
4078	-4800	2192	15104	10	0	10	0	0	0	0	0	0	0	0	0	0	0	44	95	142	7	6	5	105
4079	-4800	2416	14784	10	0	10	0	0	0	0	0	0	0	0	0	0	0	75	95	142	9	7	5	102
4080	-4928	2224	14832	10	0	10	0	0	0	0	0	0	0	0	0	0	0	86	95	142	9	8	5	91
4081	-4784	2400	14832	10	0	10	0	0	0	0	0	0	0	0	0	0	0	92	95	142	9	8	6	78
4082	-4752	2416	14816	10	0	10	0	0	0	0	0	0	0	8	0	0	0	77	95	142	11	9	5	67
4083	-4752	2416	14816	10	0	10	0	0	0	0	0	0	0	0	0	0	13	6	95	142	11	9	6	54
4084	-4752	2176	14816	10	0	10	0	0	0	0	0	0	0	0	0	0	41	0	95	142	11	8	5	45
4085	-4752	2416	14832	10	0	10	0	0	0	0	0	0	0	0	0	0	48	0	95	142	9	7	5	37
4086	-4752	2400	14768	10	0	10	0	0	0	0	0	0	1	0	0	0	64	0	95	142	7	4	5	31
4087	-4800	2400	14768	10	0	10	0	0	0	0	0	0	0	0	0	0	91	0	95	142	4	3	4	27
4088	-4768	2208	14800	10	0	10	0	0	0	0	0	0	0	0	0	0	97	0	95	142	4	2	3	28
4089	-4992	2256	14832	10	0	10	0	0	0	0	0	0	0	0	0	0	96	0	95	142	4	2	3	27
4090	-4976	2256	14768	10	0	10	0	0	0	0	0	0	0	0	0	0	94	0	95	142	2	1	3	24
4091	-4944	2192	14816	10	0	10	0	0	0	0	0	0	0	0	0	0	90	0	95	142	2	1	2	22
4092	-4896	2192	14832	10	0	10	0	0	0	0	0	0	0	0	0	0	71	0	95	142	2	1	2	24
4093	-4944	2208	14832	10	0	10	0	0	0	0	0	0	0	0	0	0	29	0	95	142	3	1	2	25
4094	-4960	2192	14832	10	0	10	0	0	0	0	0	0	0	0	0	0	14	0	95	142	2	1	2	28
4095	-4992	2192	14832	10	0	10	0	0	0	0	0	0	0	0	0	0	8	0	95	142	2	1	2	26
4096	-4960	2224	15104	10	0	10	0	0	0	0	0	0	0	0	0	0	4	0	95	142	2	1	2	24
4097	-4928	2224	14784	10	0	10	0	0	0	0	0	0	0	0	0	0	5	0	95	142	2	1	2	22
4098	-4928	2192	15104	10	0	10	0	0	0	0	0	0	0	0	0	3	11	0	95	142	2	1	2	23
4099	-4928	2240	14816	10	0	10	0	0	0	0	0	0	0	0	0	1	7	0	95	142	2	1	3	26
4100	-4992	2256	15104	10	0	10	0	0	0	0	0	0	0	0	0	0	0	0	95	142	3	1	3	29
4101	-4992	2192	15120	10	0	10	0	0	0	0	0	0	0	0	0	0	0	0	95	142	4	1	3	27
4102	-4992	2176	14832	10	0	10	0	0	0	0	0	0	0	0	0	0	0	0	95	142	4	1	3	25
4103	-4752	2176	14816	10	0	10	0	0	0	0	0	0	0	0	0	0	0	0	95	142	4	1	3	25
4104	-4960	2272	14832	10	0	10	0	0	0	0	0	0	0	0	0	0	0	0	95	142	5	1	3	24
4105	-4928	2224	15104	10	0	10	0	0	0	0	0	0	0	0	0	0	0	0	95	142	5	1	3	25
4106	-4880	2176	14832	10	0	10	0	0	0	0	0	0	0	0	0	0	0	0	95	142	5	1	3	24
4107	-4912	2416	15104	10	0	10	0	0	0	0	0	0	0	0	0	0	0	0	95	142	5	1	3	21
4108	-4944	2400	15104	10	0	10	0	0	0	0	0	0	0	0	0	0	0	0	95	142	4	1	3	21
4109	-4960	2416	14816	10	0	10	0	0	0	0	0	0	0	0	0	0	0	0	95	142	4	1	3	21
4110	-4992	2192	14784	10	0	10	0	0	0	0	0	0	0	0	0	0	0	0	95	142	4	1	3	26
4111	-4768	2288	14832	10	0	10	0	0	0	0	0	0	0	0	0	0	0	0	95	142	4	1	3	29
4112	-4976	2288	14832	10	0	10	0	0	0	0	0	0	0	0	0	0	0	0	95	142	3	1	3	28
4113	-4992	2208	14800	10	0	10	0	0	0	0	0	0	0	0	0	0	0	0	95	142	3	1	3	32
4114	-4944	2208	15104	10	0	10	0	0	0	0	0	0	0	0	0	0	0	0	95	142	5	1	4	30
4115	-4880	2208	15120	10	0	10	0	0	0	0	0	0	0	0	0	0	0	0	95	142	4	1	4	26
4116	-4880	2176	15168	10	0	10	0	0	0	0	0	0	0	0	0	0	0	0	95	142	4	1	3	28
4117	-4944	2352	15104	10	0	10	0	0	0	0	0	0	0	0	0	0	0	0	95	142	3	1	3	30
4118	-4896	2192	15104	10	0	10	0	0	0	0	0	0	0	0	0	0	0	0	95	142	3	1	3	29
4119	-4592	2192	14768	10	0	10	0	0	0	0	0	0	0	0	0	0	0	0	95	142	4	1	3	32
4120	-4912	2352	14816	10	0	10	0	0	0	0	0	0	0	0	0	0	0	0	95	142	4	1	3	53
4121	-4928	2192	14816	10	0	10	0	0	0	0	0	0	0	0	0	0	0	0	95	142	4	3	13	149
4122	-4928	2576	14784	10	0	10	0	0	0	0	0	0	0	0	0	0	0	0	95	142	15	8	56	238
4123	-4896	2560	15120	10	0	10	0	0	0	0	0	0	0	0	0	0	0	0	95	142	24	230	303	304
4124	-4608	2592	15008	10	0	10	0	0	0	0	0	0	0	0	0	0	0	0	95	142	34	279	355	1170
4125	-4752	2576	15152	10	0	10	0	0	0	0	0	0	0	0	0	0	0	0	95	142	4246	1440	777	2077
4126	-4816	2592	15168	10	0	10	0	0	0	0	0	0	0	0	0	0	0	0	95	142	5850	1830	887	2592
4127	-4960	2192	14832	10	0	10	0	0	0	0	0	0	0	0	0	0	0	0	95	142	9768	3777	1452	2809
4128	-4768	2224	14768	10	0	10	0	0	0	0	0	0	0	0	0	0	0	0	95	142	10099	3866	1505	2551
4129	-4784	2192	14768	10	0	10	0	0	0	0	0	0	0	0	0	0	0	0	95	142	10286	3941	1556	2103
4130	-4752	2288	14832	10	0	10	0	0	0	0	0	0	0	0	0	0	0	0	95	142	10421	3957	1541	1675
4131	-4752	2608	15136	10	0	10	0	0	0	0	0	0	0	0	0	0	0	0	95	142	10447	3758	1304	1343
4132	-4944	2272	14832	10	0	10	0	0	0	0	0	0	0	0	0	0	0	0	95	142	10450	3733	1283	968
4133	-4992	2192	14800	10	0	10	0	0	0	0	0	0	0	0	0	0	0	0	95	142	6243	2582	868	639
4134	-4960	2192	14832	10	0	10	0	0	0	0	0	0	0	0	0	0	0	0	95	142	4640	2192	758	402
4135	-4960	2192	14816	10	0	10	0	0	0	0	0	0	0	8	0	0	0	0	95	142	721	245	193	251
4136	-4944	2208	14832	10	0	10	0	0	0	0	0	0	0	0	0	0	0	1	95	142	390	156	139	182
4137	-4928	2208	14800	10	0	10	0	0	0	0	0	0	0	0	0	0	0	1	95	142	204	80	80	128
4138	-4912	2240	14768	10	0	10	0	0	0	0	0	0	0	0	0	0	0	5	95	142	57	59	52	105
4139	-4896	2208	15104	10	0	10	0	0	0	0	0	0	0	0	0	0	0	18	95	142	22	36	43	86
4140	-4992	2192	15104	10	0	10	0	0	0	0	0	4	0	8	0	0	0	23	95	142	11	13	12	76
4141	-4976	2272	14832	10	0	10	0	0	0	0	0	0	0	0	0	0	0	51	95	142	7	3	5	67
4142	-4976	2272	15104	10	0	10	0	0	0	0	0	0	0	0	0	0	0	80	95	142	7	3	5	62
4143	-4976	2224	14800	10	0	10	0	0	0	0	0	0	0	0	0	0	0	87	95	142	9	4	5	61
4144	-4960	2224	15136	10	0	10	0	0	0	0	0	0	0	0	0	0	0	87	95	142	11	5	6	51
4145	-4976	2208	15120	10	0	10	0	0	0	0	0	0	0	8	0	0	0	85	95	142	9	4	3	45
4146	-4976	2416	15152	10	0	10	0	0	0	0	0	0	0	0	0	0	14	4	95	142	9	4	3	37
4147	-4784	2416	14816	10	0	10	0	0	0	0	0	0	0	0	0	0	43	0	95	142	8	3	4	32
4148	-4960	2384	14768	10	0	10	0	0	0	0	0	0	0	0	0	0	44	0	95	142	8	3	3	28
4149	-4960	2368	14752	10	0	10	0	0	0	0	0	0	0	0	0	0	46	0	95	142	8	3	3	25
4150	-4800	2416	14768	10	0	10	0	0	0	0	0	0	0	0	0	0	47	0	95	142	7	2	4	25
4151	-4960	2208	14816	10	0	10	0	0	0	0	0	0	1	0	0	1	77	0	95	142	5	1	3	26
4152	-4960	2208	14816	10	0	10	0	0	0	0	0	0	0	0	0	2	89	0	95	142	3	1	3	28
4153	-4960	2224	14832	10	0	10	0	0	0	0	0	0	0	0	0	2	86	0	95	142	3	1	2	26
4154	-4960	2240	15136	10	0	10	0	0	0	0	0	0	0	0	0	1	78	0	95	142	3	1	2	24
4155	-4928	2208	14816	10	0	10	0	0	0	0	0	0	0	0	0	0	68	0	95	142	2	0	2	27
4156	-4752	2416	15104	10	0	10	0	0	0	0	0	0	0	0	0	0	15	0	95	142	1	0	2	29
4157	-4992	2208	15104	10	0	10	0	0	0	0	0	0	0	0	0	0	8	0	95	142	1	0	2	27
4158	-4992	2416	15104	10	0	10	0	0	0	0	0	0	0	0	0	0	4	0	95	142	2	0	2	25
4159	-4912	2208	14832	10	0	10	0	0	0	0	0	0	0	0	0	0	3	0	95	142	2	0	2	23
4160	-4976	2416	15104	10	0	10	0	0	0	0	0	0	0	0	0	0	2	0	95	142	3	1	3	24
4161	-4896	2208	14832	10	0	10	0	0	0	0	0	0	0	0	0	0	0	0	95	142	3	1	3	27
4162	-4976	2256	15104	10	0	10	0	0	0	0	0	0	0	0	0	0	0	0	95	142	3	1	3	26
4163	-4976	2256	14784	10	0	10	0	0	0	0	0	0	0	0	0	0	0	0	95	142	3	1	3	28
4164	-4944	2176	14784	10	0	10	0	0	0	0	0	0	0	0	0	0	0	0	95	142	2	1	3	26
4165	-4976	2208	14784	10	0	10	0	0	0	0	0	0	0	0	0	0	0	0	95	142	3	1	3	26
4166	-4928	2192	14816	10	0	10	0	0	0	0	0	0	0	0	0	0	0	0	95	142	3	1	3	25
4167	-4880	2416	14816	10	0	10	0	0	0	0	0	0	0	0	0	0	0	0	95	142	3	1	3	26
4168	-4896	2176	14784	10	0	10	0	0	0	0	0	0	0	0	0	0	0	0	95	142	3	1	3	24
4169	-4960	2208	14816	10	0	10	0	0	0	0	0	0	0	0	0	0	0	0	95	142	3	1	3	23
4170	-4992	2208	15120	10	0	10	0	0	0	0	0	0	0	0	0	0	0	0	95	142	3	1	3	26
4171	-4976	2256	15120	10	0	10	0	0	0	0	0	0	0	0	0	0	0	0	95	142	3	1	3	29
4172	-4960	2176	14816	10	0	10	0	0	0	0	0	0	0	0	0	0	0	0	95	142	3	1	3	28
4173	-4960	2400	14800	10	0	10	0	0	0	0	0	0	0	0	0	0	0	0	95	142	3	1	3	29
4174	-4944	2416	14816	10	0	10	0	0	0	0	0	0	0	0	0	0	0	0	95	142	3	1	3	27
4175	-4928	2176	15104	10	0	10	0	0	0	0	0	0	0	0	0	0	0	0	95	142	2	1	3	90
4176	-4592	2256	14816	10	0	10	0	0	0	0	0	0	0	0	0	0	0	0	95	142	6	5	23	664
4177	-4880	2576	15120	10	0	10	0	0	0	0	0	0	0	0	0	0	0	0	95	142	879	108	250	1675
4178	-4880	2672	14992	10	0	10	0	0	0	0	0	0	0	0	0	0	0	0	95	142	1799	844	921	2954
4179	-4784	2272	14800	10	0	10	0	0	0	0	0	0	0	0	0	0	0	0	95	142	6721	2528	1495	3674
4180	-4784	2352	14944	10	0	10	0	0	0	0	0	0	0	0	0	0	0	0	95	142	8000	3063	2205	4398
4181	-4992	2560	15136	10	0	10	0	0	0	0	0	0	0	0	0	0	0	0	95	142	12537	4468	2828	4675
4182	-4784	2208	14928	10	0	10	0	0	0	0	0	0	0	0	0	0	0	0	95	142	12816	4532	2903	4757
4183	-4800	2192	14912	10	0	10	0	0	0	0	0	0	0	0	0	0	0	0	95	142	14569	4912	3134	4396
4184	-4848	2352	14864	10	0	10	0	0	0	0	0	0	0	0	0	0	0	0	95	142	14654	5017	3332	3694
4185	-4976	2192	14784	10	0	10	0	0	0	0	0	0	0	0	0	0	0	0	95	142	14037	5355	3270	2728
4186	-4928	2240	14816	10	0	10	0	0	0	0	0	0	0	0	0	0	0	0	95	142	13166	4625	2610	1817
4187	-4944	2224	15136	10	0	10	0	0	0	0	0	0	0	0	0	0	0	0	95	142	8244	2942	2038	1142
4188	-4752	2176	15120	10	0	10	0	0	0	0	0	0	0	0	0	0	0	0	95	142	6965	2406	1328	695
4189	-4960	2288	15136	10	0	10	0	0	0	0	0	0	0	8	0	0	0	0	95	142	2428	1002	704	415
4190	-4944	2256	15152	10	0	10	0	0	0	0	0	0	0	0	0	0	0	0	95	142	2149	938	630	245
4191	-4928	2576	15104	10	0	10	0	0	0	0	0	0	0	0	0	0	0	1	95	142	395	558	399	147
4192	-4976	2272	14816	10	0	10	0	0	0	0	0	0	0	0	0	0	0	1	95	142	306	449	180	99
4193	-4928	2208	14800	10	0	10	0	0	0	0	0	0	0	0	0	0	0	4	95	142	51	7	16	85
4194	-4944	2416	14800	10	0	10	0	0	0	0	0	4	0	8	0	0	0	34	95	142	4	2	5	83
4195	-4960	2192	14784	10	0	10	0	0	0	0	0	0	0	0	0	0	0	57	95	142	5	3	4	81
4196	-4976	2416	15104	10	0	10	0	0	0	0	0	0	0	0	0	0	0	78	95	142	6	4	5	83
4197	-4960	2240	15104	10	0	10	0	0	0	0	0	0	0	0	0	0	0	90	95	142	7	6	5	76
4198	-4992	2224	14816	10	0	10	0	0	0	0	0	0	0	0	0	0	0	91	95	142	9	7	5	68
4199	-4976	2240	14816	10	0	10	0	0	0	0	0	0	0	8	0	0	2	34	95	142	10	7	5	59
4200	-4992	2416	15104	10	0	10	0	0	0	0	0	0	0	0	0	0	36	10	95	142	10	7	5	48
4201	-4752	2256	14816	10	0	10	0	0	0	0	0	0	0	0	0	0	45	0	95	142	10	7	5	42
4202	-4928	2288	14816	10	0	10	0	0	0	0	0	0	0	0	0	0	48	0	95	142	9	7	5	35
4203	-4928	2240	14832	10	0	10	0	0	0	0	0	0	1	0	0	0	79	0	95	142	7	6	4	31
4204	-4928	2240	15104	10	0	10	0	0	0	0	0	0	0	0	0	0	97	0	95	142	6	4	3	28
4205	-4912	2256	15136	10	0	10	0	0	0	0	0	0	0	0	0	0	97	0	95	142	6	3	3	25
4206	-4944	2256	14832	10	0	10	0	0	0	0	0	0	0	0	0	0	95	0	95	142	4	2	3	23
4207	-4928	2208	14832	10	0	10	0	0	0	0	0	0	0	0	0	0	94	0	95	142	4	1	3	23
4208	-4752	2192	14832	10	0	10	0	0	0	0	0	0	0	0	0	0	85	0	95	142	3	1	3	23
4209	-4928	2208	14816	10	0	10	0	0	0	0	0	0	0	0	0	0	57	0	95	142	4	1	3	22
4210	-4960	2192	15104	10	0	10	0	0	0	0	0	0	0	0	0	0	35	0	95	142	4	1	2	21
4211	-4928	2192	15104	10	0	10	0	0	0	0	0	0	0	0	0	0	14	0	95	142	4	1	3	21
4212	-4896	2224	14816	10	0	10	0	0	0	0	0	0	0	0	0	0	7	0	95	142	4	1	3	19
4213	-4928	2416	14784	10	0	10	0	0	0	0	0	0	0	0	0	0	5	0	95	142	4	1	2	19
4214	-4960	2208	14800	10	0	10	0	0	0	0	0	0	0	0	0	0	8	0	95	142	4	1	3	20
4215	-4976	2192	14768	10	0	10	0	0	0	0	0	0	0	0	0	1	18	0	95	142	3	1	3	19
4216	-4960	2256	14816	10	0	10	0	0	0	0	0	0	0	0	0	0	2	0	95	142	4	1	3	22
4217	-4912	2208	15104	10	0	10	0	0	0	0	0	0	0	0	0	0	0	0	95	142	4	1	3	25
4218	-4592	2208	15120	10	0	10	0	0	0	0	0	0	0	0	0	0	0	0	95	142	4	1	3	26
4219	-4896	2400	14816	10	0	10	0	0	0	0	0	0	0	0	0	0	0	0	95	142	3	1	3	28
4220	-4960	2208	14800	10	0	10	0	0	0	0	0	0	0	0	0	0	0	0	95	142	3	1	3	29
4221	-4976	2288	14784	10	0	10	0	0	0	0	0	0	0	0	0	0	0	0	95	142	2	1	3	30
4222	-4928	2272	14736	10	0	10	0	0	0	0	0	0	0	0	0	0	0	0	95	142	4	1	3	28
4223	-4944	2240	14832	10	0	10	0	0	0	0	0	0	0	0	0	0	0	0	95	142	4	1	3	27
4224	-4928	2176	14832	10	0	10	0	0	0	0	0	0	0	0	0	0	0	0	95	142	3	1	2	27
4225	-4880	2208	14752	10	0	10	0	0	0	0	0	0	0	0	0	0	0	0	95	142	3	1	2	28
4226	-4608	2208	14832	10	0	10	0	0	0	0	0	0	0	0	0	0	0	0	95	142	3	1	2	29
4227	-4592	2416	14832	10	0	10	0	0	0	0	0	0	0	0	0	0	0	0	95	142	3	1	3	28
4228	-4576	2176	14832	10	0	10	0	0	0	0	0	0	0	0	0	0	0	0	95	142	4	1	3	27
4229	-4880	2416	15136	10	0	10	0	0	0	0	0	0	0	0	0	0	0	0	95	142	4	1	3	28
4230	-4592	2208	15120	10	0	10	0	0	0	0	0	0	0	0	0	0	0	0	95	142	3	1	3	31
4231	-4880	2192	15136	10	0	10	0	0	0	0	0	0	0	0	0	0	0	0	95	142	3	1	3	34
4232	-4896	2288	14816	10	0	10	0	0	0	0	0	0	0	0	0	0	0	0	95	142	3	1	3	32
4233	-4896	2560	14768	10	0	10	0	0	0	0	0	0	0	0	0	0	0	0	95	142	3	1	3	68
4234	-4960	2192	15120	10	0	10	0	0	0	0	0	0	0	0	0	0	0	0	95	142	3	1	28	1035
4235	-4752	2192	14752	10	0	10	0	0	0	0	0	0	0	0	0	0	0	0	95	142	4279	179	144	2472
4236	-4528	2576	15024	10	0	10	0	0	0	0	0	0	0	0	0	0	0	0	95	142	13055	1297	1036	2918
4237	-4560	2272	14992	10	0	10	0	0	0	0	0	0	0	0	0	0	0	0	95	142	13128	2273	1076	2488
4238	-4512	2192	15008	10	0	10	0	0	0	0	0	0	0	0	0	0	0	0	95	142	13344	2305	1146	2082
4239	-4880	2272	15104	10	0	10	0	0	0	0	0	0	0	0	0	0	0	0	95	142	13425	2338	1166	1914
4240	-4608	2576	15008	10	0	10	0	0	0	0	0	16	0	0	0	0	0	0	95	142	13550	2374	1187	1798
4241	-4608	2208	15120	10	0	10	0	0	0	0	0	16	0	0	0	0	0	0	95	142	13610	2384	1230	1870
4242	-4928	2208	14720	10	0	10	0	0	0	0	0	16	0	0	0	0	0	0	95	142	13679	2401	1259	1571
4243	-4944	2240	14768	10	0	10	0	0	0	0	0	16	0	0	0	0	0	0	95	142	9557	2236	1173	1119
4244	-4944	2416	14832	10	0	10	0	0	0	0	0	16	0	0	0	0	0	0	95	142	782	1120	283	732
4245	-4960	2192	14816	10	0	10	0	0	0	0	0	16	0	8	0	0	0	0	95	142	709	143	243	458
4246	-4880	2256	14832	10	0	10	0	0	0	0	0	16	0	0	0	0	0	0	95	142	493	111	172	282
4247	-4576	2208	14816	10	0	10	0	0	0	0	0	16	0	0	0	0	0	0	95	142	412	78	153	175
4248	-4592	2288	14832	10	0	10	0	0	0	0	0	16	0	0	0	0	0	1	95	142	287	43	132	117
4249	-4608	2560	14768	10	0	10	0	0	0	0	0	16	0	0	0	0	0	6	95	142	228	33	89	90
4250	-4880	2208	14800	10	0	10	0	0	0	0	0	20	0	8	0	0	0	4	95	142	164	17	36	86
4251	-4912	2416	14800	10	0	10	0	0	0	0	0	16	0	0	0	0	0	19	95	142	12	5	5	87
4252	-4880	2176	14784	10	0	10	0	0	0	0	0	16	0	0	0	0	0	65	95	142	11	11	4	83
4253	-4592	2224	14800	10	0	10	0	0	0	0	0	16	0	0	0	0	0	90	95	142	12	12	4	76
4254	-4880	2224	15136	10	0	10	0	0	0	0	0	16	0	0	0	0	0	90	95	142	12	12	4	64
4255	-4896	2192	15120	10	0	10	0	0	0	0	0	16	0	8	0	0	0	95	95	142	12	12	4	57
4256	-4896	2256	15120	10	0	10	0	0	0	0	0	16	0	0	0	0	0	79	95	142	12	12	4	50
4257	-4608	2240	15120	10	0	10	0	0	0	0	0	16	0	0	0	0	15	0	95	142	11	12	4	43
4258	-4896	2560	14816	10	0	10	0	0	0	0	0	16	0	0	0	0	42	0	95	142	6	10	4	38
4259	-4912	2272	15136	10	0	10	0	0	0	0	0	16	0	0	0	0	47	0	95	142	3	9	3	33
4260	-4912	2240	15104	10	0	10	0	0	0	0	0	16	0	0	0	0	47	0	95	142	3	2	3	29
4261	-4912	2208	15136	10	0	10	0	0	0	0	0	16	1	0	0	0	79	0	95	142	2	1	2	26
4262	-4880	2240	15120	10	0	10	0	0	0	0	0	16	0	0	0	1	95	0	95	142	1	1	2	27
4263	-4576	2240	15104	10	0	10	0	0	0	0	0	16	0	0	0	1	94	0	95	142	2	1	2	26
4264	-4608	2224	15120	10	0	10	0	0	0	0	0	16	0	0	0	1	90	0	95	142	2	1	3	25
4265	-4928	2240	14832	10	0	10	0	0	0	0	0	16	0	0	0	0	89	0	95	142	2	1	3	25
4266	-4928	2240	15168	10	0	10	0	0	0	0	0	16	0	0	0	0	72	0	95	142	2	1	3	25
4267	-4928	2224	15120	10	0	10	0	0	0	0	0	16	0	0	0	0	16	0	95	142	2	1	3	26
4268	-4960	2288	15104	10	0	10	0	0	0	0	0	16	0	0	0	0	7	0	95	142	2	1	3	28
4269	-4608	2560	15120	10	0	10	0	0	0	0	0	16	0	0	0	0	4	0	95	142	2	1	3	28
4270	-4944	2416	15120	10	0	10	0	0	0	0	0	16	0	0	0	0	2	0	95	142	2	1	3	31
4271	-4592	2192	15104	10	0	10	0	0	0	0	0	16	0	0	0	0	2	0	95	142	2	1	3	30
4272	-4880	2272	14816	10	0	10	0	0	0	0	0	16	0	0	0	0	1	0	95	142	2	1	3	31
4273	-4880	2224	15104	10	0	10	0	0	0	0	0	16	0	0	0	0	0	0	95	142	2	1	2	30
4274	-4880	2176	14832	10	0	10	0	0	0	0	0	16	0	0	0	0	0	0	95	142	3	1	3	27
4275	-4608	2224	14800	10	0	10	0	0	0	0	0	16	0	0	0	0	0	0	95	142	2	1	2	27
4276	-4896	2240	15136	10	0	10	0	0	0	0	0	16	0	0	0	0	0	0	95	142	2	1	3	26
4277	-4896	2224	15152	10	0	10	0	0	0	0	0	16	0	0	0	0	0	0	95	142	2	1	3	26
4278	-4608	2256	15184	10	0	10	0	0	0	0	0	16	0	0	0	0	0	0	95	142	3	1	3	24
4279	-4928	2224	15168	10	0	10	0	0	0	0	0	16	0	0	0	0	0	0	95	142	3	1	3	25
4280	-4880	2256	15120	10	0	10	0	0	0	0	0	16	0	0	0	0	0	0	95	142	2	1	3	26
4281	-4896	2240	15104	10	0	10	0	0	0	0	0	16	0	0	0	0	0	0	95	142	4	1	3	27
4282	-4896	2208	15104	10	0	10	0	0	0	0	0	16	0	0	0	0	0	0	95	142	4	1	3	26
4283	-4608	2240	14816	10	0	10	0	0	0	0	0	16	0	0	0	0	0	0	95	142	4	1	3	29
4284	-4912	2240	14816	10	0	10	0	0	0	0	0	16	0	0	0	0	0	0	95	142	5	1	3	32
4285	-4592	2192	14832	10	0	10	0	0	0	0	0	16	0	0	0	0	0	0	95	142	7	2	3	30
4286	-4608	2240	14816	10	0	10	0	0	0	0	0	16	0	0	0	0	0	0	95	142	7	2	3	28
4287	-4880	2240	14832	10	0	10	0	0	0	0	0	16	0	0	0	0	0	0	95	142	6	2	3	28
4288	-4944	2208	15104	10	0	10	0	0	0	0	0	16	0	0	0	0	0	0	95	142	6	2	3	40
4289	-4976	2400	15120	10	0	10	0	0	0	0	0	16	0	0	0	0	0	0	95	142	6	3	3	1022
4290	-4992	2256	14800	10	0	10	0	0	0	0	0	16	0	0	0	0	0	0	95	142	967	48	12	2162
4291	-4832	2400	14896	10	0	10	0	0	0	0	0	16	0	0	0	0	0	0	95	142	1569	538	169	3414
4292	-4848	2032	14496	10	0	10	0	0	0	0	0	16	0	0	0	0	0	0	95	142	4876	1643	891	4144
4293	-4560	2272	14832	10	0	10	0	0	0	0	0	16	0	0	0	0	0	0	95	142	10508	1821	1101	4344
4294	-4576	2256	15136	10	0	10	0	0	0	0	0	16	0	0	0	0	0	0	95	142	11556	1915	1353	4302
4295	-4944	2400	14800	10	0	10	0	0	0	0	0	16	0	0	0	0	0	0	95	142	19213	2746	1681	3979
4296	-4592	2224	15200	10	0	10	0	0	0	0	0	16	0	0	0	0	0	0	95	142	19819	3000	1851	3112
4297	-4592	2192	14816	10	0	10	0	0	0	0	0	16	0	0	0	0	0	0	95	142	19851	3105	1894	2165
4298	-4880	2560	14800	10	0	10	0	0	0	0	0	16	0	0	0	0	0	0	95	142	18893	3070	1906	1413
4299	-4608	2560	14800	10	0	10	0	0	0	0	0	16	0	0	0	0	0	0	95	142	18293	2581	1762	881
4300	-4896	2256	15104	10	0	10	0	0	0	0	0	16	0	0	0	0	0	0	95	142	14986	1476	1041	537
4301	-4608	2400	15152	10	0	10	0	0	0	0	0	16	0	8	0	0	0	0	95	142	9354	1298	830	327
4302	-4896	2416	15104	10	0	10	0	0	0	0	0	16	0	0	0	0	0	0	95	142	8306	1204	579	202
4303	-4928	2240	15136	10	0	10	0	0	0	0	0	16	0	0	0	0	0	0	95	142	649	373	250	134
4304	-4928	2224	15104	10	0	10	0	0	0	0	0	16	0	0	0	0	0	4	95	142	44	119	81	102
4305	-4960	2416	14832	10	0	10	0	0	0	0	0	16	0	0	0	0	0	3	95	142	12	14	37	90
4306	-4944	2192	15104	10	0	10	0	0	0	0	0	20	0	8	0	0	0	15	95	142	9	5	17	96
4307	-4944	2208	14832	10	0	10	0	0	0	0	0	16	0	0	0	0	0	53	95	142	8	5	5	87
4308	-4960	2224	14832	10	0	10	0	0	0	0	0	16	0	0	0	0	0	87	95	142	8	6	5	81
4309	-4912	2384	15136	10	0	10	0	0	0	0	0	16	0	0	0	0	0	90	95	142	6	6	5	69
4310	-4560	2176	15120	10	0	10	0	0	0	0	0	16	0	0	0	0	0	94	95	142	6	6	5	63
4311	-4592	2384	15152	10	0	10	0	0	0	0	0	16	0	8	0	0	0	89	95	142	6	7	5	59
4312	-4896	2368	15120	10	0	10	0	0	0	0	0	16	0	0	0	0	8	0	95	142	5	6	5	57
4313	-4592	2416	15152	10	0	10	0	0	0	0	0	16	0	0	0	0	41	0	95	142	4	5	5	50
4314	-4576	2176	15104	10	0	10	0	0	0	0	0	16	0	0	0	0	47	0	95	142	4	5	5	45
4315	-4576	2176	15136	10	0	10	0	0	0	0	0	16	0	0	0	0	47	0	95	142	3	4	4	43
4316	-4896	2176	15104	10	0	10	0	0	0	0	0	16	1	0	0	0	82	0	95	142	3	2	4	43
4317	-4880	2192	14800	10	0	10	0	0	0	0	0	16	0	0	0	0	96	0	95	142	3	2	4	41
4318	-4912	2240	14832	10	0	10	0	0	0	0	0	16	0	0	0	0	95	0	95	142	3	2	4	36
4319	-4960	2256	15120	10	0	10	0	0	0	0	0	16	0	0	0	0	92	0	95	142	3	2	4	33
4320	-4944	2272	14832	10	0	10	0	0	0	0	0	16	0	0	0	0	91	0	95	142	3	2	4	32
4321	-4960	2272	15104	10	0	10	0	0	0	0	0	16	0	0	0	0	77	0	95	142	3	2	4	39
4322	-4944	2208	14832	10	0	10	0	0	0	0	0	16	0	0	0	0	21	0	95	142	5	2	4	43
4323	-4896	2400	15120	10	0	10	0	0	0	0	0	16	0	0	0	0	10	0	95	142	4	2	4	40
4324	-4960	2320	15120	10	0	10	0	0	0	0	0	16	0	0	0	0	5	0	95	142	6	2	4	34
4325	-4880	2416	15120	10	0	10	0	0	0	0	0	16	0	0	0	0	3	0	95	142	6	1	4	31
4326	-4880	2224	14816	10	0	10	0	0	0	0	0	16	0	0	0	0	3	0	95	142	6	1	4	30
4327	-4912	2192	15168	10	0	10	0	0	0	0	0	16	0	0	0	0	4	0	95	142	7	1	4	31
4328	-4896	2224	15120	10	0	10	0	0	0	0	0	16	0	0	0	0	3	0	95	142	7	1	3	30
4329	-4912	2256	14816	10	0	10	0	0	0	0	0	16	0	0	0	0	0	0	95	142	7	1	3	30
4330	-4944	2272	14800	10	0	10	0	0	0	0	0	16	0	0	0	0	0	0	95	142	5	1	3	30
4331	-4880	2256	14816	10	0	10	0	0	0	0	0	16	0	0	0	0	0	0	95	142	5	1	3	28
4332	-4608	2240	14784	10	0	10	0	0	0	0	0	16	0	0	0	0	0	0	95	142	4	1	3	26
4333	-4608	2208	14832	10	0	10	0	0	0	0	0	16	0	0	0	0	0	0	95	142	4	1	3	25
4334	-4880	2192	15104	10	0	10	0	0	0	0	0	16	0	0	0	0	0	0	95	142	3	1	2	25
4335	-4912	2416	14816	10	0	10	0	0	0	0	0	16	0	0	0	0	0	0	95	142	3	1	2	24
4336	-4592	2176	14800	10	0	10	0	0	0	0	0	16	0	0	0	0	0	0	95	142	3	1	3	24
4337	-4592	2208	14816	10	0	10	0	0	0	0	0	16	0	0	0	0	0	0	95	142	4	1	2	24
4338	-4880	2192	14832	10	0	10	0	0	0	0	0	16	0	0	0	0	0	0	95	142	4	1	3	24
4339	-4560	2208	15104	10	0	10	0	0	0	0	0	16	0	0	0	0	0	0	95	142	5	1	3	23
4340	-4912	2224	14800	10	0	10	0	0	0	0	0	16	0	0	0	0	0	0	95	142	5	1	3	22
4341	-4896	2208	15152	10	0	10	0	0	0	0	0	16	0	0	0	0	0	0	95	142	5	1	3	22
4342	-4608	2272	14832	10	0	10	0	0	0	0	0	16	0	0	0	0	0	0	95	142	5	1	3	24
4343	-4608	2192	14816	10	0	10	0	0	0	0	0	16	0	0	0	0	0	0	95	142	5	1	3	24
4344	-4608	2208	15120	10	0	10	0	0	0	0	0	16	0	0	0	0	0	0	95	142	5	1	3	23
4345	-4880	2256	15152	10	0	10	0	0	0	0	0	16	0	0	0	0	0	0	95	142	4	1	3	24
4346	-4608	2208	15104	10	0	10	0	0	0	0	0	16	0	0	0	0	0	0	95	142	4	1	3	22
4347	-4592	2240	15152	10	0	10	0	0	0	0	0	16	0	0	0	0	0	0	95	142	3	1	3	36
4348	-4592	2224	15120	10	0	10	0	0	0	0	0	16	0	0	0	0	0	0	95	142	4	3	4	508
4349	-4544	2288	15168	10	0	10	0	0	0	0	0	16	0	0	0	0	0	0	95	142	978	561	74	1034
4350	-4576	2256	15152	10	0	10	0	0	0	0	0	16	0	0	0	0	0	0	95	142	2126	731	121	2075
4351	-4576	2576	15136	10	0	10	0	0	0	0	0	16	0	0	0	0	0	0	95	142	5650	1153	312	2626
4352	-4608	2656	15040	10	0	10	0	0	0	0	0	16	0	0	0	0	0	0	95	142	8790	1626	641	2779
4353	-4592	2560	15376	10	0	10	0	0	0	0	0	16	0	0	0	0	0	0	95	142	8881	1669	740	3134
4354	-4896	2192	15168	10	0	10	0	0	0	0	0	16	0	0	0	0	0	0	95	142	9574	2075	807	3108
4355	-4560	2576	14976	10	0	10	0	0	0	0	0	16	0	0	0	0	0	0	95	142	11246	2193	895	2930
4356	-4576	2608	15168	10	0	10	0	0	0	0	0	16	0	0	0	0	0	0	95	142	11538	2258	988	2466
4357	-4608	2256	14784	10	0	10	0	0	0	0	0	16	0	0	0	0	0	0	95	142	10676	1781	951	1813
4358	-4576	2256	15136	10	0	10	0	0	0	0	0	16	0	0	0	0	0	0	95	142	9553	1622	918	1207
4359	-4880	2256	15152	10	0	10	0	0	0	0	0	16	0	0	0	0	0	0	95	142	6028	1200	727	761
4360	-4576	2240	15136	10	0	10	0	0	0	0	0	16	0	0	0	0	0	0	95	142	2889	727	398	471
4361	-4528	2288	15136	10	0	10	0	0	0	0	0	16	0	8	0	0	0	0	95	142	2799	684	300	290
4362	-4544	2224	15104	10	0	10	0	0	0	0	0	16	0	0	0	0	0	0	95	142	2107	278	233	189
4363	-4608	2224	14816	10	0	10	0	0	0	0	0	16	0	0	0	0	0	1	95	142	435	160	144	156
4364	-4896	2256	15120	10	0	10	0	0	0	0	0	16	0	0	0	0	0	2	95	142	144	94	54	140
4365	-4944	2240	15104	10	0	10	0	0	0	0	0	16	0	0	0	0	0	6	95	142	36	19	22	126
4366	-4944	2224	14832	10	0	10	0	0	0	0	0	20	0	8	0	0	0	26	95	142	11	9	9	112
4367	-4912	2192	15104	10	0	10	0	0	0	0	0	16	0	0	0	0	0	60	95	142	12	9	10	108
4368	-4896	2224	15136	10	0	10	0	0	0	0	0	16	0	0	0	0	0	83	95	142	12	10	11	95
4369	-4928	2208	14832	10	0	10	0	0	0	0	0	16	0	0	0	0	0	84	95	142	12	11	11	81
4370	-4944	2208	15120	10	0	10	0	0	0	0	0	16	0	0	0	0	0	89	95	142	12	11	11	70
4371	-4928	2224	14816	10	0	10	0	0	0	0	0	16	0	8	0	0	1	63	95	142	11	11	11	57
4372	-4944	2224	14816	10	0	10	0	0	0	0	0	16	0	0	0	0	26	1	95	142	10	10	8	46
4373	-4880	2240	14800	10	0	10	0	0	0	0	0	16	0	0	0	0	43	0	95	142	8	5	6	38
4374	-4592	2576	14800	10	0	10	0	0	0	0	0	16	0	0	0	0	47	0	95	142	8	5	5	33
4375	-4592	2288	15104	10	0	10	0	0	0	0	0	16	1	0	0	0	66	0	95	142	6	3	4	30
4376	-4912	2240	14784	10	0	10	0	0	0	0	0	16	0	0	0	0	88	0	95	142	6	2	3	30
4377	-4576	2256	15120	10	0	10	0	0	0	0	0	16	0	0	0	0	96	0	95	142	6	1	3	31
4378	-4544	2240	15152	10	0	10	0	0	0	0	0	16	0	0	0	0	94	0	95	142	4	1	3	28
4379	-4576	2256	15168	10	0	10	0	0	0	0	0	16	0	0	0	0	92	0	95	142	4	1	3	26
4380	-4928	2240	15120	10	0	10	0	0	0	0	0	16	0	0	0	0	85	0	95	142	3	1	3	28
4381	-4896	2208	14816	10	0	10	0	0	0	0	0	16	0	0	0	0	57	0	95	142	2	1	3	30
4382	-4912	2208	15104	10	0	10	0	0	0	0	0	16	0	0	0	0	23	0	95	142	2	1	2	27
4383	-4608	2400	14816	10	0	10	0	0	0	0	0	16	0	0	0	0	9	0	95	142	1	1	2	26
4384	-4560	2416	14816	10	0	10	0	0	0	0	0	16	0	0	0	0	6	0	95	142	1	1	2	23
4385	-4608	2192	14816	10	0	10	0	0	0	0	0	16	0	0	0	0	4	0	95	142	1	1	2	24
4386	-4592	2224	15104	10	0	10	0	0	0	0	0	16	0	0	0	0	4	0	95	142	1	1	2	22
4387	-4880	2240	15104	10	0	10	0	0	0	0	0	16	0	0	0	2	4	0	95	142	1	1	2	23
4388	-4896	2208	14832	10	0	10	0	0	0	0	0	16	0	0	0	1	0	0	95	142	1	1	2	23
4389	-4896	2208	15104	10	0	10	0	0	0	0	0	16	0	0	0	0	0	0	95	142	2	1	3	23
4390	-4608	2240	14816	10	0	10	0	0	0	0	0	16	0	0	0	0	0	0	95	142	2	1	3	22
4391	-4592	2224	14800	10	0	10	0	0	0	0	0	16	0	0	0	0	0	0	95	142	2	1	3	21
4392	-4608	2176	14800	10	0	10	0	0	0	0	0	16	0	0	0	0	0	0	95	142	3	1	3	21
4393	-4880	2208	15104	10	0	10	0	0	0	0	0	16	0	0	0	0	0	0	95	142	2	1	3	24
4394	-4928	2240	14832	10	0	10	0	0	0	0	0	16	0	0	0	0	0	0	95	142	2	1	3	27
4395	-4896	2272	14816	10	0	10	0	0	0	0	0	16	0	0	0	0	0	0	95	142	3	1	3	27
4396	-4912	2240	14800	10	0	10	0	0	0	0	0	16	0	0	0	0	0	0	95	142	3	1	3	29
4397	-4896	2224	15136	10	0	10	0	0	0	0	0	16	0	0	0	0	0	0	95	142	3	1	3	30
4398	-4912	2176	15104	10	0	10	0	0	0	0	0	16	0	0	0	0	0	0	95	142	4	1	3	33
4399	-4896	2416	15152	10	0	10	0	0	0	0	0	16	0	0	0	0	0	0	95	142	4	1	3	32
4400	-4880	2416	15104	10	0	10	0	0	0	0	0	16	0	0	0	0	0	0	95	142	4	1	3	29
4401	-4880	2208	15120	10	0	10	0	0	0	0	0	16	0	0	0	0	0	0	95	142	5	1	3	26
4402	-4912	2176	15152	10	0	10	0	0	0	0	0	16	0	0	0	0	0	0	95	142	5	1	4	25
4403	-4912	2192	15120	10	0	10	0	0	0	0	0	16	0	0	0	0	0	0	95	142	5	1	4	25
4404	-4528	2592	14832	10	0	10	0	0	0	0	0	16	0	0	0	0	0	0	95	142	5	1	3	25
4405	-4544	2560	15120	10	0	10	0	0	0	0	0	16	0	0	0	0	0	0	95	142	6	1	4	22
4406	-4560	2272	15120	10	0	10	0	0	0	0	0	16	0	0	0	0	0	0	95	142	5	1	4	21
4407	-4592	2560	15120	10	0	10	0	0	0	0	0	16	0	0	0	0	0	0	95	142	6	1	4	42
4408	-4944	2560	15152	10	0	10	0	0	0	0	0	16	0	0	0	0	0	0	95	142	6	2	6	1592
4409	-4976	2624	14832	10	0	10	0	0	0	0	0	16	0	0	0	0	0	0	95	142	173	63	44	2547
4410	-4944	2256	14784	10	0	10	0	0	0	0	0	16	0	0	0	0	0	0	95	142	1406	1044	241	2714
4411	-4912	2592	14736	10	0	10	0	0	0	0	0	16	0	0	0	0	0	0	95	142	2369	1537	977	2572
4412	-4544	2448	14768	10	0	10	0	0	0	0	0	16	0	0	0	0	0	0	95	142	2745	1698	1177	3220
4413	-4592	2848	15120	10	0	10	0	0	0	0	0	16	0	0	0	0	0	0	95	142	2800	1913	1410	4160
4414	-4736	2512	15168	10	0	10	0	0	0	0	0	16	0	0	0	0	0	0	95	142	2834	2094	1598	4679
4415	-4576	2608	14768	10	0	10	0	0	0	0	0	16	0	0	0	0	0	0	95	142	2967	2134	1646	4919
4416	-4496	2576	14800	10	0	10	0	0	0	0	0	16	0	0	0	0	0	0	95	142	7184	5815	4968	4960
4417	-4592	2560	15120	10	0	10	0	0	0	0	0	16	0	0	0	0	0	0	95	142	10484	8466	7993	4333
4418	-4592	2272	15120	10	0	10	0	0	0	0	0	16	0	0	0	0	0	0	95	142	9252	7494	7818	3153
4419	-4608	2560	15136	10	0	10	0	0	0	0	0	16	0	0	0	0	0	0	95	142	8290	7003	7091	2077
4420	-4912	2592	14784	10	0	10	0	0	0	0	0	16	0	0	0	0	0	0	95	142	7915	6843	6891	1295
4421	-4944	2592	14720	10	0	10	0	0	0	0	0	16	0	0	0	0	0	0	95	142	7859	6628	6658	789
4422	-4928	2256	14736	10	0	10	0	0	0	0	0	16	0	8	0	0	0	0	95	142	7826	6447	6470	488
4423	-4928	2208	14784	10	0	10	0	0	0	0	0	16	0	0	0	0	0	0	95	142	7694	6411	6430	314
4424	-4880	2224	14816	10	0	10	0	0	0	0	0	16	0	0	0	0	0	0	95	142	3479	2730	3109	215
4425	-4944	2192	15104	10	0	10	0	0	0	0	0	16	0	0	0	0	0	2	95	142	13	22	49	157
4426	-4896	2384	15120	10	0	10	0	0	0	0	0	16	0	0	0	0	0	32	95	142	12	15	31	119
4427	-4608	2384	15136	10	0	10	0	0	0	0	0	20	0	8	0	0	0	49	95	142	12	12	22	87
4428	-4944	2416	15152	10	0	10	0	0	0	0	0	16	0	0	0	0	0	54	95	142	11	12	22	68
4429	-4912	2256	14832	10	0	10	0	0	0	0	0	16	0	0	0	0	0	84	95	142	12	12	21	54
4430	-4576	2224	14800	10	0	10	0	0	0	0	0	16	0	0	0	0	0	47	95	142	13	13	21	42
4431	-4928	2416	14784	10	0	10	0	0	0	0	0	16	0	0	0	0	1	1	95	142	11	9	14	35
4432	-4960	2208	14800	10	0	10	0	0	0	0	0	16	0	8	0	0	38	8	95	142	7	8	11	31
4433	-4944	2240	14816	10	0	10	0	0	0	0	0	16	0	0	0	0	46	0	95	142	7	5	8	29
4434	-4896	2192	14832	10	0	10	0	0	0	0	0	16	1	0	0	0	67	0	95	142	6	3	4	27
4435	-4880	2384	14832	10	0	10	0	0	0	0	0	16	0	0	0	0	96	0	95	142	5	2	3	24
4436	-4608	2208	14784	10	0	10	0	0	0	0	0	16	0	0	0	0	98	0	95	142	5	2	4	22
4437	-4592	2400	14816	10	0	10	0	0	0	0	0	16	0	0	0	0	98	0	95	142	4	1	4	20
4438	-4592	2224	14832	10	0	10	0	0	0	0	0	16	0	0	0	0	97	0	95	142	4	1	4	18
4439	-4560	2208	15104	10	0	10	0	0	0	0	0	16	0	0	0	0	96	0	95	142	4	1	4	17
4440	-4560	2224	15136	10	0	10	0	0	0	0	0	16	0	0	0	0	89	0	95	142	4	1	4	17
4441	-4608	2176	14800	10	0	10	0	0	0	0	0	16	0	0	0	0	62	0	95	142	4	1	4	21
4442	-4928	2224	14832	10	0	10	0	0	0	0	0	16	0	0	0	0	52	0	95	142	4	1	4	22
4443	-4912	2256	14816	10	0	10	0	0	0	0	0	16	0	0	0	0	42	0	95	142	4	1	4	21
4444	-4560	2272	14800	10	0	10	0	0	0	0	0	16	0	0	0	0	16	0	95	142	3	1	4	21
4445	-4528	2272	14832	10	0	10	0	0	0	0	0	16	0	0	0	0	14	0	95	142	4	1	4	24
4446	-4592	2224	14832	10	0	10	0	0	0	0	0	16	0	0	0	18	19	0	95	142	3	1	4	24
4447	-4592	2208	14832	10	0	10	0	0	0	0	0	16	0	0	0	7	20	0	95	142	3	1	4	23
4448	-4608	2192	15136	10	0	10	0	0	0	0	0	16	0	0	0	0	3	0	95	142	3	1	3	24
4449	-4912	2352	15168	10	0	10	0	0	0	0	0	16	0	0	0	0	0	0	95	142	3	1	3	27
4450	-4944	2176	15152	10	0	10	0	0	0	0	0	16	0	0	0	0	1	0	95	142	2	1	3	29
4451	-4912	2400	15136	10	0	10	0	0	0	0	0	16	0	0	0	0	1	0	95	142	3	1	3	28
4452	-4880	2208	15104	10	0	10	0	0	0	0	0	16	0	0	0	0	0	0	95	142	3	1	3	25
4453	-4880	2240	14832	10	0	10	0	0	0	0	0	16	0	0	0	0	0	0	95	142	2	1	3	25
4454	-4880	2208	15120	10	0	10	0	0	0	0	0	16	0	0	0	0	0	0	95	142	2	1	3	24
4455	-4912	2224	14784	10	0	10	0	0	0	0	0	16	0	0	0	0	0	0	95	142	3	1	3	22
4456	-4880	2240	15104	10	0	10	0	0	0	0	0	16	0	0	0	0	0	0	95	142	3	1	3	21
4457	-4896	2192	14832	10	0	10	0	0	0	0	0	16	0	0	0	0	0	0	95	142	3	1	3	19
4458	-4880	2240	14832	10	0	10	0	0	0	0	0	16	0	0	0	0	0	0	95	142	4	1	3	21
4459	-4608	2224	14816	10	0	10	0	0	0	0	0	16	0	0	0	0	0	0	95	142	4	1	3	23
4460	-4896	2240	14816	10	0	10	0	0	0	0	0	16	0	0	0	0	0	0	95	142	4	1	3	22
4461	-4912	2400	14800	10	0	10	0	0	0	0	0	16	0	0	0	0	0	0	95	142	4	1	3	22
4462	-4896	2240	14816	10	0	10	0	0	0	0	0	16	0	0	0	0	0	0	95	142	4	1	3	20
4463	-4880	2176	14816	10	0	10	0	0	0	0	0	16	0	0	0	0	0	0	95	142	4	1	3	21
4464	-4608	2400	15104	10	0	10	0	0	0	0	0	16	0	0	0	0	0	0	95	142	3	1	3	26
4465	-4592	2416	15136	10	0	10	0	0	0	0	0	16	0	0	0	0	0	0	95	142	3	1	3	503
4466	-4960	2240	15184	10	0	10	0	0	0	0	0	16	0	0	0	0	0	0	95	142	17	9	17	942
4467	-4784	2224	15216	10	0	10	0	0	0	0	0	16	0	0	0	0	0	0	95	142	2032	511	516	1352
4468	-4752	2208	15168	10	0	10	0	0	0	0	0	16	0	0	0	0	0	0	95	142	2518	2305	2010	2312
4469	-4752	2336	14992	10	0	10	0	0	0	0	0	16	0	0	0	0	0	0	95	142	2572	3391	3127	3234
4470	-4880	2192	14976	10	0	10	0	0	0	0	0	16	0	0	0	0	0	0	95	142	2595	3421	3196	3394
4471	-4512	2240	15152	10	0	10	0	0	0	0	0	16	0	0	0	0	0	0	95	142	3848	4355	5443	3615
4472	-4720	2640	14816	10	0	10	0	0	0	0	0	16	0	0	0	0	0	0	95	142	5116	4793	5651	4304
4473	-4512	2272	14832	10	0	10	0	0	0	0	0	16	0	0	0	0	0	0	95	142	5123	4865	5767	4028
4474	-4576	2288	14768	10	0	10	0	0	0	0	0	16	0	0	0	0	0	0	95	142	8461	13019	10958	3977
4475	-4576	2272	14768	10	0	10	0	0	0	0	0	16	0	0	0	0	0	0	95	142	6449	12579	10527	3309
4476	-4544	2560	14816	10	0	10	0	0	0	0	0	16	0	0	0	0	0	0	95	142	6085	12884	12325	2469
4477	-4576	2560	14768	10	0	10	0	0	0	0	0	16	0	0	0	0	0	0	95	142	6039	12324	11813	1649
4478	-4512	2240	15104	10	0	10	0	0	0	0	0	16	0	0	0	0	0	0	95	142	6017	12295	11745	1038
4479	-4896	2240	14816	10	0	10	0	0	0	0	0	16	0	8	0	0	0	0	95	142	4764	11361	9497	633
4480	-4896	2416	15104	10	0	10	0	0	0	0	0	16	0	0	0	0	0	0	95	142	3497	10923	9290	389
4481	-4896	2176	14832	10	0	10	0	0	0	0	0	16	0	0	0	0	0	0	95	142	3489	10852	9174	248
4482	-4608	2256	15120	10	0	10	0	0	0	0	0	16	0	0	0	0	0	1	95	142	138	2691	3969	181
4483	-4912	2256	15136	10	0	10	0	0	0	0	0	16	0	0	0	0	0	6	95	142	135	2629	3905	153
4484	-4944	2288	15136	10	0	10	0	0	0	0	0	20	0	8	0	0	0	25	95	142	16	559	632	136
4485	-4928	2240	14800	10	0	10	0	0	0	0	0	16	0	0	0	0	0	34	95	142	8	38	33	118
4486	-4896	2224	14800	10	0	10	0	0	0	0	0	16	0	0	0	0	0	36	95	142	7	40	34	105
4487	-4880	2272	15136	10	0	10	0	0	0	0	0	16	0	0	0	0	0	65	95	142	9	41	35	89
4488	-4880	2224	15120	10	0	10	0	0	0	0	0	16	0	0	0	0	0	56	95	142	9	43	35	71
4489	-4896	2208	15104	10	0	10	0	0	0	0	0	16	0	8	0	0	3	20	95	142	8	42	35	60
4490	-4912	2400	14832	10	0	10	0	0	0	0	0	16	0	0	0	0	33	13	95	142	8	42	34	49
4491	-4880	2176	14816	10	0	10	0	0	0	0	0	16	0	0	0	0	45	0	95	142	7	41	31	41
4492	-4896	2192	14800	10	0	10	0	0	0	0	0	16	1	0	0	0	65	0	95	142	4	13	12	37
4493	-4912	2416	14784	10	0	10	0	0	0	0	0	16	0	0	0	0	89	0	95	142	4	7	5	34
4494	-4896	2240	14832	10	0	10	0	0	0	0	0	16	0	0	0	0	97	0	95	142	3	4	4	33
4495	-4896	2224	15152	10	0	10	0	0	0	0	0	16	0	0	0	0	97	0	95	142	3	3	4	29
4496	-4896	2224	15120	10	0	10	0	0	0	0	0	16	0	0	0	0	96	0	95	142	3	1	3	26
4497	-4928	2208	14832	10	0	10	0	0	0	0	0	16	0	0	0	0	93	0	95	142	4	1	3	25
4498	-4896	2384	15136	10	0	10	0	0	0	0	0	16	0	0	0	0	82	0	95	142	4	1	3	23
4499	-4576	2416	14784	10	0	10	0	0	0	0	0	16	0	0	0	0	66	0	95	142	4	1	3	23
4500	-4608	2400	14800	10	0	10	0	0	0	0	0	16	0	0	0	0	55	0	95	142	4	1	3	24
4501	-4880	2416	15104	10	0	10	0	0	0	0	0	16	0	0	0	0	40	0	95	142	3	1	3	23
4502	-4880	2192	14832	10	0	10	0	0	0	0	0	16	0	0	0	0	20	0	95	142	3	1	2	22
4503	-4608	2176	14832	10	0	10	0	0	0	0	0	16	0	0	0	0	16	0	95	142	3	1	3	20
4504	-4880	2208	14800	10	0	10	0	0	0	0	0	16	0	0	0	22	21	0	95	142	2	1	3	20
4505	-4608	2256	15104	10	0	10	0	0	0	0	0	16	0	0	0	26	23	0	95	142	2	1	3	25
4506	-4880	2192	15136	10	0	10	0	0	0	0	0	16	0	0	0	6	2	0	95	142	3	1	3	27
4507	-4608	2240	15152	10	0	10	0	0	0	0	0	16	0	0	0	0	1	0	95	142	3	1	3	25
4508	-4576	2192	15104	10	0	10	0	0	0	0	0	16	0	0	0	0	0	0	95	142	3	1	3	26
4509	-4544	2208	15104	10	0	10	0	0	0	0	0	16	0	0	0	0	1	0	95	142	3	1	4	27
4510	-4608	2416	15120	10	0	10	0	0	0	0	0	16	0	0	0	0	0	0	95	142	4	1	4	26
4511	-4560	2208	14832	10	0	10	0	0	0	0	0	16	0	0	0	0	0	0	95	142	4	1	3	25
4512	-4608	2224	15152	10	0	10	0	0	0	0	0	16	0	0	0	0	0	0	95	142	5	1	3	23
4513	-4896	2192	15168	10	0	10	0	0	0	0	0	16	0	0	0	0	0	0	95	142	5	1	3	23
4514	-4880	2208	15152	10	0	10	0	0	0	0	0	16	0	0	0	0	0	0	95	142	3	1	3	22
4515	-4608	2192	15120	10	0	10	0	0	0	0	0	16	0	0	0	0	0	0	95	142	3	1	3	20
4516	-4608	2416	15104	10	0	10	0	0	0	0	0	16	0	0	0	0	0	0	95	142	3	1	3	21
4517	-4608	2176	14832	10	0	10	0	0	0	0	0	16	0	0	0	0	0	0	95	142	3	1	3	24
4518	-4896	2256	15136	10	0	10	0	0	0	0	0	16	0	0	0	0	0	0	95	142	3	1	3	24
4519	-4896	2256	14832	10	0	10	0	0	0	0	0	16	0	0	0	0	0	0	95	142	3	1	2	24
4520	-4912	2208	15120	10	0	10	0	0	0	0	0	16	0	0	0	0	0	0	95	142	2	1	2	22
4521	-4944	2208	15152	10	0	10	0	0	0	0	0	16	0	0	0	0	0	0	95	142	2	1	2	21
4522	-4928	2240	15168	10	0	10	0	0	0	0	0	16	0	0	0	0	0	0	95	142	3	1	2	19
4523	-4608	2224	15104	10	0	10	0	0	0	0	0	16	0	0	0	0	0	0	95	142	2	1	2	21
4524	-4896	2192	15120	10	0	10	0	0	0	0	0	16	0	0	0	0	0	0	95	142	2	1	2	21
4525	-4880	2192	15168	10	0	10	0	0	0	0	0	16	0	0	0	0	0	0	95	142	2	1	2	20
4526	-4608	2176	15168	10	0	10	0	0	0	0	0	16	0	0	0	0	0	0	95	142	2	1	2	37
4527	-4896	2416	15168	10	0	10	0	0	0	0	0	16	0	0	0	0	0	0	95	142	3	1	2	201
4528	-4576	2192	15120	10	0	10	0	0	0	0	0	16	0	0	0	0	0	0	95	142	28	17	19	988
4529	-4544	2320	15152	10	0	10	0	0	0	0	0	16	0	0	0	0	0	0	95	142	83	115	249	1955
4530	-4704	2336	15104	10	0	10	0	0	0	0	0	16	0	0	0	0	0	0	95	142	232	476	552	1802
4531	-4560	2368	14784	10	0	10	0	0	0	0	0	16	0	0	0	0	0	0	95	142	269	518	607	1602
4532	-4912	2192	14736	10	0	10	0	0	0	0	0	16	0	0	0	0	0	0	95	142	310	745	1063	2078
4533	-4944	2368	14928	10	0	10	0	0	0	0	0	16	0	0	0	0	0	0	95	142	5123	3968	3251	2727
4534	-4960	2416	14928	10	0	10	0	0	0	0	0	16	0	0	0	0	0	0	95	142	10837	7157	7078	3151
4535	-4976	2272	14912	10	0	10	0	0	0	0	0	16	0	0	0	0	0	0	95	142	14201	8007	7596	3033
4536	-4992	2576	14752	10	0	10	0	0	0	0	0	16	0	0	0	0	0	0	95	142	14378	10656	11326	2789
4537	-4944	2288	14880	10	0	10	0	0	0	0	0	16	0	0	0	0	0	0	95	142	14538	11951	13787	2840
4538	-4928	2288	14928	10	0	10	0	0	0	0	0	16	0	0	0	0	0	0	95	142	15156	13290	14689	2427
4539	-4912	2240	14752	10	0	10	0	0	0	0	0	16	0	0	0	0	0	0	95	142	15233	13297	14654	1756
4540	-4960	2224	14784	10	0	10	0	0	0	0	0	16	0	0	0	0	0	0	95	142	15197	13080	14212	1177
4541	-4944	2208	15120	10	0	10	0	0	0	0	0	16	0	0	0	0	0	0	95	142	10387	9866	12043	796
4542	-4976	2384	15104	10	0	10	0	0	0	0	0	16	0	0	0	0	0	0	95	142	4678	6735	8244	553
4543	-4944	2176	14832	10	0	10	0	0	0	0	0	16	0	8	0	0	0	0	95	142	1318	5912	7744	406
4544	-4576	2208	15120	10	0	10	0	0	0	0	0	16	0	0	0	0	0	0	95	142	1116	3275	4076	343
4545	-4912	2400	14832	10	0	10	0	0	0	0	0	16	0	0	0	0	0	0	95	142	909	1910	1455	660
4546	-4992	2224	14816	10	0	10	0	0	0	0	0	16	0	0	0	0	0	7	95	142	180	370	285	679
4547	-4976	2416	14832	10	0	10	0	0	0	0	0	16	0	0	0	0	0	19	95	142	84	379	388	552
4548	-4960	2240	14800	10	0	10	0	0	0	0	0	20	0	8	0	0	0	35	95	142	80	377	387	387
4549	-4912	2192	14800	10	0	10	0	0	0	0	0	16	0	0	0	0	0	14	95	142	77	368	369	255
4550	-4912	2256	14832	10	0	10	0	0	0	0	0	16	0	0	0	0	0	6	95	142	72	310	340	165
4551	-4912	2240	14816	10	0	10	0	0	0	0	0	16	0	0	0	0	0	1	95	142	68	283	323	108
4552	-4896	2208	14800	10	0	10	0	0	0	0	0	16	0	0	0	0	7	2	95	142	67	255	244	72
4553	-4608	2192	14800	10	0	10	0	0	0	0	0	16	0	0	0	0	35	0	95	142	60	228	174	55
4554	-4880	2240	14800	10	0	10	0	0	0	0	0	16	1	0	0	0	52	0	95	142	22	68	139	47
4555	-4912	2208	14752	10	0	10	0	0	0	0	0	16	0	8	0	0	87	0	95	142	4	10	17	43
4556	-4944	2400	14768	10	0	10	0	0	0	0	0	16	0	0	0	0	98	0	95	142	3	2	3	44
4557	-4592	2208	14768	10	0	10	0	0	0	0	0	16	0	0	0	0	98	0	95	142	4	2	3	53
4558	-4912	2416	14784	10	0	10	0	0	0	0	0	16	0	0	0	0	97	0	95	142	3	2	4	56
4559	-4896	2400	14736	10	0	10	0	0	0	0	0	16	0	0	0	0	96	0	95	142	4	3	4	54
4560	-4880	2176	14784	10	0	10	0	0	0	0	0	20	0	8	0	0	93	0	95	142	4	4	4	49
4561	-4880	2176	14832	10	0	10	0	0	0	0	0	16	0	0	0	0	78	0	95	142	4	4	4	42
4562	-4912	2224	14816	10	0	10	0	0	0	0	0	16	0	0	0	0	70	0	95	142	4	4	4	40
4563	-4576	2272	14832	10	0	10	0	0	0	0	0	16	0	0	0	0	53	0	95	142	4	4	4	38
4564	-4592	2256	14816	10	0	10	0	0	0	0	0	16	0	0	0	0	50	0	95	142	4	4	4	36
4565	-4576	2272	15120	10	0	10	0	0	0	0	0	16	0	0	0	0	46	0	95	142	4	4	4	32
4566	-4608	2256	14832	10	0	10	0	0	0	0	0	16	0	0	0	11	61	0	95	142	4	3	4	30
4567	-4928	2208	14800	10	0	10	0	0	0	0	0	16	0	0	0	48	61	0	95	142	5	2	3	27
4568	-4576	2240	14816	10	0	10	0	0	0	0	0	16	0	0	0	50	28	0	95	142	4	2	3	27
4569	-4592	2224	15120	10	0	10	0	0	0	0	0	16	0	0	0	54	7	0	95	142	4	2	3	27
4570	-4576	2224	15104	10	0	10	0	0	0	0	0	16	4	0	0	2	6	0	125	142	4	1	3	25
4571	-4608	2240	15104	10	0	10	0	0	0	0	0	16	0	0	0	0	3	0	95	142	4	1	3	24
4572	-4896	2416	15104	10	0	10	0	0	0	0	0	16	0	0	0	0	3	0	95	142	4	1	3	22
4573	-4880	2192	14800	10	0	10	0	0	0	0	0	16	0	0	0	0	0	0	95	142	4	1	3	22
4574	-4608	2208	14784	10	0	10	0	0	0	0	0	16	0	0	0	0	0	0	95	142	3	1	3	21
4575	-4592	2416	14832	10	0	10	0	0	0	0	0	16	0	0	0	0	0	0	95	142	3	1	3	20
4576	-4880	2176	14816	10	0	10	0	0	0	0	0	16	0	0	0	0	0	0	95	142	3	1	3	20
4577	-4880	2224	14800	10	0	10	0	0	0	0	0	16	0	0	0	0	0	0	95	142	3	1	3	19
4578	-4576	2224	15104	10	0	10	0	0	0	0	0	16	0	0	0	0	0	0	95	142	4	1	3	20
4579	-4592	2288	15104	10	0	10	0	0	0	0	0	16	0	0	0	0	0	0	95	142	4	1	3	19
4580	-4608	2416	15120	10	0	10	0	0	0	0	0	16	0	0	0	0	0	0	95	142	4	1	3	20
4581	-4896	2176	15152	10	0	10	0	0	0	0	0	16	0	0	0	0	0	0	95	142	4	1	3	20
4582	-4928	2192	15152	10	0	10	0	0	0	0	0	16	0	0	0	0	0	0	95	142	3	1	3	22
4583	-4944	2192	15168	10	0	10	0	0	0	0	0	16	0	0	0	0	0	0	95	142	3	1	3	22
4584	-4928	2256	15120	10	0	10	0	0	0	0	0	16	0	0	0	0	0	0	95	142	3	1	3	19
4585	-4608	2272	14816	10	0	10	0	0	0	0	0	16	0	0	0	0	0	0	95	142	3	1	3	21
4586	-4928	2224	14816	10	0	10	0	0	0	0	0	16	0	0	0	0	0	0	95	142	4	1	3	21
4587	-4912	2208	14784	10	0	10	0	0	0	0	0	16	0	0	0	0	0	0	95	142	4	1	3	22
4588	-4944	2208	15152	10	0	10	0	0	0	0	0	16	0	0	0	0	0	0	95	142	3	1	3	22
4589	-4608	2240	15184	10	0	10	0	0	0	0	0	16	0	0	0	0	0	0	95	142	4	1	2	22
4590	-4528	2256	14816	10	0	10	0	0	0	0	0	16	0	0	0	0	0	0	95	142	4	1	3	23
4591	-4592	2256	14816	10	0	10	0	0	0	0	0	16	0	0	0	0	0	0	95	142	4	1	3	698
4592	-4560	2608	14976	10	0	10	0	0	0	0	0	16	0	0	0	0	0	0	95	142	2200	553	390	2026
4593	-4880	2400	14800	10	0	10	0	0	0	0	0	16	0	0	0	0	0	0	95	142	5187	833	581	3165
4594	-4944	2368	14800	10	0	10	0	0	0	0	0	16	0	0	0	0	0	0	95	142	5563	894	614	4067
4595	-4912	2192	15200	10	0	10	0	0	0	0	0	16	0	0	0	0	0	0	95	142	5991	1167	730	4335
4596	-4592	2240	14832	10	0	10	0	0	0	0	0	16	0	0	0	0	0	0	95	142	6820	1579	1116	4230
4597	-4592	2272	15136	10	0	10	0	0	0	0	0	16	0	0	0	0	0	0	95	142	6863	1603	1154	4201
4598	-4544	2592	14976	10	0	10	0	0	0	0	0	16	0	0	0	0	0	0	95	142	13615	3549	1313	4051
4599	-4592	2624	15216	10	0	10	0	0	0	0	0	16	0	0	0	0	0	0	95	142	15141	3683	1453	3583
4600	-4592	2592	15024	10	0	10	0	0	0	0	0	16	0	0	0	0	0	0	95	142	13284	3210	1142	3102
4601	-4896	2560	15184	10	0	10	0	0	0	0	0	16	0	0	0	0	0	0	95	142	10463	3006	1023	2718
4602	-4608	2608	14992	10	0	10	0	0	0	0	0	16	0	0	0	0	0	0	95	142	10588	3077	1037	2054
4603	-4896	2272	15136	10	0	10	0	0	0	0	0	16	0	0	0	0	0	0	95	142	10169	2808	934	1385
4604	-4608	2192	15168	10	0	10	0	0	0	0	0	16	0	8	0	0	0	0	95	142	9340	2396	548	876
4605	-4896	2240	15120	10	0	10	0	0	0	0	0	16	0	0	0	0	0	0	95	142	9295	2372	510	536
4606	-4880	2400	14816	10	0	10	0	0	0	0	0	16	0	0	0	0	0	0	95	142	2545	426	351	323
4607	-4560	2368	14784	10	0	10	0	0	0	0	0	16	0	0	0	0	0	0	95	142	1018	292	210	221
4608	-4560	2208	14832	10	0	10	0	0	0	0	0	16	0	0	0	0	0	1	95	142	679	212	135	154
4609	-4576	2416	14800	10	0	10	0	0	0	0	0	20	0	8	0	0	0	18	95	142	515	138	62	118
4610	-4608	2176	15136	10	0	10	0	0	0	0	0	16	0	0	0	0	0	40	95	142	15	6	16	103
4611	-4896	2256	14816	10	0	10	0	0	0	0	0	16	0	0	0	0	0	43	95	142	7	3	4	97
4612	-4592	2240	14784	10	0	10	0	0	0	0	0	16	0	0	0	0	0	66	95	142	8	4	4	95
4613	-4592	2272	15104	10	0	10	0	0	0	0	0	16	0	0	0	0	0	75	95	142	10	5	5	91
4614	-4560	2256	15120	10	0	10	0	0	0	0	0	16	0	8	0	0	0	32	95	142	12	8	5	95
4615	-4896	2240	15120	10	0	10	0	0	0	0	0	16	0	0	0	0	12	19	95	142	13	9	6	97
4616	-4608	2176	15136	10	0	10	0	0	0	0	0	16	0	0	0	0	43	2	95	142	15	9	6	88
4617	-4608	2208	14832	10	0	10	0	0	0	0	0	16	0	0	0	0	47	0	95	142	13	9	6	75
4618	-4608	2240	14832	10	0	10	0	0	0	0	0	16	1	0	0	0	85	0	95	142	11	8	6	69
4619	-4592	2176	15104	10	0	10	0	0	0	0	0	16	0	0	0	0	98	0	95	142	11	8	5	66
4620	-4608	2208	14800	10	0	10	0	0	0	0	0	16	0	0	0	0	98	0	95	142	12	7	5	63
4621	-4576	2240	14832	10	0	10	0	0	0	0	0	16	0	0	0	0	97	0	95	142	10	7	5	59
4622	-4576	2208	15120	10	0	10	0	0	0	0	0	16	0	0	0	0	97	0	95	142	9	4	4	54
4623	-4592	2208	15136	10	0	10	0	0	0	0	0	16	0	0	0	0	93	0	95	142	9	4	3	51
4624	-4592	2400	14816	10	0	10	0	0	0	0	0	16	0	0	0	0	78	0	95	142	7	3	3	46
4625	-4592	2416	14800	10	0	10	0	0	0	0	0	16	0	0	0	0	66	0	95	142	7	3	3	41
4626	-4576	2208	14800	10	0	10	0	0	0	0	0	16	0	0	0	0	53	0	95	142	7	3	3	36
4627	-4880	2192	14832	10	0	10	0	0	0	0	0	16	0	0	0	0	33	0	95	142	7	3	3	31
4628	-4944	2224	15136	10	0	10	0	0	0	0	0	16	0	0	0	0	17	0	95	142	6	2	3	27
4629	-4608	2560	15168	10	0	10	0	0	0	0	0	16	0	0	0	1	26	0	95	142	5	2	3	24
4630	-4896	2208	15120	10	0	10	0	0	0	0	0	16	0	0	0	7	31	0	95	142	4	2	3	22
4631	-4896	2240	15104	10	0	10	0	0	0	0	0	16	0	0	0	6	18	0	95	142	3	1	3	19
4632	-4608	2272	15136	10	0	10	0	0	0	0	0	16	0	0	0	0	2	0	95	142	3	1	3	18
4633	-4896	2240	15136	10	0	10	0	0	0	0	0	16	0	0	0	0	2	0	95	142	3	1	3	17
4634	-4592	2208	15120	10	0	10	0	0	0	0	0	16	0	0	0	0	1	0	95	142	3	1	3	18
4635	-4528	2224	14816	10	0	10	0	0	0	0	0	16	0	0	0	0	2	0	95	142	2	1	3	19
4636	-4592	2192	15104	10	0	10	0	0	0	0	0	16	0	0	0	0	0	0	95	142	2	1	3	17
4637	-4880	2208	15152	10	0	10	0	0	0	0	0	16	0	0	0	0	0	0	95	142	3	1	3	16
4638	-4880	2192	15104	10	0	10	0	0	0	0	0	16	0	0	0	0	0	0	95	142	3	1	3	17
4639	-4560	2240	15104	10	0	10	0	0	0	0	0	16	0	0	0	0	0	0	95	142	3	1	3	18
4640	-4896	2192	14832	10	0	10	0	0	0	0	0	16	0	0	0	0	0	0	95	142	4	1	3	21
4641	-4560	2208	15104	10	0	10	0	0	0	0	0	16	0	0	0	0	0	0	95	142	4	1	3	21
4642	-4560	2256	15120	10	0	10	0	0	0	0	0	16	0	0	0	0	0	0	95	142	4	1	3	21
4643	-4576	2192	14816	10	0	10	0	0	0	0	0	16	0	0	0	0	0	0	95	142	4	1	3	19
4644	-4576	2192	15104	10	0	10	0	0	0	0	0	16	0	0	0	0	0	0	95	142	4	1	3	19
4645	-4560	2240	14816	10	0	10	0	0	0	0	0	16	0	0	0	0	0	0	95	142	4	1	3	19
4646	-4544	2272	15104	10	0	10	0	0	0	0	0	16	0	0	0	0	0	0	95	142	4	1	3	20
4647	-4560	2224	15168	10	0	10	0	0	0	0	0	16	0	0	0	0	0	0	95	142	3	1	3	21
4648	-4576	2256	15184	10	0	10	0	0	0	0	0	16	0	0	0	0	0	0	95	142	2	1	3	22
4649	-4896	2272	15168	10	0	10	0	0	0	0	0	16	0	0	0	0	0	0	95	142	2	1	3	25
4650	-4592	2208	15104	10	0	10	0	0	0	0	0	16	0	0	0	0	0	0	95	142	3	1	3	36
4651	-4608	2336	14720	10	0	10	0	0	0	0	0	16	0	0	0	0	0	0	95	142	3	4	5	682
4652	-4592	2240	15136	10	0	10	0	0	0	0	0	16	0	0	0	0	0	0	95	142	1819	545	114	1405
4653	-4960	2224	15104	10	0	10	0	0	0	0	0	16	0	0	0	0	0	0	95	142	4776	1333	235	2011
4654	-4912	2336	14800	10	0	10	0	0	0	0	0	16	0	0	0	0	0	0	95	142	6225	1531	305	2592
4655	-4928	2384	14848	10	0	10	0	0	0	0	0	16	0	0	0	0	0	0	95	142	6252	1552	319	2462
4656	-4576	2240	15168	10	0	10	0	0	0	0	0	16	0	0	0	0	0	0	95	142	6372	1593	351	2448
4657	-4576	2416	14768	10	0	10	0	0	0	0	0	16	0	0	0	0	0	0	95	142	6618	1776	388	2335
4658	-4912	2304	14944	10	0	10	0	0	0	0	0	16	0	0	0	0	0	0	95	142	7857	1906	453	2451
4659	-4608	2192	15168	10	0	10	0	0	0	0	0	16	0	0	0	0	0	0	95	142	8397	2141	609	2529
4660	-4960	2176	14736	10	0	10	0	0	0	0	0	16	0	0	0	0	0	0	95	142	6594	1650	544	2299
4661	-4960	2416	14912	10	0	10	0	0	0	0	0	16	0	0	0	0	0	0	95	142	4346	934	460	1945
4662	-4944	2192	14800	10	0	10	0	0	0	0	0	16	0	0	0	0	0	0	95	142	3086	793	414	1402
4663	-4896	2272	15120	10	0	10	0	0	0	0	0	16	0	0	0	0	0	0	95	142	3061	774	402	926
4664	-4560	2224	15136	10	0	10	0	0	0	0	0	16	0	8	0	0	0	0	95	142	2941	733	370	583
4665	-4896	2192	15120	10	0	10	0	0	0	0	0	16	0	0	0	0	0	0	95	142	2696	550	333	358
4666	-4576	2208	15136	10	0	10	0	0	0	0	0	16	0	0	0	0	0	0	95	142	1457	420	268	218
4667	-4592	2256	15104	10	0	10	0	0	0	0	0	16	0	0	0	0	0	0	95	142	917	183	110	137
4668	-4896	2256	15120	10	0	10	0	0	0	0	0	16	0	0	0	0	0	3	95	142	902	132	66	89
4669	-4880	2240	15168	10	0	10	0	0	0	0	0	20	0	8	0	0	0	35	95	142	194	59	29	60
4670	-4608	2272	15216	10	0	10	0	0	0	0	0	16	0	0	0	0	0	54	95	142	5	3	5	44
4671	-4544	2224	15168	10	0	10	0	0	0	0	0	16	0	0	0	0	0	71	95	142	5	1	3	35
4672	-4592	2256	15152	10	0	10	0	0	0	0	0	16	0	0	0	0	0	84	95	142	5	1	3	32
4673	-4592	2288	15136	10	0	10	0	0	0	0	0	16	0	0	0	0	0	88	95	142	4	1	3	28
4674	-4576	2560	15152	10	0	10	0	0	0	0	0	16	0	8	0	0	0	21	95	142	5	1	3	26
4675	-4928	2240	15104	10	0	10	0	0	0	0	0	16	0	0	0	0	25	11	95	142	4	1	3	27
4676	-4880	2224	15216	10	0	10	0	0	0	0	0	16	0	0	0	0	44	0	95	142	4	1	3	28
4677	-4896	2240	15104	10	0	10	0	0	0	0	0	16	0	0	0	0	48	0	95	142	3	1	2	28
4678	-4896	2288	14832	10	0	10	0	0	0	0	0	16	1	0	0	0	79	0	95	142	4	1	3	26
4679	-4912	2256	15120	10	0	10	0	0	0	0	0	16	0	0	0	0	96	0	95	142	4	1	3	23
4680	-4928	2560	15120	10	0	10	0	0	0	0	0	16	0	0	0	0	97	0	95	142	4	1	2	21
4681	-4896	2256	15120	10	0	10	0	0	0	0	0	16	0	0	0	0	95	0	95	142	4	1	2	21
4682	-4896	2208	15168	10	0	10	0	0	0	0	0	16	0	0	0	0	94	0	95	142	4	1	2	20
4683	-4880	2176	15120	10	0	10	0	0	0	0	0	16	0	0	0	0	86	0	95	142	5	1	2	21
4684	-4912	2176	15120	10	0	10	0	0	0	0	0	16	0	0	0	0	62	0	95	142	5	1	2	21
4685	-4912	2272	14832	10	0	10	0	0	0	0	0	16	0	0	0	0	45	0	95	142	5	1	3	21
4686	-4880	2224	14832	10	0	10	0	0	0	0	0	16	0	0	0	0	18	0	95	142	5	1	3	21
4687	-4560	2256	14816	10	0	10	0	0	0	0	0	16	0	0	0	0	9	0	95	142	5	1	3	22
4688	-4512	2208	14800	10	0	10	0	0	0	0	0	16	0	0	0	0	6	0	95	142	4	1	3	22
4689	-4896	2192	14832	10	0	10	0	0	0	0	0	16	0	0	0	1	7	0	95	142	4	1	3	21
4690	-4944	2256	15136	10	0	10	0	0	0	0	0	16	0	0	0	1	17	0	95	142	3	1	3	20
4691	-4576	2256	14816	10	0	10	0	0	0	0	0	16	0	0	0	0	4	0	95	142	3	1	3	19
4692	-4896	2224	15152	10	0	10	0	0	0	0	0	16	0	0	0	0	0	0	95	142	3	1	3	19
4693	-4912	2272	15200	10	0	10	0	0	0	0	0	16	0	0	0	0	0	0	95	142	3	1	3	19
4694	-4896	2240	15120	10	0	10	0	0	0	0	0	16	0	0	0	0	0	0	95	142	3	1	3	18
4695	-4896	2240	14800	10	0	10	0	0	0	0	0	16	0	0	0	0	0	0	95	142	3	1	3	18
4696	-4592	2208	14832	10	0	10	0	0	0	0	0	16	0	0	0	0	0	0	95	142	3	1	3	20
4697	-4560	2240	15104	10	0	10	0	0	0	0	0	16	0	0	0	0	0	0	95	142	3	1	3	20
4698	-4608	2240	15104	10	0	10	0	0	0	0	0	16	0	0	0	0	0	0	95	142	3	1	3	19
4699	-4880	2272	15104	10	0	10	0	0	0	0	0	16	0	0	0	0	0	0	95	142	3	1	3	19
4700	-4608	2240	15120	10	0	10	0	0	0	0	0	16	0	0	0	0	0	0	95	142	3	1	3	19
4701	-4592	2256	15168	10	0	10	0	0	0	0	0	16	0	0	0	0	0	0	95	142	3	1	3	19
4702	-4576	2560	14832	10	0	10	0	0	0	0	0	16	0	0	0	0	0	0	95	142	3	1	3	21
4703	-4592	2192	14832	10	0	10	0	0	0	0	0	16	0	0	0	0	0	0	95	142	3	1	3	21
4704	-4880	2208	14784	10	0	10	0	0	0	0	0	16	0	0	0	0	0	0	95	142	2	1	3	23
4705	-4912	2176	14768	10	0	10	0	0	0	0	0	16	0	0	0	0	0	0	95	142	2	1	3	21
4706	-4896	2192	14752	10	0	10	0	0	0	0	0	16	0	0	0	0	0	0	95	142	2	1	3	23
4707	-4912	2192	14768	10	0	10	0	0	0	0	0	16	0	0	0	0	0	0	95	142	2	1	3	23
4708	-4576	2192	14816	10	0	10	0	0	0	0	0	16	0	0	0	0	0	0	95	142	2	1	3	23
4709	-4912	2208	14832	10	0	10	0	0	0	0	0	16	0	0	0	0	0	0	95	142	3	1	3	21
4710	-4912	2224	15104	10	0	10	0	0	0	0	0	16	0	0	0	0	0	0	95	142	2	1	3	18
4711	-4944	2288	15104	10	0	10	0	0	0	0	0	16	0	0	0	0	0	0	95	142	2	1	3	27
4712	-4944	2256	14832	10	0	10	0	0	0	0	0	16	0	0	0	0	0	0	95	142	3	1	5	492
4713	-4912	2592	15120	10	0	10	0	0	0	0	0	16	0	0	0	0	0	0	95	142	316	78	45	1204
4714	-4592	2608	15200	10	0	10	0	0	0	0	0	16	0	0	0	0	0	0	95	142	639	185	170	2051
4715	-4528	2640	15200	10	0	10	0	0	0	0	0	16	0	0	0	0	0	0	95	142	2181	338	252	2842
4716	-4912	2288	14800	10	0	10	0	0	0	0	0	16	0	0	0	0	0	0	95	142	5147	722	492	3561
4717	-4608	2592	14992	10	0	10	0	0	0	0	0	16	0	0	0	0	0	0	95	142	8063	1074	817	3707
4718	-4976	2192	15168	10	0	10	0	0	0	0	0	16	0	0	0	0	0	0	95	142	8070	1077	847	3397
4719	-4912	2208	14736	10	0	10	0	0	0	0	0	16	0	0	0	0	0	0	95	142	8940	1525	985	2736
4720	-4912	2208	14768	10	0	10	0	0	0	0	0	16	0	0	0	0	0	0	95	142	8951	1578	1053	2688
4721	-4912	2176	14752	10	0	10	0	0	0	0	0	16	0	0	0	0	0	0	95	142	13502	2366	1477	2927
4722	-4576	2256	14832	10	0	10	0	0	0	0	0	16	0	0	0	0	0	0	95	142	16388	2535	1615	2941
4723	-4496	2240	14832	10	0	10	0	0	0	0	0	16	0	0	0	0	0	0	95	142	16646	2523	1640	2464
4724	-4528	2224	15136	10	0	10	0	0	0	0	0	16	0	0	0	0	0	0	95	142	13780	2212	1448	1780
4725	-4592	2592	15104	10	0	10	0	0	0	0	0	16	0	8	0	0	0	0	95	142	10867	1883	1141	1170
4726	-4608	2256	14816	10	0	10	0	0	0	0	0	16	0	0	0	0	0	0	95	142	10859	1881	1110	733
4727	-4880	2288	15168	10	0	10	0	0	0	0	0	16	0	0	0	0	0	0	95	142	9990	1432	972	444
4728	-4576	2560	15152	10	0	10	0	0	0	0	0	16	0	0	0	0	0	0	95	142	9978	1379	903	269
4729	-4592	2288	14816	10	0	10	0	0	0	0	0	16	0	0	0	0	0	0	95	142	5114	514	439	162
4730	-4880	2272	15104	10	0	10	0	0	0	0	0	20	0	8	0	0	0	8	95	142	1906	240	176	101
4731	-4608	2272	15136	10	0	10	0	0	0	0	0	16	0	0	0	0	0	39	95	142	106	98	69	71
4732	-4912	2224	14816	10	0	10	0	0	0	0	0	16	0	0	0	0	0	50	95	142	6	25	21	53
4733	-4576	2208	14800	10	0	10	0	0	0	0	0	16	0	0	0	0	0	51	95	142	4	1	3	43
4734	-4608	2240	15136	10	0	10	0	0	0	0	0	16	0	0	0	0	0	78	95	142	5	1	3	41
4735	-4944	2224	15136	10	0	10	0	0	0	0	0	16	0	8	0	0	0	40	95	142	5	2	3	38
4736	-4912	2192	14800	10	0	10	0	0	0	0	0	16	0	0	0	0	4	13	95	142	5	2	3	34
4737	-4608	2224	14816	10	0	10	0	0	0	0	0	16	0	0	0	0	38	5	95	142	6	1	3	31
4738	-4608	2240	14800	10	0	10	0	0	0	0	0	16	0	0	0	0	46	0	95	142	6	2	3	30
4739	-4928	2256	14816	10	0	10	0	0	0	0	0	16	1	0	0	0	73	0	95	142	5	2	3	28
4740	-4976	2560	15152	10	0	10	0	0	0	0	0	16	0	0	0	0	94	0	95	142	4	2	2	26
4741	-4880	2224	14832	10	0	10	0	0	0	0	0	16	0	0	0	0	97	0	95	142	4	2	2	24
4742	-4960	2272	14784	10	0	10	0	0	0	0	0	16	0	0	0	0	97	0	95	142	4	1	2	24
4743	-4912	2256	14832	10	0	10	0	0	0	0	0	16	0	0	0	0	96	0	95	142	3	1	2	23
4744	-4880	2256	14784	10	0	10	0	0	0	0	0	16	0	0	0	0	93	0	95	142	3	1	3	22
4745	-4896	2224	14752	10	0	10	0	0	0	0	0	16	0	0	0	0	79	0	95	142	2	1	2	20
4746	-4592	2192	14800	10	0	10	0	0	0	0	0	16	0	0	0	0	60	0	95	142	2	1	3	18
4747	-4544	2272	15120	10	0	10	0	0	0	0	0	16	0	0	0	0	49	0	95	142	2	1	3	18
4748	-4592	2192	15120	10	0	10	0	0	0	0	0	16	0	0	0	0	37	0	95	142	2	1	3	18
4749	-4576	2224	14816	10	0	10	0	0	0	0	0	16	0	0	0	0	15	0	95	142	3	1	3	17
4750	-4576	2272	15136	10	0	10	0	0	0	0	0	16	0	0	0	0	17	0	95	142	2	1	3	17
4751	-4544	2192	15184	10	0	10	0	0	0	0	0	16	0	0	0	8	22	0	95	142	2	1	3	17
4752	-4592	2192	15136	10	0	10	0	0	0	0	0	16	0	0	0	4	20	0	95	142	2	1	2	18
4753	-4592	2208	14816	10	0	10	0	0	0	0	0	16	0	0	0	0	2	0	95	142	2	1	3	19
4754	-4592	2176	15120	10	0	10	0	0	0	0	0	16	0	0	0	0	1	0	95	142	2	2	3	18
4755	-4880	2224	15152	10	0	10	0	0	0	0	0	16	0	0	0	0	1	0	95	142	2	2	3	19
4756	-4576	2208	14816	10	0	10	0	0	0	0	0	16	0	0	0	0	1	0	95	142	3	2	3	19
4757	-4592	2208	14832	10	0	10	0	0	0	0	0	16	0	0	0	0	0	0	95	142	3	1	3	18
4758	-4576	2256	15120	10	0	10	0	0	0	0	0	16	0	0	0	0	0	0	95	142	3	2	4	19
4759	-4576	2240	15136	10	0	10	0	0	0	0	0	16	0	0	0	0	0	0	95	142	4	2	4	19
4760	-4592	2240	15120	10	0	10	0	0	0	0	0	16	0	0	0	0	0	0	95	142	4	1	4	19
4761	-4576	2176	15104	10	0	10	0	0	0	0	0	16	0	0	0	0	0	0	95	142	4	1	4	18
4762	-4576	2192	15120	10	0	10	0	0	0	0	0	16	0	0	0	0	0	0	95	142	4	1	4	19
4763	-4592	2176	15152	10	0	10	0	0	0	0	0	16	0	0	0	0	0	0	95	142	4	1	4	19
4764	-4528	2192	15152	10	0	10	0	0	0	0	0	16	0	0	0	0	0	0	95	142	3	1	3	18
4765	-4880	2272	14832	10	0	10	0	0	0	0	0	16	0	0	0	0	0	0	95	142	3	1	3	18
4766	-4592	2576	15168	10	0	10	0	0	0	0	0	16	0	0	0	0	0	0	95	142	2	1	3	17
4767	-4880	2240	15120	10	0	10	0	0	0	0	0	16	0	0	0	0	0	0	95	142	2	1	3	15
4768	-4576	2240	15152	10	0	10	0	0	0	0	0	16	0	0	0	0	0	0	95	142	2	1	2	14
4769	-4560	2224	15104	10	0	10	0	0	0	0	0	16	0	0	0	0	0	0	95	142	2	1	2	16
4770	-4592	2256	14816	10	0	10	0	0	0	0	0	16	0	0	0	0	0	0	95	142	2	1	2	18
4771	-4560	2576	15104	10	0	10	0	0	0	0	0	16	0	0	0	0	0	0	95	142	2	1	2	18
4772	-4608	2256	14832	10	0	10	0	0	0	0	0	16	0	0	0	0	0	0	95	142	2	1	2	20
4773	-4880	2272	15120	10	0	10	0	0	0	0	0	16	0	0	0	0	0	0	95	142	2	1	2	32
4774	-4576	2272	15168	10	0	10	0	0	0	0	0	16	0	0	0	0	0	0	95	142	3	2	3	608
4775	-4896	2560	15104	10	0	10	0	0	0	0	0	16	0	0	0	0	0	0	95	142	409	211	57	1472
4776	-4576	2560	15184	10	0	10	0	0	0	0	0	16	0	0	0	0	0	0	95	142	3212	1344	168	2259
4777	-4896	2272	15152	10	0	10	0	0	0	0	0	16	0	0	0	0	0	0	95	142	4410	1514	319	2812
4778	-4912	2592	15088	10	0	10	0	0	0	0	0	16	0	0	0	0	0	0	95	142	4542	1533	352	2951
4779	-4992	2576	15024	10	0	10	0	0	0	0	0	16	0	0	0	0	0	0	95	142	4720	1828	461	2755
4780	-4992	2224	15184	10	0	10	0	0	0	0	0	16	0	0	0	0	0	0	95	142	5305	1886	552	2540
4781	-4976	2224	15168	10	0	10	0	0	0	0	0	16	0	0	0	0	0	0	95	142	5664	1946	629	2646
4782	-4912	2240	15104	10	0	10	0	0	0	0	0	16	0	0	0	0	0	0	95	142	6143	2118	685	2567
4783	-4944	2576	15152	10	0	10	0	0	0	0	0	16	0	0	0	0	0	0	95	142	6094	1981	708	2092
4784	-4896	2256	15120	10	0	10	0	0	0	0	0	16	0	0	0	0	0	0	95	142	3306	859	622	1478
4785	-4592	2224	15152	10	0	10	0	0	0	0	0	16	0	0	0	0	0	0	95	142	2109	696	475	962
4786	-4576	2208	15120	10	0	10	0	0	0	0	0	16	0	8	0	0	0	0	95	142	1977	677	442	597
4787	-4608	2224	15152	10	0	10	0	0	0	0	0	16	0	0	0	0	0	0	95	142	1799	381	333	362
4788	-4576	2176	14816	10	0	10	0	0	0	0	0	16	0	0	0	0	0	0	95	142	1213	324	242	217
4789	-4544	2400	15104	10	0	10	0	0	0	0	0	16	0	0	0	0	0	1	95	142	854	264	165	136
4790	-4576	2208	14800	10	0	10	0	0	0	0	0	16	0	0	0	0	0	2	95	142	375	92	109	97
4791	-4880	2240	15104	10	0	10	0	0	0	0	0	20	0	8	0	0	0	4	95	142	19	18	31	83
4792	-4928	2256	14816	10	0	10	0	0	0	0	0	16	0	0	0	0	0	30	95	142	12	10	8	87
4793	-4928	2208	14768	10	0	10	0	0	0	0	0	16	0	0	0	0	0	64	95	142	11	5	4	96
4794	-4960	2224	14752	10	0	10	0	0	0	0	0	16	0	0	0	0	0	83	95	142	11	6	5	97
4795	-4608	2208	14800	10	0	10	0	0	0	0	0	16	0	0	0	0	0	92	95	142	12	6	5	90
4796	-4592	2176	14832	10	0	10	0	0	0	0	0	16	0	8	0	0	0	94	95	142	15	7	6	83
4797	-4880	2416	15104	10	0	10	0	0	0	0	0	16	0	0	0	0	2	50	95	142	15	8	6	73
4798	-4560	2416	15104	10	0	10	0	0	0	0	0	16	0	0	0	0	37	12	95	142	16	8	6	60
4799	-4880	2176	15136	10	0	10	0	0	0	0	0	16	0	0	0	0	44	0	95	142	16	8	6	46
4800	-4608	2224	15136	10	0	10	0	0	0	0	0	16	0	0	0	0	48	0	95	142	8	5	5	36
4801	-4912	2256	15136	10	0	10	0	0	0	0	0	16	1	0	0	0	78	0	95	142	7	4	5	30
4802	-4912	2256	15152	10	0	10	0	0	0	0	0	16	0	0	0	0	96	0	95	142	7	3	4	27
4803	-4544	2272	15152	10	0	10	0	0	0	0	0	16	0	0	0	0	97	0	95	142	6	3	3	24
4804	-4608	2208	15184	10	0	10	0	0	0	0	0	16	0	0	0	0	95	0	95	142	4	2	3	22
4805	-4912	2240	15136	10	0	10	0	0	0	0	0	16	0	0	0	0	95	0	95	142	3	1	3	21
4806	-4960	2224	15104	10	0	10	0	0	0	0	0	16	0	0	0	0	87	0	95	142	3	1	2	21
4807	-4960	2272	14832	10	0	10	0	0	0	0	0	16	0	0	0	0	64	0	95	142	2	1	2	20
4808	-4896	2256	14832	10	0	10	0	0	0	0	0	16	0	0	0	0	30	0	95	142	2	1	3	19
4809	-4912	2272	15104	10	0	10	0	0	0	0	0	16	0	0	0	0	12	0	95	142	3	1	3	18
4810	-4608	2560	14832	10	0	10	0	0	0	0	0	16	0	0	0	0	6	0	95	142	2	2	3	18
4811	-4592	2288	15104	10	0	10	0	0	0	0	0	16	0	0	0	0	4	0	95	142	2	1	3	19
4812	-4592	2192	14800	10	0	10	0	0	0	0	0	16	0	0	0	0	7	0	95	142	2	1	3	18
4813	-4576	2192	14800	10	0	10	0	0	0	0	0	16	0	0	0	1	16	0	95	142	2	1	3	20
4814	-4912	2224	14832	10	0	10	0	0	0	0	0	16	0	0	0	0	1	0	95	142	2	1	3	20
4815	-4880	2224	15120	10	0	10	0	0	0	0	0	16	0	0	0	0	0	0	95	142	2	1	3	21
4816	-4592	2288	15168	10	0	10	0	0	0	0	0	16	0	0	0	0	0	0	95	142	2	1	2	21
4817	-4576	2256	14816	10	0	10	0	0	0	0	0	16	0	0	0	0	0	0	95	142	3	1	2	20
4818	-4880	2224	15120	10	0	10	0	0	0	0	0	16	0	0	0	0	0	0	95	142	3	1	3	18
4819	-4592	2240	15152	10	0	10	0	0	0	0	0	16	0	0	0	0	0	0	95	142	3	1	3	18
4820	-4896	2256	15152	10	0	10	0	0	0	0	0	16	0	0	0	0	0	0	95	142	3	1	3	18
4821	-4608	2240	15120	10	0	10	0	0	0	0	0	16	0	0	0	0	0	0	95	142	2	1	3	18
4822	-4896	2176	15136	10	0	10	0	0	0	0	0	16	0	0	0	0	0	0	95	142	3	1	3	18
4823	-4928	2192	15120	10	0	10	0	0	0	0	0	16	0	0	0	0	0	0	95	142	3	1	3	19
4824	-4896	2224	14832	10	0	10	0	0	0	0	0	16	0	0	0	0	0	0	95	142	3	1	3	18
4825	-4928	2208	15104	10	0	10	0	0	0	0	0	16	0	0	0	0	0	0	95	142	3	1	3	18
4826	-4880	2208	14816	10	0	10	0	0	0	0	0	16	0	0	0	0	0	0	95	142	3	2	3	19
4827	-4592	2176	14816	10	0	10	0	0	0	0	0	16	0	0	0	0	0	0	95	142	3	1	3	19
4828	-4928	2192	15104	10	0	10	0	0	0	0	0	16	0	0	0	0	0	0	95	142	3	1	3	17
4829	-4880	2224	14752	10	0	10	0	0	0	0	0	16	0	0	0	0	0	0	95	142	3	1	3	17
4830	-4560	2256	14800	10	0	10	0	0	0	0	0	16	0	0	0	0	0	0	95	142	3	1	3	17
4831	-4592	2208	15120	10	0	10	0	0	0	0	0	16	0	0	0	0	0	0	95	142	3	1	3	19
4832	-4896	2272	15120	10	0	10	0	0	0	0	0	16	0	0	0	0	0	0	95	142	2	1	2	19
4833	-4912	2288	15168	10	0	10	0	0	0	0	0	16	0	0	0	0	0	0	95	142	2	1	2	19
4834	-4880	2256	15136	10	0	10	0	0	0	0	0	16	0	0	0	0	0	0	95	142	2	1	2	18
4835	-4912	2256	15120	10	0	10	0	0	0	0	0	16	0	0	0	0	0	0	95	142	2	1	2	19
4836	-4896	2240	15104	10	0	10	0	0	0	0	0	16	0	0	0	0	0	0	95	142	2	1	2	18
4837	-4912	2224	14816	10	0	10	0	0	0	0	0	16	0	0	0	0	0	0	95	142	2	1	2	17
4838	-4976	2176	14816	10	0	10	0	0	0	0	0	16	0	0	0	0	0	0	95	142	2	1	2	18
4839	-4976	2176	15120	10	0	10	0	0	0	0	0	16	0	0	0	0	0	0	95	142	3	1	3	106
4840	-4928	2592	15104	10	0	10	0	0	0	0	0	16	0	0	0	0	0	0	95	142	37	5	5	851
4841	-4880	2176	15152	10	0	10	0	0	0	0	0	16	0	0	0	0	0	0	95	142	427	73	80	2116
4842	-4496	2208	15184	10	0	10	0	0	0	0	0	16	0	0	0	0	0	0	95	142	1133	224	183	2942
4843	-4512	2576	15056	10	0	10	0	0	0	0	0	16	0	0	0	0	0	0	95	142	1862	271	239	3173
4844	-4880	2192	14832	10	0	10	0	0	0	0	0	16	0	0	0	0	0	0	95	142	3702	503	383	2961
4845	-4528	2176	15184	10	0	10	0	0	0	0	0	16	0	0	0	0	0	0	95	142	3814	530	435	2913
4846	-4576	2384	15168	10	0	10	0	0	0	0	0	16	0	0	0	0	0	0	95	142	4717	648	588	3085
4847	-4544	2208	15184	10	0	10	0	0	0	0	0	16	0	0	0	0	0	0	95	142	7184	1657	718	3004
4848	-4592	2224	15152	10	0	10	0	0	0	0	0	16	0	0	0	0	0	0	95	142	7779	1833	852	2782
4849	-4608	2256	15168	10	0	10	0	0	0	0	0	16	0	0	0	0	0	0	95	142	7588	1821	844	2744
4850	-4768	2416	14768	10	0	10	0	0	0	0	0	16	0	0	0	0	0	0	95	142	8711	2269	897	2733
4851	-4592	2192	14784	10	0	10	0	0	0	0	0	16	0	0	0	0	0	0	95	142	8350	2384	946	2787
4852	-4960	2368	14752	10	0	10	0	0	0	0	0	16	0	0	0	0	0	0	95	142	7140	2457	1108	2853
4853	-4960	2400	14960	10	0	10	0	0	0	0	0	16	0	8	0	0	0	0	95	142	7436	2561	1229	2865
4854	-4896	2208	15120	10	0	10	0	0	0	0	0	16	0	0	0	0	0	0	95	142	8908	2522	1196	3119
4855	-4752	2400	14928	10	0	10	0	0	0	0	0	16	0	0	0	0	0	0	95	142	8062	2108	1256	3080
4856	-4928	2192	15136	10	0	10	0	0	0	0	0	16	0	0	0	0	0	0	95	142	7678	2008	1205	2756
4857	-4992	2336	14720	10	0	10	0	0	0	0	0	16	0	0	0	0	0	0	95	142	7504	1981	1181	2301
4858	-4896	2384	14800	10	0	10	0	0	0	0	0	16	0	0	0	0	0	0	95	142	5939	1427	1084	1644
4859	-4912	2352	14816	10	0	10	0	0	0	0	0	20	0	8	0	0	0	3	95	142	5573	1273	987	1072
4860	-4928	2336	14816	10	0	10	0	0	0	0	0	16	0	0	0	0	0	1	95	142	4943	968	682	668
4861	-4912	2336	15104	10	0	10	0	0	0	0	0	16	0	0	0	0	0	0	95	142	4537	837	508	405
4862	-4896	2176	14832	10	0	10	0	0	0	0	0	16	0	0	0	0	0	0	95	142	2161	757	388	251
4863	-4592	2336	15120	10	0	10	0	0	0	0	0	16	0	0	0	0	0	0	95	142	539	163	197	161
4864	-4912	2192	15152	10	0	10	0	0	0	0	0	16	0	8	0	0	0	0	95	142	296	84	113	105
4865	-4896	2224	15120	10	0	10	0	0	0	0	0	16	0	0	0	0	4	0	95	142	272	55	69	74
4866	-4592	2256	15152	10	0	10	0	0	0	0	0	16	0	0	0	0	34	0	95	142	7	10	11	60
4867	-4960	2416	15120	10	0	10	0	0	0	0	0	16	1	0	0	0	73	1	95	142	6	2	3	56
4868	-4608	2192	15104	10	0	10	0	0	0	0	0	16	0	0	0	0	96	0	95	142	6	2	3	53
4869	-4928	2288	15104	10	0	10	0	0	0	0	0	20	0	8	0	0	97	0	95	142	8	2	3	52
4870	-4944	2224	15104	10	0	10	0	0	0	0	0	16	0	0	0	0	97	0	95	142	10	3	4	51
4871	-4960	2208	14832	10	0	10	0	0	0	0	0	16	0	0	0	0	97	0	95	142	11	3	4	48
4872	-4912	2192	15104	10	0	10	0	0	0	0	0	16	0	0	0	0	98	0	95	142	9	3	4	43
4873	-4928	2400	14832	10	0	10	0	0	0	0	0	16	0	0	0	0	93	0	95	142	9	3	4	40
4874	-4960	2208	15104	10	0	10	0	0	0	0	0	16	0	0	0	0	92	0	95	142	9	3	4	36
4875	-4960	2240	15120	10	0	10	0	0	0	0	0	16	0	0	0	0	89	0	95	142	9	3	3	34
4876	-4912	2176	15136	10	0	10	0	0	0	0	0	16	0	0	0	0	94	0	95	142	9	3	4	31
4877	-4576	2208	15136	10	0	10	0	0	0	0	0	16	0	0	0	0	93	0	95	142	7	2	4	31
4878	-4576	2208	14832	10	0	10	0	0	0	0	0	16	0	0	0	0	94	0	95	142	5	2	3	27
4879	-4912	2192	14832	10	0	10	0	0	0	0	0	16	0	0	0	3	90	0	95	142	4	1	3	23
4880	-4896	2176	15120	10	0	10	0	0	0	0	0	16	0	0	0	9	86	0	95	142	4	1	3	22
4881	-4896	2192	15136	10	0	10	0	0	0	0	0	16	0	0	0	20	68	0	95	142	5	1	3	20
4882	-4960	2384	15104	10	0	10	0	0	0	0	0	16	0	0	0	34	59	0	95	142	4	1	3	19
4883	-4928	2208	14816	10	0	10	0	0	0	0	0	16	0	0	0	16	48	0	95	142	4	1	3	18
4884	-4976	2416	15104	10	0	10	0	0	0	0	0	16	0	0	0	3	40	0	95	142	3	1	3	19
4885	-4896	2240	15120	10	0	10	0	0	0	0	0	16	0	0	0	0	31	0	95	142	3	1	3	19
4886	-4576	2224	15104	10	0	10	0	0	0	0	0	16	0	0	0	0	26	0	95	142	4	1	3	18
4887	-4944	2208	15120	10	0	10	0	0	0	0	0	16	0	0	0	0	18	0	95	142	4	1	3	19
4888	-4608	2224	15104	10	0	10	0	0	0	0	0	16	0	0	0	0	7	0	95	142	4	1	3	18
4889	-4880	2224	14816	10	0	10	0	0	0	0	0	16	0	0	0	0	2	0	95	142	4	1	3	17
4890	-4912	2240	14784	10	0	10	0	0	0	0	0	16	0	0	0	0	1	0	95	142	4	1	3	16
4891	-4928	2400	14816	10	0	10	0	0	0	0	0	16	0	0	0	0	0	0	95	142	4	1	3	16
4892	-4928	2224	15104	10	0	10	0	0	0	0	0	16	0	0	0	0	0	0	95	142	4	1	3	17
4893	-4944	2416	15104	10	0	10	0	0	0	0	0	16	0	0	0	0	0	0	95	142	4	1	3	19
4894	-4880	2192	14816	10	0	10	0	0	0	0	0	16	0	0	0	0	0	0	95	142	4	1	4	20
4895	-4944	2192	14800	10	0	10	0	0	0	0	0	16	0	0	0	0	0	0	95	142	4	1	4	27
4896	-4928	2384	14768	10	0	10	0	0	0	0	0	16	0	0	0	0	0	0	95	142	4	1	4	528
4897	-4544	2224	15168	10	0	10	0	0	0	0	0	16	0	0	0	0	0	0	95	142	99	7	14	1190
4898	-4592	2208	15104	10	0	10	0	0	0	0	0	16	0	0	0	0	0	0	95	142	836	326	166	1659
4899	-4880	2352	14768	10	0	10	0	0	0	0	0	16	0	0	0	0	0	0	95	142	1726	733	241	1769
4900	-4928	2032	14752	10	0	10	0	0	0	0	0	16	0	0	0	0	0	0	95	142	1908	823	487	1772
4901	-4960	2336	14800	10	0	10	0	0	0	0	0	16	0	0	0	0	0	0	95	142	1960	866	524	2052
4902	-4960	2320	14736	10	0	10	0	0	0	0	0	16	0	0	0	0	0	0	95	142	3164	949	644	2030
4903	-4896	2416	14832	10	0	10	0	0	0	0	0	16	0	0	0	0	0	0	95	142	3171	1186	696	2032
4904	-4608	2176	15104	10	0	10	0	0	0	0	0	16	0	0	0	0	0	0	95	142	3501	1314	759	1755
4905	-4592	2176	15104	10	0	10	0	0	0	0	0	16	0	0	0	0	0	0	95	142	3425	1345	772	1335
4906	-4896	2256	15136	10	0	10	0	0	0	0	0	16	0	0	0	0	0	0	95	142	2695	1057	652	920
4907	-4928	2176	15120	10	0	10	0	0	0	0	0	16	0	0	0	0	0	0	95	142	1806	658	581	594
4908	-4896	2224	15152	10	0	10	0	0	0	0	0	16	0	8	0	0	0	0	95	142	1625	568	335	368
4909	-4928	2176	15184	10	0	10	0	0	0	0	0	16	0	0	0	0	0	0	95	142	1571	526	297	225
4910	-4928	2416	15136	10	0	10	0	0	0	0	0	16	0	0	0	0	0	0	95	142	368	442	178	137
4911	-4928	2400	15136	10	0	10	0	0	0	0	0	16	0	0	0	0	0	3	95	142	361	205	126	86
4912	-4928	2416	15104	10	0	10	0	0	0	0	0	16	0	0	0	0	0	2	95	142	31	77	62	140
4913	-4928	2192	15136	10	0	10	0	0	0	0	0	20	0	8	0	0	0	7	95	142	11	40	38	122
4914	-4896	2224	14800	10	0	10	0	0	0	0	0	16	0	0	0	0	0	33	95	142	4	10	6	93
4915	-4928	2192	15152	10	0	10	0	0	0	0	0	16	0	0	0	0	0	79	95	142	3	1	3	75
4916	-4928	2192	15152	10	0	10	0	0	0	0	0	16	0	0	0	0	0	90	95	142	4	1	3	63
4917	-4912	2368	15168	10	0	10	0	0	0	0	0	16	0	0	0	0	0	89	95	142	4	1	3	57
4918	-4896	2176	15104	10	0	10	0	0	0	0	0	16	0	8	0	0	0	92	95	142	4	2	4	52
4919	-4912	2208	15152	10	0	10	0	0	0	0	0	16	0	0	0	0	1	13	95	142	5	2	5	46
4920	-4560	2224	15120	10	0	10	0	0	0	0	0	16	0	0	0	0	33	0	95	142	6	2	4	39
4921	-4592	2208	15104	10	0	10	0	0	0	0	0	16	0	0	0	0	44	0	95	142	7	2	4	34
4922	-4896	2208	14832	10	0	10	0	0	0	0	0	16	0	0	0	0	47	0	95	142	7	2	5	28
4923	-4592	2192	14832	10	0	10	0	0	0	0	0	16	1	0	0	0	64	0	95	142	6	3	5	24
4924	-4880	2240	14832	10	0	10	0	0	0	0	0	16	0	0	0	0	90	0	95	142	5	2	4	21
4925	-4896	2224	15136	10	0	10	0	0	0	0	0	16	0	0	0	1	95	0	95	142	5	2	4	21
4926	-4912	2224	15136	10	0	10	0	0	0	0	0	16	0	0	0	0	93	0	95	142	5	2	3	20
4927	-4880	2240	15168	10	0	10	0	0	0	0	0	16	0	0	0	0	91	0	95	142	4	1	3	19
4928	-4880	2240	14800	10	0	10	0	0	0	0	0	16	0	0	0	0	82	0	95	142	3	1	3	18
4929	-4880	2192	14816	10	0	10	0	0	0	0	0	16	0	0	0	0	45	0	95	142	3	1	3	16
4930	-4608	2240	14816	10	0	10	0	0	0	0	0	16	0	0	0	0	14	0	95	142	3	1	3	15
4931	-4928	2208	15136	10	0	10	0	0	0	0	0	16	0	0	0	0	6	0	95	142	3	1	3	15
4932	-4928	2208	14800	10	0	10	0	0	0	0	0	16	0	0	0	0	4	0	95	142	3	1	3	17
4933	-4944	2192	14784	10	0	10	0	0	0	0	0	16	0	0	0	0	3	0	95	142	4	1	3	19
4934	-4960	2416	14816	10	0	10	0	0	0	0	0	16	0	0	0	0	2	0	95	142	3	1	3	20
4935	-4960	2240	14816	10	0	10	0	0	0	0	0	16	0	0	0	0	1	0	95	142	4	1	3	18
4936	-4928	2224	14816	10	0	10	0	0	0	0	0	16	0	0	0	0	0	0	95	142	3	1	3	19
4937	-4608	2192	14800	10	0	10	0	0	0	0	0	16	0	0	0	0	0	0	95	142	3	1	4	19
4938	-4896	2400	15120	10	0	10	0	0	0	0	0	16	0	0	0	0	0	0	95	142	3	1	4	20
4939	-4880	2208	15120	10	0	10	0	0	0	0	0	16	0	0	0	0	0	0	95	142	4	1	4	18
4940	-4928	2416	14800	10	0	10	0	0	0	0	0	16	0	0	0	0	0	0	95	142	4	1	4	19
4941	-4912	2384	14832	10	0	10	0	0	0	0	0	16	0	0	0	0	0	0	95	142	3	1	3	20
4942	-4928	2400	15136	10	0	10	0	0	0	0	0	16	0	0	0	0	0	0	95	142	3	1	3	20
4943	-4944	2400	14832	10	0	10	0	0	0	0	0	16	0	0	0	0	0	0	95	142	2	1	3	18
4944	-4912	2224	15120	10	0	10	0	0	0	0	0	16	0	0	0	0	0	0	95	142	2	1	3	16
4945	-4976	2224	14832	10	0	10	0	0	0	0	0	16	0	0	0	0	0	0	95	142	1	1	2	17
4946	-4944	2192	15152	10	0	10	0	0	0	0	0	16	0	0	0	0	0	0	95	142	1	1	2	18
4947	-4896	2208	15152	10	0	10	0	0	0	0	0	16	0	0	0	0	0	0	95	142	1	1	3	18
4948	-4944	2176	14832	10	0	10	0	0	0	0	0	16	0	0	0	0	0	0	95	142	1	1	2	18
4949	-4912	2384	15120	10	0	10	0	0	0	0	0	16	0	0	0	0	0	0	95	142	1	1	2	19
4950	-4944	2224	15104	10	0	10	0	0	0	0	0	16	0	0	0	0	0	0	95	142	2	1	3	19
4951	-4896	2208	15120	10	0	10	0	0	0	0	0	16	0	0	0	0	0	0	95	142	2	1	3	20
4952	-4912	2176	15136	10	0	10	0	0	0	0	0	16	0	0	0	0	0	0	95	142	3	1	3	19
4953	-4912	2208	15104	10	0	10	0	0	0	0	0	16	0	0	0	0	0	0	95	142	3	1	3	19
4954	-4912	2192	14832	10	0	10	0	0	0	0	0	16	0	0	0	0	0	0	95	142	3	1	3	18
4955	-4896	2224	14800	10	0	10	0	0	0	0	0	16	0	0	0	0	0	0	95	142	3	1	3	17
4956	-4944	2240	14768	10	0	10	0	0	0	0	0	16	0	0	0	0	0	0	95	142	3	1	3	17
4957	-4880	2208	14768	10	0	10	0	0	0	0	0	16	0	0	0	0	0	0	95	142	3	1	3	20
4958	-4608	2224	14784	10	0	10	0	0	0	0	0	16	0	0	0	0	0	0	95	142	2	1	2	32
4959	-4912	2272	15104	10	0	10	0	0	0	0	0	16	0	0	0	0	0	0	95	142	4	1	4	555
4960	-4928	2576	14816	10	0	10	0	0	0	0	0	16	0	0	0	0	0	0	95	142	60	29	45	1310
4961	-4880	2624	15168	10	0	10	0	0	0	0	0	16	0	0	0	0	0	0	95	142	3656	1211	490	2109
4962	-4912	2288	15168	10	0	10	0	0	0	0	0	16	0	0	0	0	0	0	95	142	9353	1550	755	2838
4963	-4896	2192	15104	10	0	10	0	0	0	0	0	16	0	0	0	0	0	0	95	142	10666	1687	877	2855
4964	-4896	2176	14736	10	0	10	0	0	0	0	0	16	0	0	0	0	0	0	95	142	11667	2341	933	2658
4965	-4560	2416	14768	10	0	10	0	0	0	0	0	16	0	0	0	0	0	0	95	142	11809	2384	967	2377
4966	-4880	2208	15104	10	0	10	0	0	0	0	0	16	0	0	0	0	0	0	95	142	12121	2417	992	1993
4967	-4560	2400	14736	10	0	10	0	0	0	0	0	16	0	0	0	0	0	0	95	142	12158	2477	1040	1603
4968	-4576	2400	14736	10	0	10	0	0	0	0	0	16	0	0	0	0	0	0	95	142	12135	2501	1025	1493
4969	-4544	2368	14928	10	0	10	0	0	0	0	0	16	0	0	0	0	0	0	95	142	8994	1359	686	1368
4970	-4912	2400	14976	10	0	10	0	0	0	0	0	16	0	0	0	0	0	0	95	142	3350	1067	478	1424
4971	-4800	2352	15360	10	0	10	0	0	0	0	0	16	0	0	0	0	0	0	95	142	2109	1051	461	1693
4972	-4880	2416	15120	10	0	10	0	0	0	0	0	16	0	8	0	0	0	0	95	142	1597	500	634	1726
4973	-4608	2624	14784	10	0	10	0	0	0	0	0	16	0	0	0	0	0	0	95	142	1512	468	610	1550
4974	-4592	2272	14800	10	0	10	0	0	0	0	0	16	0	0	0	0	0	0	95	142	1260	451	598	1135
4975	-4592	2272	14832	10	0	10	0	0	0	0	0	16	0	0	0	0	0	0	95	142	1222	392	550	751
4976	-4576	2208	15136	10	0	10	0	0	0	0	0	16	0	0	0	0	0	0	95	142	1189	341	525	471
4977	-4896	2240	14784	10	0	10	0	0	0	0	0	20	0	8	0	0	0	2	95	142	735	301	419	292
4978	-4752	2272	14768	10	0	10	0	0	0	0	0	16	0	0	0	0	0	10	95	142	682	254	361	181
4979	-4960	2288	15120	10	0	10	0	0	0	0	0	16	0	0	0	0	0	19	95	142	610	133	257	126
4980	-4944	2272	14784	10	0	10	0	0	0	0	0	16	0	0	0	0	0	15	95	142	121	32	28	101
4981	-4912	2400	14816	10	0	10	0	0	0	0	0	16	0	0	0	0	0	9	95	142	66	22	18	97
4982	-4896	2176	15104	10	0	10	0	0	0	0	0	16	0	8	0	0	0	5	95	142	12	8	6	96
4983	-4880	2240	14816	10	0	10	0	0	0	0	0	16	0	0	0	0	1	3	95	142	14	6	6	95
4984	-4880	2176	14784	10	0	10	0	0	0	0	0	16	0	0	0	0	30	4	95	142	15	7	7	92
4985	-4880	2272	14816	10	0	10	0	0	0	0	0	16	0	0	0	0	42	0	95	142	15	8	7	95
4986	-4576	2240	14800	10	0	10	0	0	0	0	0	16	1	0	0	0	70	0	95	142	18	9	8	101
4987	-4608	2192	15104	10	0	10	0	0	0	0	0	20	0	8	0	0	96	0	95	142	19	9	9	97
4988	-4592	2416	15136	10	0	10	0	0	0	0	0	16	0	0	0	0	98	0	95	142	21	8	9	86
4989	-4592	2208	15104	10	0	10	0	0	0	0	0	16	0	0	0	0	98	0	95	142	19	7	9	71
4990	-4880	2416	14832	10	0	10	0	0	0	0	0	16	0	0	0	0	98	0	95	142	15	5	8	57
4991	-4608	2416	15104	10	0	10	0	0	0	0	0	16	0	0	0	0	97	0	95	142	12	5	7	44
4992	-4928	2208	14784	10	0	10	0	0	0	0	0	16	0	0	0	0	91	0	95	142	11	4	5	33
4993	-4880	2176	14736	10	0	10	0	0	0	0	0	16	0	0	0	0	82	0	95	142	11	3	5	27
4994	-4944	2176	14832	10	0	10	0	0	0	0	0	16	0	0	0	0	73	0	95	142	8	2	4	23
4995	-4912	2224	14832	10	0	10	0	0	0	0	0	16	0	0	0	0	70	0	95	142	8	2	4	22
4996	-4592	2208	15104	10	0	10	0	0	0	0	0	16	0	0	0	0	68	0	95	142	5	1	3	21
4997	-4560	2272	14816	10	0	10	0	0	0	0	0	16	0	0	0	3	68	0	95	142	5	1	3	23
4998	-4896	2592	15120	10	0	10	0	0	0	0	0	16	0	0	0	49	60	0	95	142	3	1	3	21
4999	-4576	2256	15136	10	0	10	0	0	0	0	0	16	0	0	0	36	56	0	95	142	3	1	3	21
5000	-4896	2224	14832	10	0	10	0	0	0	0	0	16	0	0	0	31	16	0	95	142	4	1	3	36
5001	-4880	2192	15136	10	0	10	0	0	0	0	0	16	0	0	0	3	17	0	95	142	4	1	3	36
5002	-4576	2176	14832	10	0	10	0	0	0	0	0	16	0	0	0	0	22	0	95	142	4	1	3	33
5003	-4608	2368	14816	10	0	10	0	0	0	0	0	16	0	0	0	0	22	0	95	142	4	1	3	31
5004	-4592	2176	15104	10	0	10	0	0	0	0	0	16	0	0	0	0	11	0	95	142	4	1	3	27
5005	-4592	2416	14816	10	0	10	0	0	0	0	0	16	0	0	0	0	2	0	95	142	5	1	3	25
5006	-4896	2176	14832	10	0	10	0	0	0	0	0	16	0	0	0	0	0	0	95	142	4	1	3	26
5007	-4896	2256	14816	10	0	10	0	0	0	0	0	16	0	0	0	0	0	0	95	142	4	1	4	26
5008	-4608	2256	15104	10	0	10	0	0	0	0	0	16	0	0	0	0	0	0	95	142	3	1	4	25
5009	-4912	2272	14752	10	0	10	0	0	0	0	0	16	0	0	0	0	0	0	95	142	3	1	3	24
5010	-4928	2192	14832	10	0	10	0	0	0	0	0	16	0	0	0	0	0	0	95	142	3	2	3	22
5011	-4944	2512	15104	10	0	10	0	0	0	0	0	16	0	0	0	0	0	0	95	142	2	2	3	21
5012	-4944	2608	14816	10	0	10	0	0	0	0	0	16	0	0	0	0	0	0	95	142	2	2	3	22
5013	-4880	2208	14736	10	0	10	0	0	0	0	0	16	0	0	0	0	0	0	95	142	2	1	3	21
5014	-4944	2176	14752	10	0	10	0	0	0	0	0	16	0	0	0	0	0	0	95	142	2	1	3	19
5015	-4896	2400	14768	10	0	10	0	0	0	0	0	16	0	0	0	0	0	0	95	142	2	1	3	19
5016	-4928	2368	15104	10	0	10	0	0	0	0	0	16	0	0	0	0	0	0	95	142	2	1	3	20
5017	-4928	2336	14800	10	0	10	0	0	0	0	0	16	0	0	0	0	0	0	95	142	2	1	3	22
5018	-4960	2384	14816	10	0	10	0	0	0	0	0	16	0	0	0	0	0	0	95	142	2	1	2	21
5019	-4912	2208	14832	10	0	10	0	0	0	0	0	16	0	0	0	0	0	0	95	142	3	1	3	19
5020	-4928	2368	15120	10	0	10	0	0	0	0	0	16	0	0	0	0	0	0	95	142	2	1	3	44
5021	-4896	2224	14784	10	0	10	0	0	0	0	0	16	0	0	0	0	0	0	95	142	3	2	3	228
5022	-4928	2560	14768	10	0	10	0	0	0	0	0	16	0	0	0	0	0	0	95	142	77	71	141	562
5023	-4608	2368	14576	10	0	10	0	0	0	0	0	16	0	0	0	0	0	0	95	142	155	112	188	930
5024	-4944	2256	15104	10	0	10	0	0	0	0	0	16	0	0	0	0	0	0	95	142	257	155	252	1297
5025	-4608	2208	14768	10	0	10	0	0	0	0	0	16	0	0	0	0	0	0	95	142	920	223	383	1676
5026	-4576	2176	14928	10	0	10	0	0	0	0	0	16	0	0	0	0	0	0	95	142	1163	384	425	1894
5027	-4752	2624	14848	10	0	10	0	0	0	0	0	16	0	0	0	0	0	0	95	142	1402	482	459	2100
5028	-4960	2368	14768	10	0	10	0	0	0	0	0	16	0	0	0	0	0	0	95	142	4065	591	524	2203
5029	-4752	1968	15200	10	0	10	0	0	0	0	0	16	0	0	0	0	0	0	95	142	4182	623	597	2203
5030	-4848	1968	15216	10	0	10	0	0	0	0	0	16	0	0	0	0	0	0	95	142	4333	659	521	2000
5031	-4832	2128	15184	10	0	10	0	0	0	0	0	16	0	0	0	0	0	0	95	142	5189	813	560	1835
5032	-4976	2192	14816	10	0	10	0	0	0	0	0	16	0	0	0	0	0	0	95	142	5432	841	513	1481
5033	-4976	2208	14832	10	0	10	0	0	0	0	0	16	0	0	0	0	0	0	95	142	4774	777	391	1041
5034	-4880	2224	15120	10	0	10	0	0	0	0	0	16	0	0	0	0	0	0	95	142	4532	617	352	677
5035	-4896	2176	14816	10	0	10	0	0	0	0	0	16	0	0	0	0	0	0	95	142	4292	518	317	424
5036	-4752	2400	14784	10	0	10	0	0	0	0	0	16	0	8	0	0	0	0	95	142	1629	410	252	263
5037	-4784	2384	14832	10	0	10	0	0	0	0	0	16	0	0	0	0	0	0	95	142	1510	377	179	163
5038	-4752	2224	14784	10	0	10	0	0	0	0	0	16	0	0	0	0	0	3	95	142	1286	272	117	105
5039	-4960	2256	14832	10	0	10	0	0	0	0	0	16	0	0	0	0	0	12	95	142	351	76	31	70
5040	-4944	2224	14832	10	0	10	0	0	0	0	0	16	0	0	0	0	0	40	95	142	6	6	14	57
5041	-4976	2192	14800	10	0	10	0	0	0	0	0	20	0	8	0	0	0	53	95	142	2	1	5	43
5042	-4992	2368	14832	10	0	10	0	0	0	0	0	16	0	0	0	0	0	68	95	142	2	1	3	38
5043	-4960	2336	15104	10	0	10	0	0	0	0	0	16	0	0	0	0	0	74	95	142	2	1	3	37
5044	-4960	2400	15104	10	0	10	0	0	0	0	0	16	0	0	0	0	0	79	95	142	2	1	3	39
5045	-4784	2368	15104	10	0	10	0	0	0	0	0	16	0	0	0	0	2	64	95	142	3	2	3	37
5046	-4992	2416	15104	10	0	10	0	0	0	0	0	16	0	8	0	0	33	7	95	142	3	2	3	35
5047	-4992	2176	15104	10	0	10	0	0	0	0	0	16	0	0	0	0	44	0	95	142	3	2	3	35
5048	-4960	2400	14768	10	0	10	0	0	0	0	0	16	0	0	0	0	47	0	95	142	4	2	3	34
5049	-4960	2400	15104	10	0	10	0	0	0	0	0	16	1	0	0	0	56	0	95	142	3	2	3	29
5050	-4752	2416	15104	10	0	10	0	0	0	0	0	16	0	0	0	0	79	0	95	142	3	2	3	26
5051	-4752	2192	14800	10	0	10	0	0	0	0	0	16	0	0	0	0	92	0	95	142	3	2	4	24
5052	-4944	2384	14768	10	0	10	0	0	0	0	0	16	0	0	0	0	91	0	95	142	3	2	4	21
5053	-4928	2176	14816	10	0	10	0	0	0	0	0	16	0	0	0	0	87	0	95	142	2	1	3	19
5054	-4928	2208	14784	10	0	10	0	0	0	0	0	16	0	0	0	0	74	0	95	142	2	2	3	19
5055	-4944	2208	14768	10	0	10	0	0	0	0	0	16	0	0	0	0	41	0	95	142	3	2	3	19
5056	-4944	2176	14832	10	0	10	0	0	0	0	0	16	0	0	0	0	27	0	95	142	3	2	3	19
5057	-4928	2192	15104	10	0	10	0	0	0	0	0	16	0	0	0	0	12	0	95	142	3	1	3	18
5058	-4896	2416	14816	10	0	10	0	0	0	0	0	16	0	0	0	0	8	0	95	142	3	1	3	17
5059	-4960	2176	14784	10	0	10	0	0	0	0	0	16	0	0	0	0	5	0	95	142	3	1	3	17
5060	-4928	2400	14800	10	0	10	0	0	0	0	0	16	0	0	0	0	6	0	95	142	3	1	3	17
5061	-4976	2400	14816	10	0	10	0	0	0	0	0	16	0	0	0	0	9	0	95	142	3	1	3	18
5062	-4960	2176	14800	10	0	10	0	0	0	0	0	16	0	0	0	0	3	0	95	142	3	1	3	18
5063	-4944	2176	15104	10	0	10	0	0	0	0	0	16	0	0	0	0	0	0	95	142	2	1	3	20
5064	-4976	2400	15120	10	0	10	0	0	0	0	0	16	0	0	0	0	0	0	95	142	3	1	3	19
5065	-4928	2224	15104	10	0	10	0	0	0	0	0	16	0	0	0	0	0	0	95	142	3	1	3	18
5066	-4896	2416	15120	10	0	10	0	0	0	0	0	16	0	0	0	0	0	0	95	142	2	1	3	16
5067	-4912	2176	15136	10	0	10	0	0	0	0	0	16	0	0	0	0	0	0	95	142	2	1	2	18
5068	-4896	2176	14816	10	0	10	0	0	0	0	0	16	0	0	0	0	0	0	95	142	2	1	3	18
5069	-4928	2320	14800	10	0	10	0	0	0	0	0	16	0	0	0	0	0	0	95	142	2	1	3	18
5070	-4912	2384	14800	10	0	10	0	0	0	0	0	16	0	0	0	0	0	0	95	142	2	1	3	18
5071	-4912	2384	14832	10	0	10	0	0	0	0	0	16	0	0	0	0	0	0	95	142	3	1	2	19
5072	-4960	2416	14816	10	0	10	0	0	0	0	0	16	0	0	0	0	0	0	95	142	2	1	3	18
5073	-4960	2208	14832	10	0	10	0	0	0	0	0	16	0	0	0	0	0	0	95	142	3	1	3	17
5074	-4976	2240	14832	10	0	10	0	0	0	0	0	16	0	0	0	0	0	0	95	142	3	1	3	17
5075	-4752	2192	14800	10	0	10	0	0	0	0	0	16	0	0	0	0	0	0	95	142	3	1	3	17
5076	-4976	2384	15120	10	0	10	0	0	0	0	0	16	0	0	0	0	0	0	95	142	4	1	3	20
5077	-4928	2400	15136	10	0	10	0	0	0	0	0	16	0	0	0	0	0	0	95	142	3	1	3	37
5078	-4976	2176	15200	10	0	10	0	0	0	0	0	16	0	0	0	0	0	0	95	142	4	3	3	333
5079	-4912	2176	15136	10	0	10	0	0	0	0	0	16	0	0	0	0	0	0	95	142	230	18	10	1632
5080	-4896	2368	15152	10	0	10	0	0	0	0	0	16	0	0	0	0	0	0	95	142	4679	8487	2121	2221
5081	-4560	2400	15136	10	0	10	0	0	0	0	0	16	0	0	0	0	0	0	95	142	5838	9150	2274	2115
5082	-4896	2176	15136	10	0	10	0	0	0	0	0	16	0	0	0	0	0	0	95	142	5841	9191	2285	2021
5083	-4944	2176	15104	10	0	10	0	0	0	0	0	16	0	0	0	0	0	0	95	142	6085	11154	2600	2475
5084	-4896	2256	14768	10	0	10	0	0	0	0	0	16	0	0	0	0	0	0	95	142	6223	11336	2703	3006
5085	-4976	2624	14752	10	0	10	0	0	0	0	0	16	0	0	0	0	0	0	95	142	6756	16807	4404	3005
5086	-4960	2592	14800	10	0	10	0	0	0	0	0	16	0	0	0	0	0	0	95	142	7914	17939	4670	2861
5087	-4960	2608	14816	10	0	10	0	0	0	0	0	16	0	0	0	0	0	0	95	142	9157	18265	4818	3175
5088	-4608	2272	15152	10	0	10	0	0	0	0	0	16	0	0	0	0	0	0	95	142	4819	10185	2948	3697
5089	-4912	2224	15152	10	0	10	0	0	0	0	0	16	0	0	0	0	0	0	95	142	3669	9656	2829	3264
5090	-4960	2272	14832	10	0	10	0	0	0	0	0	16	0	0	0	0	0	0	95	142	3671	9632	2835	2495
5091	-4896	2256	14816	10	0	10	0	0	0	0	0	16	0	0	0	0	0	0	95	142	3429	7672	2524	1692
5092	-4992	2208	15136	10	0	10	0	0	0	0	0	16	0	0	0	0	0	0	95	142	3292	7490	2421	1073
5093	-4896	2176	14816	10	0	10	0	0	0	0	0	16	0	0	0	0	0	0	95	142	2759	2019	719	656
5094	-4944	2176	14832	10	0	10	0	0	0	0	0	16	0	8	0	0	0	0	95	142	1599	886	453	392
5095	-4896	2224	15104	10	0	10	0	0	0	0	0	16	0	0	0	0	0	0	95	142	130	544	299	234
5096	-4880	2256	15120	10	0	10	0	0	0	0	0	16	0	0	0	0	0	3	95	142	18	156	58	144
5097	-4896	2272	15104	10	0	10	0	0	0	0	0	16	0	0	0	0	0	30	95	142	10	22	24	95
5098	-4592	2240	14816	10	0	10	0	0	0	0	0	16	0	0	0	0	0	49	95	142	5	5	7	68
5099	-4752	2240	14784	10	0	10	0	0	0	0	0	20	0	8	0	0	0	48	95	142	3	2	3	55
5100	-4816	2256	14784	10	0	10	0	0	0	0	0	16	0	0	0	0	0	67	95	142	2	2	3	45
5101	-4960	2208	14800	10	0	10	0	0	0	0	0	16	0	0	0	0	0	22	95	142	2	1	3	37
5102	-4976	2208	14784	10	0	10	0	0	0	0	0	16	0	0	0	0	1	3	95	142	2	2	3	32
5103	-4784	2192	14784	10	0	10	0	0	0	0	0	16	0	0	0	0	38	5	95	142	3	2	3	28
5104	-4896	2192	14768	10	0	10	0	0	0	0	0	16	0	8	0	0	46	0	95	142	3	2	3	25
5105	-4896	2416	15120	10	0	10	0	0	0	0	0	16	1	0	0	0	74	0	95	142	2	2	3	23
5106	-4992	2208	14832	10	0	10	0	0	0	0	0	16	0	0	0	0	97	0	95	142	2	1	3	20
5107	-4944	2256	14800	10	0	10	0	0	0	0	0	16	0	0	0	0	98	0	95	142	2	1	2	19
5108	-4944	2192	15104	10	0	10	0	0	0	0	0	16	0	0	0	0	98	0	95	142	2	1	3	19
5109	-4928	2384	14784	10	0	10	0	0	0	0	0	16	0	0	0	0	97	0	95	142	2	1	3	20
5110	-4928	2368	14832	10	0	10	0	0	0	0	0	16	0	0	0	0	95	0	95	142	2	1	2	23
5111	-4976	2176	14816	10	0	10	0	0	0	0	0	16	0	0	0	0	86	0	95	142	2	1	2	24
5112	-4992	2192	14800	10	0	10	0	0	0	0	0	16	0	0	0	0	65	0	95	142	3	1	2	23
5113	-4976	2176	14752	10	0	10	0	0	0	0	0	16	0	0	0	0	54	0	95	142	3	1	2	22
5114	-4976	2192	14768	10	0	10	0	0	0	0	0	16	0	0	0	0	45	0	95	142	3	1	2	21
5115	-4928	2400	14800	10	0	10	0	0	0	0	0	16	0	0	0	0	29	0	95	142	4	1	2	19
5116	-4976	2176	14832	10	0	10	0	0	0	0	0	16	0	0	0	0	27	0	95	142	4	1	2	20
5117	-4960	2176	14832	10	0	10	0	0	0	0	0	16	0	0	0	21	34	0	95	142	5	1	3	19
5118	-4992	2208	15152	10	0	10	0	0	0	0	0	16	0	0	0	8	21	0	95	142	5	1	3	19
5119	-4944	2192	14816	10	0	10	0	0	0	0	0	16	0	0	0	1	3	0	95	142	5	1	3	20
5120	-4976	2416	15136	10	0	10	0	0	0	0	0	16	0	0	0	0	1	0	95	142	5	1	3	20
5121	-4960	2416	15120	10	0	10	0	0	0	0	0	16	0	0	0	0	4	0	95	142	5	1	3	22
5122	-4752	2176	15152	10	0	10	0	0	0	0	0	16	0	0	0	0	3	0	95	142	4	2	3	21
5123	-4944	2176	14800	10	0	10	0	0	0	0	0	16	0	0	0	0	1	0	95	142	4	2	3	19
5124	-4944	2416	15120	10	0	10	0	0	0	0	0	16	0	0	0	0	0	0	95	142	4	2	2	17
5125	-4880	2176	14816	10	0	10	0	0	0	0	0	16	0	0	0	0	0	0	95	142	4	1	2	16
5126	-4928	2208	14784	10	0	10	0	0	0	0	0	16	0	0	0	0	0	0	95	142	3	1	2	17
5127	-4912	2192	14784	10	0	10	0	0	0	0	0	16	0	0	0	0	0	0	95	142	3	1	3	18
5128	-4928	2384	14784	10	0	10	0	0	0	0	0	16	0	0	0	0	0	0	95	142	3	1	3	20
5129	-4960	2400	14816	10	0	10	0	0	0	0	0	16	0	0	0	0	0	0	95	142	3	1	3	20
5130	-4960	2400	14832	10	0	10	0	0	0	0	0	16	0	0	0	0	0	0	95	142	3	1	3	23
5131	-4944	2176	14784	10	0	10	0	0	0	0	0	16	0	0	0	0	0	0	95	142	3	1	3	23
5132	-4960	2224	15136	10	0	10	0	0	0	0	0	16	0	0	0	0	0	0	95	142	2	1	3	22
5133	-4880	2224	15120	10	0	10	0	0	0	0	0	16	0	0	0	0	0	0	95	142	2	1	3	21
5134	-4960	2384	15120	10	0	10	0	0	0	0	0	16	0	0	0	0	0	0	95	142	3	1	3	20
5135	-4928	2192	15168	10	0	10	0	0	0	0	0	16	0	0	0	0	0	0	95	142	3	1	3	18
5136	-4912	2416	15168	10	0	10	0	0	0	0	0	16	0	0	0	0	0	0	95	142	3	1	3	18
5137	-4944	2400	15104	10	0	10	0	0	0	0	0	16	0	0	0	0	0	0	95	142	3	1	3	18
5138	-4960	2400	15136	10	0	10	0	0	0	0	0	16	0	0	0	0	0	0	95	142	3	1	3	22
5139	-4960	2416	14832	10	0	10	0	0	0	0	0	16	0	0	0	0	0	0	95	142	3	2	3	23
5140	-4608	2256	15120	10	0	10	0	0	0	0	0	16	0	0	0	0	0	0	95	142	3	2	3	28
5141	-4944	2192	14832	10	0	10	0	0	0	0	0	16	0	0	0	0	0	0	95	142	3	2	3	29
5142	-4896	2208	15104	10	0	10	0	0	0	0	0	16	0	0	0	0	0	0	95	142	3	2	4	29
5143	-4912	2416	14832	10	0	10	0	0	0	0	0	16	0	0	0	0	0	0	95	142	3	2	3	33
5144	-4912	2416	14832	10	0	10	0	0	0	0	0	16	0	0	0	0	0	0	95	142	3	2	4	554
5145	-4880	2560	14800	10	0	10	0	0	0	0	0	16	0	0	0	0	0	0	95	142	418	22	13	939
5146	-4896	2576	15104	10	0	10	0	0	0	0	0	16	0	0	0	0	0	0	95	142	677	100	54	1308
5147	-4896	2592	15168	10	0	10	0	0	0	0	0	16	0	0	0	0	0	0	95	142	887	151	108	1545
5148	-4880	2256	15184	10	0	10	0	0	0	0	0	16	0	0	0	0	0	0	95	142	1288	256	173	1559
5149	-4880	2224	15200	10	0	10	0	0	0	0	0	16	0	0	0	0	0	0	95	142	1471	306	221	1716
5150	-4608	2208	15184	10	0	10	0	0	0	0	0	16	0	0	0	0	0	0	95	142	1785	481	409	1844
5151	-4880	2256	15216	10	0	10	0	0	0	0	0	16	0	0	0	0	0	0	95	142	2844	748	442	1730
5152	-4928	2624	15184	10	0	10	0	0	0	0	0	16	0	0	0	0	0	0	95	142	2897	812	557	1591
5153	-4960	2272	14784	10	0	10	0	0	0	0	0	16	0	0	0	0	0	0	95	142	2762	875	705	1633
5154	-4800	2224	14736	10	0	10	0	0	0	0	0	16	0	0	0	0	0	0	95	142	2894	907	717	1667
5155	-4992	2176	14832	10	0	10	0	0	0	0	0	16	0	0	0	0	0	0	95	142	2946	891	822	1806
5156	-4800	2176	14784	10	0	10	0	0	0	0	0	16	0	0	0	0	0	0	95	142	2706	833	827	2032
5157	-4832	2208	14864	10	0	10	0	0	0	0	0	16	0	0	0	0	0	0	95	142	3948	879	840	2355
5158	-4768	2384	14720	10	0	10	0	0	0	0	0	16	0	0	0	0	0	0	95	142	4208	842	807	3010
5159	-4992	2400	15152	10	0	10	0	0	0	0	0	16	0	0	0	0	0	0	95	142	5540	1164	1051	2666
5160	-4976	2192	14832	10	0	10	0	0	0	0	0	16	0	0	0	0	0	0	95	142	5711	1267	980	1924
5161	-4912	2400	15168	10	0	10	0	0	0	0	0	16	0	0	0	0	0	0	95	142	5431	1185	823	1261
5162	-4944	2416	15136	10	0	10	0	0	0	0	0	16	0	0	0	0	0	1	95	142	5041	1076	771	784
5163	-4752	2368	14832	10	0	10	0	0	0	0	0	16	0	0	0	0	0	2	95	142	4779	1040	611	475
5164	-4976	2192	15104	10	0	10	0	0	0	0	0	16	0	0	0	0	0	3	95	142	4618	993	541	284
5165	-4784	2416	14784	10	0	10	0	0	0	0	0	16	0	8	0	0	0	1	95	142	3191	897	480	171
5166	-4752	2208	14800	10	0	10	0	0	0	0	0	16	0	0	0	0	0	0	95	142	2619	758	324	105
5167	-4944	2272	14800	10	0	10	0	0	0	0	0	16	0	0	0	0	0	1	95	142	227	169	47	70
5168	-4928	2176	15152	10	0	10	0	0	0	0	0	16	0	0	0	0	0	1	95	142	3	2	3	57
5169	-4944	2176	15136	10	0	10	0	0	0	0	0	16	0	0	0	0	3	3	95	142	4	1	3	53
5170	-4944	2192	15120	10	0	10	0	0	0	0	0	20	0	8	0	0	35	0	95	142	5	2	3	51
5171	-4752	2416	15120	10	0	10	0	0	0	0	0	16	0	0	0	0	49	0	95	142	5	2	4	48
5172	-4960	2176	15136	10	0	10	0	0	0	0	0	16	1	0	0	0	82	0	95	142	5	2	4	45
5173	-4960	2384	15104	10	0	10	0	0	0	0	0	16	0	0	0	0	96	0	95	142	5	2	4	40
5174	-4912	2176	15104	10	0	10	0	0	0	0	0	16	0	0	0	0	97	0	95	142	5	3	4	33
5175	-4992	2224	14832	10	0	10	0	0	0	0	0	16	0	8	0	0	98	0	95	142	5	3	4	28
5176	-4784	2272	14800	10	0	10	0	0	0	0	0	16	0	0	0	0	97	0	95	142	5	2	4	25
5177	-4928	2288	14816	10	0	10	0	0	0	0	0	16	0	0	0	0	92	0	95	142	4	2	4	22
5178	-4992	2288	15120	10	0	10	0	0	0	0	0	16	0	0	0	0	87	0	95	142	3	1	3	20
5179	-4768	2256	15136	10	0	10	0	0	0	0	0	16	0	0	0	0	81	0	95	142	2	1	3	19
5180	-4976	2224	14800	10	0	10	0	0	0	0	0	16	0	0	0	0	79	0	95	142	2	1	3	20
5181	-4992	2416	14832	10	0	10	0	0	0	0	0	16	0	0	0	0	82	0	95	142	2	1	3	18
5182	-4992	2176	14784	10	0	10	0	0	0	0	0	16	0	0	0	0	78	0	95	142	2	1	3	17
5183	-4752	2400	14816	10	0	10	0	0	0	0	0	16	0	0	0	17	73	0	95	142	2	1	3	17
5184	-4912	2176	14832	10	0	10	0	0	0	0	0	16	0	0	0	46	62	0	95	142	2	1	3	19
5185	-4928	2176	14816	10	0	10	0	0	0	0	0	16	0	0	0	53	30	0	95	142	3	1	3	19
5186	-4912	2176	14816	10	0	10	0	0	0	0	0	16	4	0	0	35	22	0	125	142	3	1	3	18
5187	-4944	2176	14784	10	0	10	0	0	0	0	0	16	0	0	0	4	34	0	95	142	3	1	3	17
5188	-4960	2400	14816	10	0	10	0	0	0	0	0	16	0	0	0	0	33	0	95	142	3	1	3	17
5189	-4976	2176	14752	10	0	10	0	0	0	0	0	16	0	0	0	0	28	0	95	142	3	1	2	18
5190	-4976	2192	14800	10	0	10	0	0	0	0	0	16	0	0	0	0	21	0	95	142	3	1	2	18
5191	-4912	2176	14800	10	0	10	0	0	0	0	0	16	0	0	0	0	6	0	95	142	3	1	2	19
5192	-4896	2240	15120	10	0	10	0	0	0	0	0	16	0	0	0	0	1	0	95	142	4	1	2	19
5193	-4928	2176	15136	10	0	10	0	0	0	0	0	16	0	0	0	0	0	0	95	142	3	1	2	19
5194	-4912	2416	15168	10	0	10	0	0	0	0	0	16	0	0	0	0	0	0	95	142	4	1	2	19
5195	-4880	2240	14832	10	0	10	0	0	0	0	0	16	0	0	0	0	0	0	95	142	4	1	3	19
5196	-4608	2208	15104	10	0	10	0	0	0	0	0	16	0	0	0	0	0	0	95	142	4	1	2	21
5197	-4928	2208	15104	10	0	10	0	0	0	0	0	16	0	0	0	0	0	0	95	142	4	1	3	21
5198	-4896	2256	15152	10	0	10	0	0	0	0	0	16	0	0	0	0	0	0	95	142	4	1	3	20
5199	-4928	2240	14816	10	0	10	0	0	0	0	0	16	0	0	0	0	0	0	95	142	4	1	3	18
5200	-4992	2192	14816	10	0	10	0	0	0	0	0	16	0	0	0	0	0	0	95	142	4	1	3	17
5201	-4944	2368	15136	10	0	10	0	0	0	0	0	16	0	0	0	0	0	0	95	142	4	1	3	17
5202	-4880	2192	15104	10	0	10	0	0	0	0	0	16	0	0	0	0	0	0	95	142	3	1	3	26
5203	-4960	2208	15104	10	0	10	0	0	0	0	0	16	0	0	0	0	0	0	95	142	2	1	3	308
5204	-4912	2240	14832	10	0	10	0	0	0	0	0	16	0	0	0	0	0	0	95	142	57	22	14	454
5205	-4912	2416	15120	10	0	10	0	0	0	0	0	16	0	0	0	0	0	0	95	142	74	40	60	544
5206	-4944	2592	14752	10	0	10	0	0	0	0	0	16	0	0	0	0	0	0	95	142	123	68	110	1778
5207	-4896	2416	14944	10	0	10	0	0	0	0	0	16	0	0	0	0	0	0	95	142	159	95	185	2650
5208	-4560	2304	15152	10	0	10	0	0	0	0	0	16	0	0	0	0	0	0	95	142	169	120	218	2953
5209	-4880	1984	14784	10	0	10	0	0	0	0	0	16	0	0	0	0	0	0	95	142	1038	3022	1105	2789
5210	-4880	2368	15104	10	0	10	0	0	0	0	0	16	0	0	0	0	0	0	95	142	2729	4626	1177	2350
5211	-4592	2192	15104	10	0	10	0	0	0	0	0	16	0	0	0	0	0	0	95	142	2735	4658	1190	2008
5212	-4576	2368	14800	10	0	10	0	0	0	0	0	16	0	0	0	0	0	0	95	142	2705	4776	1364	1764
5213	-4608	2320	14768	10	0	10	0	0	0	0	0	16	0	0	0	0	0	0	95	142	2755	4773	1334	1501
5214	-4608	2400	14784	10	0	10	0	0	0	0	0	16	0	0	0	0	0	0	95	142	2709	4750	1304	1215
5215	-4944	2288	14832	10	0	10	0	0	0	0	0	16	0	0	0	0	0	0	95	142	2678	4728	1244	945
5216	-4976	2224	15104	10	0	10	0	0	0	0	0	16	0	0	0	0	0	0	95	142	2697	4746	1238	671
5217	-4976	2224	14816	10	0	10	0	0	0	0	0	16	0	8	0	0	0	0	95	142	1829	1845	357	441
5218	-4976	2224	15136	10	0	10	0	0	0	0	0	16	0	0	0	0	0	0	95	142	138	241	286	278
5219	-4944	2208	15120	10	0	10	0	0	0	0	0	16	0	0	0	0	0	0	95	142	132	210	272	172
5220	-4768	2176	15136	10	0	10	0	0	0	0	0	16	0	0	0	0	0	3	95	142	108	71	88	108
5221	-4976	2352	14832	10	0	10	0	0	0	0	0	16	0	0	0	0	0	18	95	142	41	56	72	72
5222	-4960	2208	15104	10	0	10	0	0	0	0	0	20	0	8	0	0	0	36	95	142	37	50	51	50
5223	-4960	2352	14832	10	0	10	0	0	0	0	0	16	0	0	0	0	0	52	95	142	32	45	36	42
5224	-4960	2400	15104	10	0	10	0	0	0	0	0	16	0	0	0	0	0	73	95	142	3	3	10	41
5225	-4976	2400	15168	10	0	10	0	0	0	0	0	16	0	0	0	0	0	78	95	142	2	1	3	40
5226	-4960	2400	15152	10	0	10	0	0	0	0	0	16	0	0	0	0	0	84	95	142	2	2	3	47
5227	-4752	2176	15136	10	0	10	0	0	0	0	0	16	0	8	0	0	1	79	95	142	5	2	3	50
5228	-4960	2256	15120	10	0	10	0	0	0	0	0	16	0	0	0	0	40	5	95	142	5	2	3	48
5229	-4944	2208	15120	10	0	10	0	0	0	0	0	16	0	0	0	0	43	0	95	142	6	2	3	43
5230	-4752	2240	15136	10	0	10	0	0	0	0	0	16	0	0	0	0	46	0	95	142	6	2	3	36
5231	-4944	2224	14816	10	0	10	0	0	0	0	0	16	0	0	0	0	47	0	95	142	7	2	3	34
5232	-4960	2416	15104	10	0	10	0	0	0	0	0	16	1	0	0	0	72	0	95	142	7	2	3	31
5233	-4928	2176	15104	10	0	10	0	0	0	0	0	16	0	0	0	0	91	0	95	142	7	2	3	27
5234	-4944	2176	14768	10	0	10	0	0	0	0	0	16	0	0	0	0	93	0	95	142	7	2	3	23
5235	-4944	2192	14832	10	0	10	0	0	0	0	0	16	0	0	0	0	87	0	95	142	4	2	3	20
5236	-4912	2240	14832	10	0	10	0	0	0	0	0	16	0	0	0	0	78	0	95	142	4	1	3	19
5237	-4960	2560	15136	10	0	10	0	0	0	0	0	16	0	0	0	0	50	0	95	142	3	1	3	19
5238	-4896	2208	14832	10	0	10	0	0	0	0	0	16	0	0	0	0	29	0	95	142	3	1	3	18
5239	-4928	2208	15120	10	0	10	0	0	0	0	0	16	0	0	0	0	11	0	95	142	3	1	3	19
5240	-4960	2400	15120	10	0	10	0	0	0	0	0	16	0	0	0	0	7	0	95	142	3	1	2	18
5241	-4976	2208	15120	10	0	10	0	0	0	0	0	16	0	0	0	0	4	0	95	142	3	1	3	19
5242	-4928	2224	14816	10	0	10	0	0	0	0	0	16	0	0	0	0	5	0	95	142	4	1	3	18
5243	-4960	2224	14800	10	0	10	0	0	0	0	0	16	0	0	0	0	5	0	95	142	5	1	3	17
5244	-4928	2240	14784	10	0	10	0	0	0	0	0	16	0	0	0	0	1	0	95	142	5	1	3	18
5245	-4960	2176	14816	10	0	10	0	0	0	0	0	16	0	0	0	0	0	0	95	142	5	1	3	17
5246	-4960	2416	15168	10	0	10	0	0	0	0	0	16	0	0	0	0	0	0	95	142	4	1	3	18
5247	-4992	2416	14816	10	0	10	0	0	0	0	0	16	0	0	0	0	0	0	95	142	5	1	3	17
5248	-4928	2176	15104	10	0	10	0	0	0	0	0	16	0	0	0	0	0	0	95	142	4	1	3	16
5249	-4912	2192	14832	10	0	10	0	0	0	0	0	16	0	0	0	0	0	0	95	142	4	1	3	17
5250	-4912	2192	14800	10	0	10	0	0	0	0	0	16	0	0	0	0	0	0	95	142	4	1	3	21
5251	-4896	2224	15136	10	0	10	0	0	0	0	0	16	0	0	0	0	0	0	95	142	3	1	3	22
5252	-4944	2176	15104	10	0	10	0	0	0	0	0	16	0	0	0	0	0	0	95	142	3	1	3	21
5253	-4912	2400	14816	10	0	10	0	0	0	0	0	16	0	0	0	0	0	0	95	142	3	1	3	19
5254	-4912	2192	14784	10	0	10	0	0	0	0	0	16	0	0	0	0	0	0	95	142	3	1	3	18
5255	-4928	2416	15120	10	0	10	0	0	0	0	0	16	0	0	0	0	0	0	95	142	2	1	3	18
5256	-4928	2400	15136	10	0	10	0	0	0	0	0	16	0	0	0	0	0	0	95	142	3	1	3	19
5257	-4960	2192	14816	10	0	10	0	0	0	0	0	16	0	0	0	0	0	0	95	142	2	1	3	17
5258	-4976	2208	14816	10	0	10	0	0	0	0	0	16	0	0	0	0	0	0	95	142	2	1	3	19
5259	-4896	2208	14784	10	0	10	0	0	0	0	0	16	0	0	0	0	0	0	95	142	4	1	3	19
5260	-4960	2176	14800	10	0	10	0	0	0	0	0	16	0	0	0	0	0	0	95	142	4	1	3	27
5261	-4912	2416	14784	10	0	10	0	0	0	0	0	16	0	0	0	0	0	0	95	142	4	1	4	271
5262	-4512	2272	14768	10	0	10	0	0	0	0	0	16	0	0	0	0	0	0	95	142	8	19	69	873
5263	-4592	2288	14912	10	0	10	0	0	0	0	0	16	0	0	0	0	0	0	95	142	1564	257	201	1811
5264	-4608	2192	14720	10	0	10	0	0	0	0	0	16	0	0	0	0	0	0	95	142	4855	1364	399	2721
5265	-4592	2272	15216	10	0	10	0	0	0	0	0	16	0	0	0	0	0	0	95	142	6545	1744	611	2942
5266	-4944	2240	14784	10	0	10	0	0	0	0	0	16	0	0	0	0	0	0	95	142	7832	1961	870	2704
5267	-4960	2208	15104	10	0	10	0	0	0	0	0	16	0	0	0	0	0	0	95	142	8295	2120	1005	2341
5268	-4896	2416	15200	10	0	10	0	0	0	0	0	16	0	0	0	0	0	0	95	142	8342	2150	1038	1975
5269	-4976	2256	15120	10	0	10	0	0	0	0	0	16	0	0	0	0	0	0	95	142	8479	2324	1272	1729
5270	-4912	2368	14816	10	0	10	0	0	0	0	0	16	0	0	0	0	0	0	95	142	8570	2342	1243	1520
5271	-4592	2416	15136	10	0	10	0	0	0	0	0	16	0	0	0	0	0	0	95	142	7441	2152	1160	1393
5272	-4912	2176	15152	10	0	10	0	0	0	0	0	16	0	0	0	0	0	0	95	142	4366	1099	1008	1034
5273	-4880	2416	14832	10	0	10	0	0	0	0	0	16	0	0	0	0	0	0	95	142	2678	721	797	690
5274	-4592	2416	15184	10	0	10	0	0	0	0	0	16	0	8	0	0	0	0	95	142	1391	504	539	437
5275	-4576	2224	15200	10	0	10	0	0	0	0	0	16	0	0	0	0	0	0	95	142	927	346	403	270
5276	-4960	2400	15216	10	0	10	0	0	0	0	0	16	0	0	0	0	0	0	95	142	879	316	370	164
5277	-4896	2368	15168	10	0	10	0	0	0	0	0	16	0	0	0	0	0	2	95	142	742	142	136	103
5278	-4944	2416	15136	10	0	10	0	0	0	0	0	16	0	0	0	0	0	4	95	142	648	107	100	72
5279	-4880	2384	15120	10	0	10	0	0	0	0	0	20	0	8	0	0	0	25	95	142	221	58	51	53
5280	-4960	2208	15104	10	0	10	0	0	0	0	0	16	0	0	0	0	0	54	95	142	6	4	5	43
5281	-4752	2240	15120	10	0	10	0	0	0	0	0	16	0	0	0	0	0	81	95	142	5	2	3	40
5282	-4928	2224	15152	10	0	10	0	0	0	0	0	16	0	0	0	0	0	84	95	142	6	3	3	48
5283	-4944	2208	14832	10	0	10	0	0	0	0	0	16	0	0	0	0	0	91	95	142	6	3	3	55
5284	-4912	2224	15104	10	0	10	0	0	0	0	0	16	0	8	0	0	0	84	95	142	7	4	3	67
5285	-4896	2224	14816	10	0	10	0	0	0	0	0	16	0	0	0	0	17	9	95	142	9	5	4	75
5286	-4944	2416	14800	10	0	10	0	0	0	0	0	16	0	0	0	0	42	5	95	142	10	5	3	78
5287	-4912	2256	14784	10	0	10	0	0	0	0	0	16	0	0	0	0	46	0	95	142	9	6	4	87
5288	-4928	2240	14768	10	0	10	0	0	0	0	0	16	0	0	0	0	47	0	95	142	13	7	4	99
5289	-4976	2240	14800	10	0	10	0	0	0	0	0	16	1	0	0	0	79	0	95	142	22	8	4	99
5290	-4976	2208	14784	10	0	10	0	0	0	0	0	16	0	0	0	0	95	0	95	142	22	10	5	98
5291	-4912	2176	14816	10	0	10	0	0	0	0	0	16	0	0	0	0	94	0	95	142	24	11	5	91
5292	-4912	2208	14720	10	0	10	0	0	0	0	0	16	0	0	0	0	91	0	95	142	24	10	6	78
5293	-4944	2368	14816	10	0	10	0	0	0	0	0	16	0	0	0	0	88	0	95	142	23	9	6	77
5294	-4912	2320	15120	10	0	10	0	0	0	0	0	16	0	0	0	0	72	0	95	142	22	8	6	68
5295	-4896	2400	14816	10	0	10	0	0	0	0	0	16	0	0	0	0	24	0	95	142	21	7	5	64
5296	-4912	2384	14816	10	0	10	0	0	0	0	0	16	0	0	0	0	10	0	95	142	17	8	5	57
5297	-4944	2192	15104	10	0	10	0	0	0	0	0	16	0	0	0	0	5	0	95	142	8	6	5	47
5298	-4768	2208	14816	10	0	10	0	0	0	0	0	16	0	0	0	0	3	0	95	142	8	4	4	38
5299	-4992	2240	15104	10	0	10	0	0	0	0	0	16	0	0	0	0	4	0	95	142	5	3	4	31
5300	-4768	2368	14768	10	0	10	0	0	0	0	0	16	0	0	0	0	12	0	95	142	5	3	4	26
5301	-4992	2400	14816	10	0	10	0	0	0	0	0	16	0	0	0	0	12	0	95	142	4	3	4	24
5302	-4944	2256	14816	10	0	10	0	0	0	0	0	16	0	0	0	0	0	0	95	142	4	2	4	23
5303	-4928	2224	14816	10	0	10	0	0	0	0	0	16	0	0	0	0	0	0	95	142	4	2	4	23
5304	-4608	2224	14816	10	0	10	0	0	0	0	0	16	0	0	0	0	0	0	95	142	4	1	4	22
5305	-4880	2240	14816	10	0	10	0	0	0	0	0	16	0	0	0	0	0	0	95	142	4	1	3	21
5306	-4896	2208	15104	10	0	10	0	0	0	0	0	16	0	0	0	0	0	0	95	142	3	1	3	22
5307	-4960	2192	14832	10	0	10	0	0	0	0	0	16	0	0	0	0	0	0	95	142	4	1	3	21
5308	-4992	2192	15136	10	0	10	0	0	0	0	0	16	0	0	0	0	0	0	95	142	3	1	3	19
5309	-4912	2208	15152	10	0	10	0	0	0	0	0	16	0	0	0	0	0	0	95	142	3	1	3	19
5310	-4928	2400	15136	10	0	10	0	0	0	0	0	16	0	0	0	0	0	0	95	142	3	1	3	19
5311	-4928	2336	14816	10	0	10	0	0	0	0	0	16	0	0	0	0	0	0	95	142	3	1	3	18
5312	-4592	2416	14816	10	0	10	0	0	0	0	0	16	0	0	0	0	0	0	95	142	3	1	3	17
5313	-4992	2400	15104	10	0	10	0	0	0	0	0	16	0	0	0	0	0	0	95	142	3	1	3	155
5314	-4768	2192	15152	10	0	10	0	0	0	0	0	16	0	0	0	0	0	0	95	142	11	320	67	636
5315	-4960	2416	14800	10	0	10	0	0	0	0	0	16	0	0	0	0	0	0	95	142	18	335	78	1359
5316	-4960	2352	15184	10	0	10	0	0	0	0	0	16	0	0	0	0	0	0	95	142	474	440	222	3178
5317	-4944	2240	14992	10	0	10	0	0	0	0	0	16	0	0	0	0	0	0	95	142	12397	2259	542	4027
5318	-4912	2288	15104	10	0	10	0	0	0	0	0	16	0	0	0	0	0	0	95	142	12996	2468	607	3802
5319	-4784	2608	15104	10	0	10	0	0	0	0	0	16	0	0	0	0	0	0	95	142	14442	3056	1034	3098
5320	-4912	2384	14768	10	0	10	0	0	0	0	0	16	0	0	0	0	0	0	95	142	14463	3070	1077	2229
5321	-4784	2192	14800	10	0	10	0	0	0	0	0	16	0	0	0	0	0	0	95	142	14485	3076	1089	1481
5322	-4944	2256	14832	10	0	10	0	0	0	0	0	16	0	0	0	0	0	0	95	142	14477	2766	1030	938
5323	-4928	2240	15120	10	0	10	0	0	0	0	0	16	0	0	0	0	0	0	95	142	14470	2754	1022	573
5324	-4928	2176	15104	10	0	10	0	0	0	0	0	16	0	0	0	0	0	0	95	142	14014	2649	878	344
5325	-4592	2192	15104	10	0	10	0	0	0	0	0	16	0	0	0	0	0	0	95	142	2091	830	558	204
5326	-4896	2208	14816	10	0	10	0	0	0	0	0	16	0	8	0	0	0	1	95	142	1492	621	492	124
5327	-4912	2192	15104	10	0	10	0	0	0	0	0	16	0	0	0	0	0	2	95	142	46	33	65	78
5328	-4960	2416	14816	10	0	10	0	0	0	0	0	16	0	0	0	0	0	5	95	142	24	19	22	53
5329	-4608	2256	14816	10	0	10	0	0	0	0	0	16	0	0	0	0	0	17	95	142	3	13	10	40
5330	-4928	2176	14800	10	0	10	0	0	0	0	0	16	0	0	0	0	0	20	95	142	2	3	6	35
5331	-4592	2176	15104	10	0	10	0	0	0	0	0	20	0	8	0	0	0	31	95	142	2	1	3	33
5332	-4576	2176	15104	10	0	10	0	0	0	0	0	16	0	0	0	0	0	76	95	142	2	1	2	37
5333	-4608	2384	14816	10	0	10	0	0	0	0	0	16	0	0	0	0	0	93	95	142	3	2	3	36
5334	-4912	2416	14784	10	0	10	0	0	0	0	0	16	0	0	0	0	0	94	95	142	3	1	3	33
5335	-4880	2416	14800	10	0	10	0	0	0	0	0	16	0	0	0	0	0	93	95	142	3	2	3	30
5336	-4608	2400	14800	10	0	10	0	0	0	0	0	16	0	0	0	0	2	54	95	142	3	2	3	27
5337	-4608	2368	14832	10	0	10	0	0	0	0	0	16	0	0	0	0	27	0	95	142	3	2	3	26
5338	-4944	2400	15104	10	0	10	0	0	0	0	0	16	0	0	0	0	41	0	95	142	3	2	3	24
5339	-4912	2416	15104	10	0	10	0	0	0	0	0	16	0	0	0	0	44	0	95	142	3	1	3	21
5340	-4928	2416	14816	10	0	10	0	0	0	0	0	16	0	0	0	0	45	0	95	142	2	1	3	19
5341	-4928	2256	14800	10	0	10	0	0	0	0	0	16	1	0	0	0	51	0	95	142	2	1	3	19
5342	-4928	2416	14800	10	0	10	0	0	0	0	0	16	0	0	0	1	87	0	95	142	2	1	3	17
5343	-4912	2416	15104	10	0	10	0	0	0	0	0	16	0	0	0	2	88	0	95	142	2	1	3	17
5344	-4896	2192	14816	10	0	10	0	0	0	0	0	16	0	0	0	1	85	0	95	142	2	1	3	16
5345	-4944	2416	15120	10	0	10	0	0	0	0	0	16	0	0	0	0	79	0	95	142	3	1	3	17
5346	-4928	2240	14832	10	0	10	0	0	0	0	0	16	0	0	0	0	52	0	95	142	3	1	3	18
5347	-4928	2224	14768	10	0	10	0	0	0	0	0	16	0	0	0	0	7	0	95	142	3	1	3	19
5348	-4928	2176	14784	10	0	10	0	0	0	0	0	16	0	0	0	0	4	0	95	142	3	1	3	19
5349	-4960	2208	14832	10	0	10	0	0	0	0	0	16	0	0	0	0	3	0	95	142	2	1	4	19
5350	-4976	2208	15120	10	0	10	0	0	0	0	0	16	0	0	0	0	2	0	95	142	3	1	4	18
5351	-4912	2416	14832	10	0	10	0	0	0	0	0	16	0	0	0	0	0	0	95	142	2	1	3	19
5352	-4896	2240	14832	10	0	10	0	0	0	0	0	16	0	0	0	0	0	0	95	142	2	1	3	18
5353	-4896	2192	15120	10	0	10	0	0	0	0	0	16	0	0	0	0	0	0	95	142	2	1	3	19
5354	-4912	2416	15104	10	0	10	0	0	0	0	0	16	0	0	0	0	0	0	95	142	3	1	4	18
5355	-4912	2384	15152	10	0	10	0	0	0	0	0	16	0	0	0	0	0	0	95	142	3	1	3	17
5356	-4896	2176	15104	10	0	10	0	0	0	0	0	16	0	0	0	0	0	0	95	142	3	1	3	17
5357	-4608	2208	15168	10	0	10	0	0	0	0	0	16	0	0	0	0	0	0	95	142	3	1	3	18
5358	-4592	2176	15104	10	0	10	0	0	0	0	0	16	0	0	0	0	0	0	95	142	3	1	3	17
5359	-4896	2400	15120	10	0	10	0	0	0	0	0	16	0	0	0	0	0	0	95	142	3	1	3	17
5360	-4912	2416	15136	10	0	10	0	0	0	0	0	16	0	0	0	0	0	0	95	142	3	1	3	17
5361	-4928	2416	15104	10	0	10	0	0	0	0	0	16	0	0	0	0	0	0	95	142	3	1	3	16
5362	-4960	2192	14832	10	0	10	0	0	0	0	0	16	0	0	0	0	0	0	95	142	3	1	3	15
5363	-4928	2416	14832	10	0	10	0	0	0	0	0	16	0	0	0	0	0	0	95	142	3	1	3	15
5364	-4976	2256	14832	10	0	10	0	0	0	0	0	16	0	0	0	0	0	0	95	142	3	1	3	15
5365	-4960	2224	14816	10	0	10	0	0	0	0	0	16	0	0	0	0	0	0	95	142	3	1	3	15
5366	-4976	2384	14800	10	0	10	0	0	0	0	0	16	0	0	0	0	0	0	95	142	3	1	3	16
5367	-4960	2416	14816	10	0	10	0	0	0	0	0	16	0	0	0	0	0	0	95	142	3	1	3	16
5368	-4912	2208	14784	10	0	10	0	0	0	0	0	16	0	0	0	0	0	0	95	142	2	1	3	15
5369	-4912	2192	15104	10	0	10	0	0	0	0	0	16	0	0	0	0	0	0	95	142	3	2	3	15
5370	-4896	2176	15120	10	0	10	0	0	0	0	0	16	0	0	0	0	0	0	95	142	2	1	3	15
5371	-4912	2208	14816	10	0	10	0	0	0	0	0	16	0	0	0	0	0	0	95	142	2	1	3	15
5372	-4880	2224	15136	10	0	10	0	0	0	0	0	16	0	0	0	0	0	0	95	142	2	1	3	16
5373	-4928	2576	14800	10	0	10	0	0	0	0	0	16	0	0	0	0	0	0	95	142	2	1	3	30
5374	-4960	2272	14832	10	0	10	0	0	0	0	0	16	0	0	0	0	0	0	95	142	3	1	7	76
5375	-4928	2176	15136	10	0	10	0	0	0	0	0	16	0	0	0	0	0	0	95	142	6	2	18	1279
5376	-4928	2880	15184	10	0	10	0	0	0	0	0	16	0	0	0	0	0	0	95	142	9987	3173	535	3504
5377	-4896	2640	14976	10	0	10	0	0	0	0	0	16	0	0	0	0	0	0	95	142	17225	5071	1777	4219
5378	-4928	2368	15152	10	0	10	0	0	0	0	0	16	0	0	0	0	0	0	95	142	19107	5948	2097	4388
5379	-4912	2640	15136	10	0	10	0	0	0	0	0	16	0	0	0	0	0	0	95	142	23126	9071	2994	3871
5380	-4592	2256	14752	10	0	10	0	0	0	0	0	16	0	0	0	0	0	0	95	142	23131	9080	3020	3099
5381	-4928	2416	14800	10	0	10	0	0	0	0	0	16	0	0	0	0	0	0	95	142	23135	9081	3038	2218
5382	-4608	2320	14784	10	0	10	0	0	0	0	0	16	0	0	0	0	0	0	95	142	23199	9189	3048	1529
5383	-4896	2384	14784	10	0	10	0	0	0	0	0	16	0	0	0	0	0	0	95	142	23197	9190	3040	995
5384	-4928	2368	14816	10	0	10	0	0	0	0	0	16	0	0	0	0	0	0	95	142	13217	6031	2530	622
5385	-4896	2384	14800	10	0	10	0	0	0	0	0	16	0	0	0	0	0	0	95	142	5978	4133	1289	377
5386	-4944	2416	14752	10	0	10	0	0	0	0	0	16	0	8	0	0	0	0	95	142	4097	3256	969	227
5387	-4928	2400	14816	10	0	10	0	0	0	0	0	16	0	0	0	0	0	0	95	142	78	133	72	137
5388	-4896	2416	14816	10	0	10	0	0	0	0	0	16	0	0	0	0	0	1	95	142	73	125	46	85
5389	-4912	2336	14816	10	0	10	0	0	0	0	0	16	0	0	0	0	0	5	95	142	69	123	28	56
5390	-4912	2416	14800	10	0	10	0	0	0	0	0	16	0	0	0	0	0	17	95	142	4	15	14	42
5391	-4880	2208	15136	10	0	10	0	0	0	0	0	20	0	8	0	0	0	15	95	142	4	13	11	37
5392	-4944	2208	14832	10	0	10	0	0	0	0	0	16	0	0	0	0	0	33	95	142	3	2	4	41
5393	-4976	2208	14816	10	0	10	0	0	0	0	0	16	0	0	0	0	0	87	95	142	4	2	4	47
5394	-4928	2368	15136	10	0	10	0	0	0	0	0	16	0	0	0	0	0	95	95	142	4	2	4	48
5395	-4768	2384	15136	10	0	10	0	0	0	0	0	16	0	0	0	0	0	95	95	142	5	3	5	45
5396	-4976	2384	15120	10	0	10	0	0	0	0	0	16	0	8	0	0	0	96	95	142	5	3	5	39
5397	-4992	2176	15152	10	0	10	0	0	0	0	0	16	0	0	0	0	4	14	95	142	5	3	5	33
5398	-4928	2176	15120	10	0	10	0	0	0	0	0	16	0	0	0	0	40	0	95	142	5	3	5	30
5399	-4944	2416	15136	10	0	10	0	0	0	0	0	16	0	0	0	0	42	0	95	142	4	3	5	25
5400	-4896	2176	14816	10	0	10	0	0	0	0	0	16	0	0	0	0	47	0	95	142	4	2	5	22
5401	-4896	2352	14816	10	0	10	0	0	0	0	0	16	0	0	0	0	47	0	95	142	4	2	5	19
5402	-4752	2368	15104	10	0	10	0	0	0	0	0	16	1	0	0	1	79	0	95	142	3	2	4	19
5403	-4976	2176	15104	10	0	10	0	0	0	0	0	16	0	0	0	4	92	0	95	142	3	1	3	19
5404	-4960	2176	14800	10	0	10	0	0	0	0	0	16	0	0	0	7	89	0	95	142	3	1	3	21
5405	-4928	2416	15184	10	0	10	0	0	0	0	0	16	0	0	0	4	85	0	95	142	3	1	3	23
5406	-4912	2208	15136	10	0	10	0	0	0	0	0	16	0	0	0	0	81	0	95	142	3	1	3	23
5407	-4944	2400	14832	10	0	10	0	0	0	0	0	16	0	0	0	0	44	0	95	142	4	1	3	21
5408	-4944	2176	14800	10	0	10	0	0	0	0	0	16	0	0	0	0	6	0	95	142	4	1	3	20
5409	-4992	2368	14816	10	0	10	0	0	0	0	0	16	0	0	0	0	3	0	95	142	4	1	3	17
5410	-4912	2416	14832	10	0	10	0	0	0	0	0	16	0	0	0	0	2	0	95	142	3	1	3	17
5411	-4608	2176	14816	10	0	10	0	0	0	0	0	16	0	0	0	0	2	0	95	142	3	1	3	18
5412	-4944	2352	15152	10	0	10	0	0	0	0	0	16	0	0	0	0	0	0	95	142	3	1	3	18
5413	-4912	2192	15152	10	0	10	0	0	0	0	0	16	0	0	0	0	0	0	95	142	3	1	3	18
5414	-4944	2208	15120	10	0	10	0	0	0	0	0	16	0	0	0	0	0	0	95	142	3	1	3	18
5415	-4944	2208	15136	10	0	10	0	0	0	0	0	16	0	0	0	0	0	0	95	142	2	1	3	19
5416	-4928	2240	14784	10	0	10	0	0	0	0	0	16	0	0	0	0	0	0	95	142	2	1	3	18
5417	-4912	2240	14832	10	0	10	0	0	0	0	0	16	0	0	0	0	0	0	95	142	2	1	3	18
5418	-4576	2272	14768	10	0	10	0	0	0	0	0	16	0	0	0	0	0	0	95	142	2	1	2	19
5419	-4576	2192	14768	10	0	10	0	0	0	0	0	16	0	0	0	0	0	0	95	142	3	1	3	20
5420	-4896	2208	15104	10	0	10	0	0	0	0	0	16	0	0	0	0	0	0	95	142	3	1	3	19
5421	-4960	2224	14784	10	0	10	0	0	0	0	0	16	0	0	0	0	0	0	95	142	3	1	3	17
5422	-4928	2208	15120	10	0	10	0	0	0	0	0	16	0	0	0	0	0	0	95	142	3	1	3	18
5423	-4896	2256	15120	10	0	10	0	0	0	0	0	16	0	0	0	0	0	0	95	142	3	1	3	19
5424	-4896	2256	14816	10	0	10	0	0	0	0	0	16	0	0	0	0	0	0	95	142	3	1	3	19
5425	-4576	2208	14832	10	0	10	0	0	0	0	0	16	0	0	0	0	0	0	95	142	3	1	3	20
5426	-4912	2400	15152	10	0	10	0	0	0	0	0	16	0	0	0	0	0	0	95	142	3	1	2	19
5427	-4928	2384	15152	10	0	10	0	0	0	0	0	16	0	0	0	0	0	0	95	142	3	1	2	20
5428	-4752	2192	15104	10	0	10	0	0	0	0	0	16	0	0	0	0	0	0	95	142	3	1	3	19
5429	-4944	2288	14832	10	0	10	0	0	0	0	0	16	0	0	0	0	0	0	95	142	3	1	3	20
5430	-4976	2240	15120	10	0	10	0	0	0	0	0	16	0	0	0	0	0	0	95	142	2	1	3	587
5431	-4912	2288	15104	10	0	10	0	0	0	0	0	16	0	0	0	0	0	0	95	142	747	218	72	1034
5432	-4496	2608	15104	10	0	10	0	0	0	0	0	16	0	0	0	0	0	0	95	142	952	412	128	1704
5433	-4928	2240	15136	10	0	10	0	0	0	0	0	16	0	0	0	0	0	0	95	142	1116	512	172	2389
5434	-4912	2560	14736	10	0	10	0	0	0	0	0	16	0	0	0	0	0	0	95	142	1898	592	268	2701
5435	-4976	2256	14944	10	0	10	0	0	0	0	0	16	0	0	0	0	0	0	95	142	2235	605	297	2857
5436	-4896	2224	15120	10	0	10	0	0	0	0	0	16	0	0	0	0	0	0	95	142	2385	673	334	2756
5437	-4784	2208	14816	10	0	10	0	0	0	0	0	16	0	0	0	0	0	0	95	142	2708	1002	438	2546
5438	-4832	2176	14800	10	0	10	0	0	0	0	0	16	0	0	0	0	0	0	95	142	4073	1413	594	2273
5439	-4960	2208	15136	10	0	10	0	0	0	0	0	16	0	0	0	0	0	0	95	142	3634	1377	583	1986
5440	-4784	2256	14768	10	0	10	0	0	0	0	0	16	0	0	0	0	0	0	95	142	3906	1342	707	1730
5441	-4960	2272	14752	10	0	10	0	0	0	0	0	16	0	0	0	0	0	0	95	142	3828	1276	704	1461
5442	-4752	2256	14800	10	0	10	0	0	0	0	0	16	0	0	0	0	0	0	95	142	3124	1291	665	1053
5443	-4592	2256	14832	10	0	10	0	0	0	0	0	16	0	8	0	0	0	0	95	142	2788	1287	639	694
5444	-4896	2240	15120	10	0	10	0	0	0	0	0	16	0	0	0	0	0	0	95	142	2637	1218	601	438
5445	-4960	2256	15120	10	0	10	0	0	0	0	0	16	0	0	0	0	0	0	95	142	2314	889	497	268
5446	-4928	2240	15120	10	0	10	0	0	0	0	0	16	0	0	0	0	0	0	95	142	949	478	341	167
5447	-4896	2240	15152	10	0	10	0	0	0	0	0	16	0	0	0	0	0	2	95	142	643	298	283	128
5448	-4944	2192	15104	10	0	10	0	0	0	0	0	20	0	8	0	0	0	16	95	142	167	140	104	111
5449	-4960	2208	14832	10	0	10	0	0	0	0	0	16	0	0	0	0	0	38	95	142	84	105	62	100
5450	-4912	2384	14832	10	0	10	0	0	0	0	0	16	0	0	0	0	0	50	95	142	9	10	6	100
5451	-4944	2352	15168	10	0	10	0	0	0	0	0	16	0	0	0	0	0	64	95	142	11	3	3	85
5452	-4896	2368	15184	10	0	10	0	0	0	0	0	16	0	0	0	0	0	84	95	142	12	4	4	79
5453	-4912	2400	15104	10	0	10	0	0	0	0	0	16	0	8	0	0	0	63	95	142	16	5	4	76
5454	-4928	2256	14800	10	0	10	0	0	0	0	0	16	0	0	0	0	12	29	95	142	17	6	5	74
5455	-4976	2224	14832	10	0	10	0	0	0	0	0	16	0	0	0	0	41	4	95	142	17	7	4	65
5456	-4960	2224	14832	10	0	10	0	0	0	0	0	16	0	0	0	0	46	0	95	142	16	6	4	54
5457	-4912	2192	15152	10	0	10	0	0	0	0	0	16	1	0	0	0	73	0	95	142	15	5	3	45
5458	-4944	2176	14832	10	0	10	0	0	0	0	0	16	0	0	0	0	92	0	95	142	12	6	3	37
5459	-4896	2368	15136	10	0	10	0	0	0	0	0	16	0	0	0	0	97	0	95	142	9	5	3	30
5460	-4928	2416	15104	10	0	10	0	0	0	0	0	16	0	0	0	0	96	0	95	142	8	4	3	25
5461	-4960	2384	15104	10	0	10	0	0	0	0	0	16	0	0	0	0	96	0	95	142	5	3	3	22
5462	-4928	2192	15136	10	0	10	0	0	0	0	0	16	0	0	0	0	91	0	95	142	4	3	3	20
5463	-4912	2208	14832	10	0	10	0	0	0	0	0	16	0	0	0	0	75	0	95	142	4	2	3	18
5464	-4896	2192	14816	10	0	10	0	0	0	0	0	16	0	0	0	0	57	0	95	142	3	2	3	18
5465	-4896	2192	14816	10	0	10	0	0	0	0	0	16	0	0	0	0	40	0	95	142	3	1	3	18
5466	-4928	2208	15104	10	0	10	0	0	0	0	0	16	0	0	0	0	21	0	95	142	2	1	3	18
5467	-4928	2176	15120	10	0	10	0	0	0	0	0	16	0	0	0	0	10	0	95	142	2	1	3	17
5468	-4992	2400	15168	10	0	10	0	0	0	0	0	16	0	0	0	0	12	0	95	142	2	1	3	16
5469	-4976	2176	14816	10	0	10	0	0	0	0	0	16	0	0	0	6	17	0	95	142	2	1	3	18
5470	-4960	2240	14816	10	0	10	0	0	0	0	0	16	0	0	0	6	14	0	95	142	2	1	3	20
5471	-4928	2208	15104	10	0	10	0	0	0	0	0	16	0	0	0	0	0	0	95	142	3	1	3	21
5472	-4928	2416	14800	10	0	10	0	0	0	0	0	16	0	0	0	0	0	0	95	142	3	1	3	21
5473	-4592	2416	15104	10	0	10	0	0	0	0	0	16	0	0	0	0	0	0	95	142	4	1	3	20
5474	-4896	2176	14832	10	0	10	0	0	0	0	0	16	0	0	0	0	0	0	95	142	4	1	3	21
5475	-4896	2400	15120	10	0	10	0	0	0	0	0	16	0	0	0	0	0	0	95	142	4	1	3	22
5476	-4944	2192	15152	10	0	10	0	0	0	0	0	16	0	0	0	0	0	0	95	142	4	1	3	23
5477	-4912	2240	15104	10	0	10	0	0	0	0	0	16	0	0	0	0	0	0	95	142	4	1	3	21
5478	-4608	2288	14784	10	0	10	0	0	0	0	0	16	0	0	0	0	0	0	95	142	3	1	3	20
5479	-4912	2208	15104	10	0	10	0	0	0	0	0	16	0	0	0	0	0	0	95	142	3	1	3	21
5480	-4880	2176	15120	10	0	10	0	0	0	0	0	16	0	0	0	0	0	0	95	142	3	1	3	22
5481	-4880	2224	15120	10	0	10	0	0	0	0	0	16	0	0	0	0	0	0	95	142	3	1	3	23
5482	-4912	2176	15104	10	0	10	0	0	0	0	0	16	0	0	0	0	0	0	95	142	3	1	3	24
5483	-4944	2224	15120	10	0	10	0	0	0	0	0	16	0	0	0	0	0	0	95	142	3	1	3	22
5484	-4928	2208	14832	10	0	10	0	0	0	0	0	16	0	0	0	0	0	0	95	142	4	1	3	22
5485	-4960	2208	14816	10	0	10	0	0	0	0	0	16	0	0	0	0	0	0	95	142	4	1	3	22
5486	-4928	2240	15104	10	0	10	0	0	0	0	0	16	0	0	0	0	0	0	95	142	4	1	3	22
5487	-4960	2176	15104	10	0	10	0	0	0	0	0	16	0	0	0	0	0	0	95	142	4	1	3	23
5488	-4912	2192	14832	10	0	10	0	0	0	0	0	16	0	0	0	0	0	0	95	142	4	1	3	27
5489	-4944	2208	15104	10	0	10	0	0	0	0	0	16	0	0	0	0	0	0	95	142	3	1	3	397
5490	-4912	2208	15104	10	0	10	0	0	0	0	0	16	0	0	0	0	0	0	95	142	215	130	36	887
5491	-4928	2560	15168	10	0	10	0	0	0	0	0	16	0	0	0	0	0	0	95	142	468	168	77	1230
5492	-4864	2400	14928	10	0	10	0	0	0	0	0	16	0	0	0	0	0	0	95	142	1048	376	149	1930
5493	-4576	2400	14864	10	0	10	0	0	0	0	0	16	0	0	0	0	0	0	95	142	1825	531	218	2895
5494	-4720	2240	14576	10	0	10	0	0	0	0	0	16	0	0	0	0	0	0	95	142	4146	722	342	3957
5495	-4560	2192	15120	10	0	10	0	0	0	0	0	16	0	0	0	0	0	0	95	142	11621	1458	854	3953
5496	-4496	2208	14832	10	0	10	0	0	0	0	0	16	0	0	0	0	0	0	95	142	13412	2086	1377	3543
5497	-4752	2576	14928	10	0	10	0	0	0	0	0	16	0	0	0	0	0	0	95	142	13645	2171	1445	3073
5498	-4944	2176	14768	10	0	10	0	0	0	0	0	16	0	0	0	0	0	0	95	142	14532	2183	1514	2590
5499	-4896	2016	14832	10	0	10	0	0	0	0	0	16	0	0	0	0	0	0	95	142	14859	2663	1654	2551
5500	-4976	2368	14832	10	0	10	0	0	0	0	0	16	0	0	0	0	0	0	95	142	14292	2461	1658	2169
5501	-4960	2384	14800	10	0	10	0	0	0	0	0	16	0	0	0	0	0	0	95	142	13802	2344	1619	1544
5502	-4992	2400	14800	10	0	10	0	0	0	0	0	16	0	0	0	0	0	0	95	142	11483	2152	1497	1006
5503	-4976	2208	14752	10	0	10	0	0	0	0	0	16	0	8	0	0	0	0	95	142	4008	1417	985	625
5504	-4960	2240	14768	10	0	10	0	0	0	0	0	16	0	0	0	0	0	0	95	142	2217	789	462	378
5505	-4912	2192	14752	10	0	10	0	0	0	0	0	16	0	0	0	0	0	0	95	142	1984	704	394	230
5506	-4944	2208	14736	10	0	10	0	0	0	0	0	16	0	0	0	0	0	1	95	142	886	563	292	152
5507	-4992	2256	14816	10	0	10	0	0	0	0	0	16	0	0	0	0	0	7	95	142	309	46	111	117
5508	-4976	2240	14800	10	0	10	0	0	0	0	0	20	0	8	0	0	0	31	95	142	298	40	35	102
5509	-4976	2176	15104	10	0	10	0	0	0	0	0	16	0	0	0	0	0	39	95	142	12	7	6	92
5510	-4912	2176	14800	10	0	10	0	0	0	0	0	16	0	0	0	0	0	38	95	142	11	9	5	93
5511	-4976	2352	14816	10	0	10	0	0	0	0	0	16	0	0	0	0	0	67	95	142	12	9	6	89
5512	-4976	2400	14800	10	0	10	0	0	0	0	0	16	0	0	0	0	0	66	95	142	12	11	6	98
5513	-4976	2416	14800	10	0	10	0	0	0	0	0	16	0	8	0	0	2	35	95	142	15	11	7	91
5514	-4928	2224	14832	10	0	10	0	0	0	0	0	16	0	0	0	0	33	26	95	142	15	11	7	85
5515	-4976	2384	15120	10	0	10	0	0	0	0	0	16	0	0	0	0	45	0	95	142	14	11	7	74
5516	-4880	2192	14816	10	0	10	0	0	0	0	0	16	1	0	0	0	57	0	95	142	12	11	7	62
5517	-4960	2192	14832	10	0	10	0	0	0	0	0	16	0	0	0	0	86	0	95	142	10	7	6	50
5518	-4976	2208	15104	10	0	10	0	0	0	0	0	16	0	0	0	0	97	0	95	142	10	5	5	40
5519	-4992	2256	15120	10	0	10	0	0	0	0	0	16	0	0	0	0	97	0	95	142	10	4	5	34
5520	-4976	2192	15152	10	0	10	0	0	0	0	0	16	0	0	0	0	96	0	95	142	9	2	4	29
5521	-4976	2208	14832	10	0	10	0	0	0	0	0	16	0	0	0	0	93	0	95	142	6	2	3	24
5522	-4752	2208	15120	10	0	10	0	0	0	0	0	16	0	0	0	0	84	0	95	142	6	2	3	20
5523	-4928	2384	15120	10	0	10	0	0	0	0	0	16	0	0	0	0	67	0	95	142	4	2	3	19
5524	-4976	2176	14832	10	0	10	0	0	0	0	0	16	0	0	0	0	58	0	95	142	4	1	3	20
5525	-4992	2208	14800	10	0	10	0	0	0	0	0	16	0	0	0	0	43	0	95	142	3	1	2	19
5526	-4960	2416	14784	10	0	10	0	0	0	0	0	16	0	0	0	0	19	0	95	142	2	1	2	18
5527	-4752	2208	14816	10	0	10	0	0	0	0	0	16	0	0	0	0	14	0	95	142	2	1	2	19
5528	-4928	2416	14784	10	0	10	0	0	0	0	0	16	0	0	0	5	22	0	95	142	2	1	3	17
5529	-4880	2400	14784	10	0	10	0	0	0	0	0	16	0	0	0	9	26	0	95	142	3	1	3	17
5530	-4912	2192	14784	10	0	10	0	0	0	0	0	16	0	0	0	4	7	0	95	142	3	1	3	18
5531	-4928	2192	14784	10	0	10	0	0	0	0	0	16	0	0	0	0	1	0	95	142	3	1	3	19
5532	-4928	2192	14816	10	0	10	0	0	0	0	0	16	0	0	0	0	1	0	95	142	3	1	3	19
5533	-4944	2192	14816	10	0	10	0	0	0	0	0	16	0	0	0	0	1	0	95	142	3	1	3	19
5534	-4928	2224	14784	10	0	10	0	0	0	0	0	16	0	0	0	0	0	0	95	142	3	1	3	19
5535	-4928	2208	14752	10	0	10	0	0	0	0	0	16	0	0	0	0	0	0	95	142	2	1	3	19
5536	-4960	2176	15104	10	0	10	0	0	0	0	0	16	0	0	0	0	0	0	95	142	3	1	3	18
5537	-4960	2240	15104	10	0	10	0	0	0	0	0	16	0	0	0	0	0	0	95	142	3	1	3	20
5538	-4928	2240	14832	10	0	10	0	0	0	0	0	16	0	0	0	0	0	0	95	142	2	1	3	19
5539	-4976	2400	15104	10	0	10	0	0	0	0	0	16	0	0	0	0	0	0	95	142	2	1	3	21
5540	-4960	2400	14832	10	0	10	0	0	0	0	0	16	0	0	0	0	0	0	95	142	3	1	3	20
5541	-4912	2208	15104	10	0	10	0	0	0	0	0	16	0	0	0	0	0	0	95	142	3	1	4	20
5542	-4928	2192	14800	10	0	10	0	0	0	0	0	16	0	0	0	0	0	0	95	142	3	1	3	19
5543	-4992	2240	14800	10	0	10	0	0	0	0	0	16	0	0	0	0	0	0	95	142	3	1	3	20
5544	-4976	2240	14816	10	0	10	0	0	0	0	0	16	0	0	0	0	0	0	95	142	3	1	3	30
5545	-4752	2272	14816	10	0	10	0	0	0	0	0	16	0	0	0	0	0	0	95	142	3	2	4	511
5546	-4880	2208	15168	10	0	10	0	0	0	0	0	16	0	0	0	0	0	0	95	142	2091	170	153	796
5547	-4912	2240	14816	10	0	10	0	0	0	0	0	16	0	0	0	0	0	0	95	142	2108	223	165	1130
5548	-4560	2352	14816	10	0	10	0	0	0	0	0	16	0	0	0	0	0	0	95	142	2221	241	189	1467
5549	-4912	2304	14736	10	0	10	0	0	0	0	0	16	0	0	0	0	0	0	95	142	3072	313	236	1889
5550	-4944	2320	15104	10	0	10	0	0	0	0	0	16	0	0	0	0	0	0	95	142	3817	346	290	1978
5551	-4992	2176	14720	10	0	10	0	0	0	0	0	16	0	0	0	0	0	0	95	142	4024	389	352	2441
5552	-4768	2240	14800	10	0	10	0	0	0	0	0	16	0	0	0	0	0	0	95	142	4331	423	378	2370
5553	-4768	2208	14800	10	0	10	0	0	0	0	0	16	0	0	0	0	0	0	95	142	4480	468	493	1866
5554	-4752	2272	14816	10	0	10	0	0	0	0	0	16	0	0	0	0	0	0	95	142	2399	306	425	1355
5555	-4944	2176	14800	10	0	10	0	0	0	0	0	16	0	0	0	0	0	0	95	142	2387	286	440	1092
5556	-4752	2192	14816	10	0	10	0	0	0	0	0	16	0	0	0	0	0	0	95	142	2335	296	434	821
5557	-4960	2288	15104	10	0	10	0	0	0	0	0	16	0	0	0	0	0	0	95	142	1491	239	418	566
5558	-4992	2224	14832	10	0	10	0	0	0	0	0	16	0	0	0	0	0	1	95	142	747	207	366	366
5559	-4944	2176	15104	10	0	10	0	0	0	0	0	16	0	8	0	0	0	1	95	142	540	163	304	229
5560	-4960	2416	14832	10	0	10	0	0	0	0	0	16	0	0	0	0	0	1	95	142	232	129	279	140
5561	-4992	2416	15104	10	0	10	0	0	0	0	0	16	0	0	0	0	0	4	95	142	84	84	162	88
5562	-4976	2416	14832	10	0	10	0	0	0	0	0	16	0	0	0	0	0	15	95	142	78	78	81	61
5563	-4992	2240	15136	10	0	10	0	0	0	0	0	16	0	0	0	0	0	35	95	142	72	46	54	59
5564	-4976	2240	14832	10	0	10	0	0	0	0	0	20	0	8	0	0	0	55	95	142	11	16	36	63
5565	-4960	2224	15120	10	0	10	0	0	0	0	0	16	0	0	0	0	0	76	95	142	6	3	5	76
5566	-4912	2208	14784	10	0	10	0	0	0	0	0	16	0	0	0	0	0	79	95	142	9	3	4	94
5567	-4928	2192	14784	10	0	10	0	0	0	0	0	16	0	0	0	0	0	88	95	142	12	6	5	106
5568	-4992	2368	14816	10	0	10	0	0	0	0	0	16	0	0	0	0	1	72	95	142	14	9	7	103
5569	-4976	2352	14800	10	0	10	0	0	0	0	0	16	0	8	0	0	22	38	95	142	16	12	8	108
5570	-4960	2384	15104	10	0	10	0	0	0	0	0	16	0	0	0	0	43	12	95	142	23	15	10	118
5571	-4960	2176	14832	10	0	10	0	0	0	0	0	16	0	0	0	0	45	0	95	142	30	21	11	130
5572	-4992	2352	14816	10	0	10	0	0	0	0	0	16	0	0	0	0	46	0	95	142	32	23	12	131
5573	-4960	2416	15120	10	0	10	0	0	0	0	0	16	1	0	0	0	68	0	95	142	35	23	13	122
5574	-4976	2400	14816	10	0	10	0	0	0	0	0	16	0	0	0	0	89	0	95	142	34	23	13	110
5575	-4752	2352	14832	10	0	10	0	0	0	0	0	16	0	0	0	0	89	0	95	142	32	20	13	101
5576	-4928	2240	14800	10	0	10	0	0	0	0	0	16	0	0	0	0	89	0	95	142	29	18	10	95
5577	-4960	2192	14816	10	0	10	0	0	0	0	0	16	0	0	0	0	81	0	95	142	29	15	10	86
5578	-4944	2208	15184	10	0	10	0	0	0	0	0	16	0	0	0	0	53	0	95	142	22	12	8	76
5579	-4912	2400	15104	10	0	10	0	0	0	0	0	16	0	0	0	0	18	0	95	142	16	6	7	65
5580	-4928	2336	15104	10	0	10	0	0	0	0	0	16	0	0	0	0	9	0	95	142	14	4	6	54
5581	-4928	2416	14768	10	0	10	0	0	0	0	0	16	0	0	0	0	5	0	95	142	8	3	5	44
5582	-4752	2384	15104	10	0	10	0	0	0	0	0	16	0	0	0	0	4	0	95	142	6	3	4	35
5583	-4960	2416	15104	10	0	10	0	0	0	0	0	16	0	0	0	0	5	0	95	142	5	2	3	31
5584	-4992	2400	14832	10	0	10	0	0	0	0	0	16	0	0	0	0	8	0	95	142	4	2	3	26
5585	-4928	2416	14832	10	0	10	0	0	0	0	0	16	0	0	0	0	6	0	95	142	3	2	3	25
5586	-4912	2224	14832	10	0	10	0	0	0	0	0	16	0	0	0	0	0	0	95	142	3	2	3	22
5587	-4912	2384	15136	10	0	10	0	0	0	0	0	16	0	0	0	0	0	0	95	142	2	2	3	18
5588	-4944	2368	15120	10	0	10	0	0	0	0	0	16	0	0	0	0	0	0	95	142	2	1	3	17
5589	-4992	2416	15136	10	0	10	0	0	0	0	0	16	0	0	0	0	0	0	95	142	2	1	3	18
5590	-4992	2384	15120	10	0	10	0	0	0	0	0	16	0	0	0	0	0	0	95	142	2	1	3	19
5591	-4752	2208	14832	10	0	10	0	0	0	0	0	16	0	0	0	0	0	0	95	142	2	1	3	20
5592	-4992	2416	14800	10	0	10	0	0	0	0	0	16	0	0	0	0	0	0	95	142	2	1	3	20
5593	-4976	2240	14800	10	0	10	0	0	0	0	0	16	0	0	0	0	0	0	95	142	2	1	3	18
5594	-4960	2400	14816	10	0	10	0	0	0	0	0	16	0	0	0	0	0	0	95	142	2	1	3	18
5595	-4896	2176	15104	10	0	10	0	0	0	0	0	16	0	0	0	0	0	0	95	142	2	1	3	18
5596	-4608	2176	15104	10	0	10	0	0	0	0	0	16	0	0	0	0	0	0	95	142	3	1	3	17
5597	-4960	2400	14832	10	0	10	0	0	0	0	0	16	0	0	0	0	0	0	95	142	3	1	2	16
5598	-4912	2368	14816	10	0	10	0	0	0	0	0	16	0	0	0	0	0	0	95	142	3	1	2	16
5599	-4944	2416	14816	10	0	10	0	0	0	0	0	16	0	0	0	0	0	0	95	142	3	1	3	15
5600	-4912	2416	14768	10	0	10	0	0	0	0	0	16	0	0	0	0	0	0	95	142	3	1	3	17
5601	-4912	2384	14816	10	0	10	0	0	0	0	0	16	0	0	0	0	0	0	95	142	4	1	3	17
5602	-4912	2384	14816	10	0	10	0	0	0	0	0	16	0	0	0	0	0	0	95	142	4	1	3	17
5603	-4960	2400	14800	10	0	10	0	0	0	0	0	16	0	0	0	0	0	0	95	142	4	1	3	17
5604	-4768	2416	15104	10	0	10	0	0	0	0	0	16	0	0	0	0	0	0	95	142	3	1	3	18
5605	-4960	2240	15152	10	0	10	0	0	0	0	0	16	0	0	0	0	0	0	95	142	3	1	3	20
5606	-4896	2224	14832	10	0	10	0	0	0	0	0	16	0	0	0	0	0	0	95	142	3	1	3	20
5607	-4960	2400	15136	10	0	10	0	0	0	0	0	16	0	0	0	0	0	0	95	142	3	1	3	25
5608	-4928	2176	15120	10	0	10	0	0	0	0	0	16	0	0	0	0	0	0	95	142	2	1	3	250
5609	-4608	2176	15168	10	0	10	0	0	0	0	0	16	0	0	0	0	0	0	95	142	159	43	19	339
5610	-4928	2192	15184	10	0	10	0	0	0	0	0	16	0	0	0	0	0	0	95	142	177	58	47	522
5611	-4944	2240	14752	10	0	10	0	0	0	0	0	16	0	0	0	0	0	0	95	142	184	71	69	849
5612	-4976	2272	15120	10	0	10	0	0	0	0	0	16	0	0	0	0	0	0	95	142	247	95	161	1351
5613	-4544	2032	15184	10	0	10	0	0	0	0	0	16	0	0	0	0	0	0	95	142	734	207	261	1839
5614	-4592	2000	14960	10	0	10	0	0	0	0	0	16	0	0	0	0	0	0	95	142	865	331	366	1805
5615	-4896	2400	14992	10	0	10	0	0	0	0	0	16	0	0	0	0	0	0	95	142	1199	401	644	1579
5616	-4880	2320	14944	10	0	10	0	0	0	0	0	16	0	0	0	0	0	0	95	142	1324	456	757	1587
5617	-4560	2016	14736	10	0	10	0	0	0	0	0	16	0	0	0	0	0	0	95	142	2335	586	855	1533
5618	-4928	2672	14928	10	0	10	0	0	0	0	0	16	0	0	0	0	0	0	95	142	2402	810	1054	1565
5619	-4576	2848	14560	10	0	10	0	0	0	0	0	16	0	0	0	0	0	0	95	142	2419	805	1046	1529
5620	-4912	2208	14960	10	0	10	0	0	0	0	0	16	0	0	0	0	0	0	95	142	2381	792	1002	1156
5621	-4912	2224	14784	10	0	10	0	0	0	0	0	16	0	0	0	0	0	0	95	142	1894	681	909	780
5622	-4928	2208	14784	10	0	10	0	0	0	0	0	16	0	0	0	0	0	0	95	142	1763	557	804	496
5623	-4912	2384	14784	10	0	10	0	0	0	0	0	16	0	8	0	0	0	1	95	142	1429	487	526	306
5624	-4944	2208	14784	10	0	10	0	0	0	0	0	16	0	0	0	0	0	0	95	142	1304	432	413	199
5625	-4608	2192	14800	10	0	10	0	0	0	0	0	16	0	0	0	0	0	1	95	142	137	260	299	150
5626	-4928	2416	14816	10	0	10	0	0	0	0	0	16	0	0	0	0	0	7	95	142	52	22	73	132
5627	-4928	2368	15120	10	0	10	0	0	0	0	0	16	0	0	0	0	0	22	95	142	29	16	60	135
5628	-4752	2352	14832	10	0	10	0	0	0	0	0	20	0	8	0	0	0	28	95	142	15	14	15	140
5629	-4960	2176	15152	10	0	10	0	0	0	0	0	16	0	0	0	0	0	40	95	142	24	16	10	144
5630	-4992	2400	14816	10	0	10	0	0	0	0	0	16	0	0	0	0	0	70	95	142	30	20	10	141
5631	-4992	2400	14784	10	0	10	0	0	0	0	0	16	0	0	0	0	0	78	95	142	31	21	12	134
5632	-4976	2208	14752	10	0	10	0	0	0	0	0	16	0	0	0	0	0	80	95	142	34	24	13	130
5633	-4992	2176	14736	10	0	10	0	0	0	0	0	16	0	8	0	0	5	61	95	142	37	27	13	121
5634	-4976	2416	14816	10	0	10	0	0	0	0	0	16	0	0	0	0	35	41	95	142	38	28	13	111
5635	-4960	2192	14832	10	0	10	0	0	0	0	0	16	0	0	0	0	43	0	95	142	41	27	12	95
5636	-4752	2400	14832	10	0	10	0	0	0	0	0	16	0	0	0	0	44	0	95	142	33	20	10	84
5637	-4992	2352	14832	10	0	10	0	0	0	0	0	16	1	0	0	0	65	0	95	142	24	17	7	87
5638	-4992	2368	15104	10	0	10	0	0	0	0	0	16	0	0	0	0	79	0	95	142	19	14	7	75
5639	-4816	2384	15136	10	0	10	0	0	0	0	0	16	0	0	0	0	94	0	95	142	17	12	6	56
5640	-4976	2416	14800	10	0	10	0	0	0	0	0	16	0	0	0	0	93	0	95	142	15	9	5	42
5641	-4960	2192	14816	10	0	10	0	0	0	0	0	16	0	0	0	0	87	0	95	142	11	6	4	32
5642	-4960	2176	15104	10	0	10	0	0	0	0	0	16	0	0	0	0	66	0	95	142	10	5	4	26
5643	-4960	2400	15104	10	0	10	0	0	0	0	0	16	0	0	0	0	49	0	95	142	5	3	4	22
5644	-4912	2288	14832	10	0	10	0	0	0	0	0	16	0	0	0	0	33	0	95	142	4	3	4	24
5645	-4992	2240	14816	10	0	10	0	0	0	0	0	16	0	0	0	0	12	0	95	142	3	2	4	25
5646	-4944	2272	14816	10	0	10	0	0	0	0	0	16	0	0	0	0	9	0	95	142	2	1	3	25
5647	-4592	2256	14752	10	0	10	0	0	0	0	0	16	0	0	0	0	8	0	95	142	3	1	3	30
5648	-4912	2384	14816	10	0	10	0	0	0	0	0	16	0	0	0	2	10	0	95	142	3	2	4	29
5649	-4912	2368	15120	10	0	10	0	0	0	0	0	16	0	0	0	16	11	0	95	142	3	3	4	29
5650	-4928	2384	15120	10	0	10	0	0	0	0	0	16	0	0	0	38	2	0	95	142	2	2	4	29
5651	-4896	2192	15104	10	0	10	0	0	0	0	0	16	0	0	0	18	0	0	95	142	2	2	4	29
5652	-4880	2368	15104	10	0	10	0	0	0	0	0	16	0	0	0	4	0	0	95	142	2	2	4	34
5653	-4944	2384	14800	10	0	10	0	0	0	0	0	16	0	0	0	0	0	0	95	142	4	2	4	37
5654	-4928	2240	14816	10	0	10	0	0	0	0	0	16	0	0	0	0	0	0	95	142	4	3	4	45
5655	-4992	2224	14816	10	0	10	0	0	0	0	0	16	0	0	0	0	0	0	95	142	6	3	4	61
5656	-4912	2288	15136	10	0	10	0	0	0	0	0	16	0	0	0	0	0	0	95	142	6	3	4	70
5657	-4944	2176	14832	10	0	10	0	0	0	0	0	16	0	0	0	0	0	0	95	142	9	5	4	71
5658	-4896	2416	15104	10	0	10	0	0	0	0	0	16	0	0	0	0	0	0	95	142	10	5	4	70
5659	-4928	2384	14800	10	0	10	0	0	0	0	0	16	0	0	0	0	0	0	95	142	10	6	4	68
5660	-4768	2336	14800	10	0	10	0	0	0	0	0	16	0	0	0	0	0	0	95	142	11	6	4	63
5661	-4752	2304	14800	10	0	10	0	0	0	0	0	16	0	0	0	0	0	0	95	142	11	7	4	60
5662	-4752	2336	14832	10	0	10	0	0	0	0	0	16	0	0	0	0	0	0	95	142	13	7	4	56
5663	-4976	2384	15152	10	0	10	0	0	0	0	0	16	0	0	0	0	0	0	95	142	11	6	4	49
5664	-4768	2416	15152	10	0	10	0	0	0	0	0	16	0	0	0	0	0	0	95	142	10	6	3	41
5665	-4960	2176	14816	10	0	10	0	0	0	0	0	16	0	0	0	0	0	0	95	142	7	3	3	35
5666	-4944	2176	15120	10	0	10	0	0	0	0	0	16	0	0	0	0	0	0	95	142	7	4	3	31
5667	-4960	2176	15120	10	0	10	0	0	0	0	0	16	0	0	0	0	0	0	95	142	8	3	3	29
5668	-4912	2176	14832	10	0	10	0	0	0	0	0	16	0	0	0	0	0	0	95	142	7	3	3	107
5669	-4960	2416	15136	10	0	10	0	0	0	0	0	16	0	0	0	0	0	0	95	142	6	4	7	402
5670	-4592	2240	15104	10	0	10	0	0	0	0	0	16	0	0	0	0	0	0	95	142	251	99	44	854
5671	-4912	2608	15424	10	0	10	0	0	0	0	0	16	0	0	0	0	0	0	95	142	1216	305	253	1364
5672	-4976	2640	15184	10	0	10	0	0	0	0	0	16	0	0	0	0	0	0	95	142	1516	480	354	1659
5673	-4816	2256	14912	10	0	10	0	0	0	0	0	16	0	0	0	0	0	0	95	142	2474	549	640	1827
5674	-4752	2256	14576	10	0	10	0	0	0	0	0	16	0	0	0	0	0	0	95	142	2498	646	813	1908
5675	-4800	2368	14768	10	0	10	0	0	0	0	0	16	0	0	0	0	0	0	95	142	2700	880	911	1837
5676	-4768	1952	14944	10	0	10	0	0	0	0	0	16	0	0	0	0	0	0	95	142	2703	905	1026	1869
5677	-4832	2192	15200	10	0	10	0	0	0	0	0	16	0	0	0	0	0	0	95	142	2731	1021	1344	1708
5678	-4848	2416	15152	10	0	10	0	0	0	0	0	16	0	0	0	0	0	0	95	142	2918	1034	1401	1369
5679	-4752	2208	15120	10	0	10	0	0	0	0	0	16	0	0	0	0	0	0	95	142	2038	856	1219	965
5680	-4992	2192	14800	10	0	10	0	0	0	0	0	16	0	0	0	0	0	0	95	142	1740	686	1128	631
5681	-4992	2208	14768	10	0	10	0	0	0	0	0	16	0	0	0	0	0	0	95	142	782	617	843	395
5682	-4976	2224	14816	10	0	10	0	0	0	0	0	16	0	8	0	0	0	0	95	142	758	520	669	242
5683	-4752	2176	15104	10	0	10	0	0	0	0	0	16	0	0	0	0	0	0	95	142	556	285	572	151
5684	-4992	2192	14832	10	0	10	0	0	0	0	0	16	0	0	0	0	0	2	95	142	552	260	456	95
5685	-4768	2384	14816	10	0	10	0	0	0	0	0	16	0	0	0	0	0	7	95	142	524	143	135	64
5686	-4752	2192	14816	10	0	10	0	0	0	0	0	16	0	0	0	0	0	15	95	142	91	34	41	50
5687	-4960	2256	14816	10	0	10	0	0	0	0	0	20	0	8	0	0	0	36	95	142	5	5	13	54
5688	-4896	2224	14784	10	0	10	0	0	0	0	0	16	0	0	0	0	0	68	95	142	6	1	3	69
5689	-4752	2416	15120	10	0	10	0	0	0	0	0	16	0	0	0	0	0	87	95	142	6	1	4	95
5690	-4976	2416	14832	10	0	10	0	0	0	0	0	16	0	0	0	0	0	92	95	142	12	6	6	139
5691	-4976	2400	14816	10	0	10	0	0	0	0	0	16	0	0	0	0	0	94	95	142	19	10	9	165
5692	-4912	2400	14800	10	0	10	0	0	0	0	0	16	0	8	0	0	1	69	95	142	21	24	13	164
5693	-4944	2416	14784	10	0	10	0	0	0	0	0	16	0	0	0	0	26	36	95	142	26	27	14	166
5694	-4992	2192	14800	10	0	10	0	0	0	0	0	16	0	0	0	0	42	18	95	142	30	28	16	164
5695	-4768	2176	14816	10	0	10	0	0	0	0	0	16	0	0	0	0	46	0	95	142	31	30	18	158
5696	-4816	2208	14752	10	0	10	0	0	0	0	0	16	0	0	0	0	46	0	95	142	31	37	19	148
5697	-4752	2224	14752	10	0	10	0	0	0	0	0	16	1	0	0	0	70	0	95	142	43	42	20	146
5698	-4752	2192	14768	10	0	10	0	0	0	0	0	16	0	0	0	1	88	0	95	142	38	39	20	148
5699	-4992	2384	14832	10	0	10	0	0	0	0	0	16	0	0	0	1	90	0	95	142	45	42	19	136
5700	-4928	2384	15120	10	0	10	0	0	0	0	0	16	0	0	0	0	88	0	95	142	52	29	16	128
5701	-4976	2368	14800	10	0	10	0	0	0	0	0	16	0	0	0	0	82	0	95	142	48	27	15	121
5702	-4976	2384	15104	10	0	10	0	0	0	0	0	16	0	0	0	0	38	0	95	142	48	27	13	115
5703	-4992	2416	14832	10	0	10	0	0	0	0	0	16	0	0	0	0	9	0	95	142	51	25	11	100
5704	-4768	2400	15104	10	0	10	0	0	0	0	0	16	0	0	0	0	4	0	95	142	48	19	11	85
5705	-4784	2416	15120	10	0	10	0	0	0	0	0	16	0	0	0	0	3	0	95	142	36	14	9	69
5706	-4752	2400	15152	10	0	10	0	0	0	0	0	16	0	0	0	0	3	0	95	142	35	13	7	60
5707	-4752	2384	15136	10	0	10	0	0	0	0	0	16	0	0	0	0	5	0	95	142	22	7	5	52
5708	-4928	2368	15136	10	0	10	0	0	0	0	0	16	0	0	0	0	10	0	95	142	13	4	4	47
5709	-4752	2416	14784	10	0	10	0	0	0	0	0	16	0	0	0	0	10	0	95	142	12	4	4	40
5710	-4784	2416	14800	10	0	10	0	0	0	0	0	16	0	0	0	0	2	0	95	142	8	3	4	36
5711	-4992	2192	14800	10	0	10	0	0	0	0	0	16	0	0	0	0	1	0	95	142	4	2	3	29
5712	-4752	2224	14800	10	0	10	0	0	0	0	0	16	0	0	0	0	0	0	95	142	4	2	3	26
5713	-4976	2384	14800	10	0	10	0	0	0	0	0	16	0	0	0	0	0	0	95	142	3	1	3	23
5714	-4928	2416	14832	10	0	10	0	0	0	0	0	16	0	0	0	0	0	0	95	142	2	1	2	22
5715	-4944	2176	14768	10	0	10	0	0	0	0	0	16	0	0	0	0	0	0	95	142	3	1	2	20
5716	-4928	2416	14784	10	0	10	0	0	0	0	0	16	0	0	0	0	0	0	95	142	3	1	2	20
5717	-4976	2384	14784	10	0	10	0	0	0	0	0	16	0	0	0	0	0	0	95	142	3	1	2	21
5718	-4752	2416	14768	10	0	10	0	0	0	0	0	16	0	0	0	0	0	0	95	142	2	1	2	20
5719	-4784	2208	14816	10	0	10	0	0	0	0	0	16	0	0	0	0	0	0	95	142	3	1	2	22
5720	-4768	2224	14816	10	0	10	0	0	0	0	0	16	0	0	0	0	0	0	95	142	2	1	2	22
5721	-4960	2256	14800	10	0	10	0	0	0	0	0	16	0	0	0	0	0	0	95	142	2	1	2	20
5722	-4752	2208	14784	10	0	10	0	0	0	0	0	16	0	0	0	0	0	0	95	142	2	1	2	19
5723	-4784	2208	14784	10	0	10	0	0	0	0	0	16	0	0	0	0	0	0	95	142	2	1	2	19
5724	-4768	2224	14800	10	0	10	0	0	0	0	0	16	0	0	0	0	0	0	95	142	2	1	2	22
5725	-4784	2240	14816	10	0	10	0	0	0	0	0	16	0	0	0	0	0	0	95	142	2	1	2	22
5726	-4976	2256	14784	10	0	10	0	0	0	0	0	16	0	0	0	0	0	0	95	142	2	1	2	22
5727	-4752	2224	14816	10	0	10	0	0	0	0	0	16	0	0	0	0	0	0	95	142	2	1	2	21
5728	-4960	2224	14832	10	0	10	0	0	0	0	0	16	0	0	0	0	0	0	95	142	2	1	2	21
5729	-4960	2400	14768	10	0	10	0	0	0	0	0	16	0	0	0	0	0	0	95	142	2	1	2	22
5730	-4976	2336	14816	10	0	10	0	0	0	0	0	16	0	0	0	0	0	0	95	142	3	1	3	92
5731	-4912	2384	14832	10	0	10	0	0	0	0	0	16	0	0	0	0	0	0	95	142	4	5	11	309
5732	-4752	2416	14752	10	0	10	0	0	0	0	0	16	0	0	0	0	0	0	95	142	97	23	47	593
5733	-4784	2368	14928	10	0	10	0	0	0	0	0	16	0	0	0	0	0	0	95	142	185	106	81	1071
5734	-4832	2320	14480	10	0	10	0	0	0	0	0	16	0	0	0	0	0	0	95	142	506	129	184	1666
5735	-4992	2368	14800	10	0	10	0	0	0	0	0	16	0	0	0	0	0	0	95	142	1212	274	252	2222
5736	-4896	2208	15216	10	0	10	0	0	0	0	0	16	0	0	0	0	0	0	95	142	2129	477	427	2608
5737	-4944	2416	14960	10	0	10	0	0	0	0	0	16	0	0	0	0	0	0	95	142	2504	718	572	2802
5738	-4944	2176	14784	10	0	10	0	0	0	0	0	16	0	0	0	0	0	0	95	142	3971	820	651	2716
5739	-4608	2224	14832	10	0	10	0	0	0	0	0	16	0	0	0	0	0	0	95	142	5616	1109	1150	2623
5740	-4896	2560	14992	10	0	10	0	0	0	0	0	16	0	0	0	0	0	0	95	142	5732	1295	1153	2445
5741	-4880	2208	15024	10	0	10	0	0	0	0	0	16	0	0	0	0	0	0	95	142	6907	1443	1312	1975
5742	-4944	2224	15136	10	0	10	0	0	0	0	0	16	0	0	0	0	0	0	95	142	6607	1424	1229	1388
5743	-4896	2224	15104	10	0	10	0	0	0	0	0	16	0	0	0	0	0	0	95	142	5902	1281	1168	900
5744	-4912	2208	15152	10	0	10	0	0	0	0	0	16	0	0	0	0	0	0	95	142	4984	1077	993	557
5745	-4928	2208	14832	10	0	10	0	0	0	0	0	16	0	8	0	0	0	0	95	142	4610	837	848	338
5746	-4928	2176	15104	10	0	10	0	0	0	0	0	16	0	0	0	0	0	0	95	142	3143	734	769	211
5747	-4976	2192	15104	10	0	10	0	0	0	0	0	16	0	0	0	0	0	1	95	142	1497	442	262	154
5748	-4928	2224	14832	10	0	10	0	0	0	0	0	16	0	0	0	0	0	3	95	142	1290	241	223	139
5749	-4976	2192	14768	10	0	10	0	0	0	0	0	16	0	0	0	0	0	9	95	142	32	16	33	148
5750	-4912	2176	14800	10	0	10	0	0	0	0	0	20	0	8	0	0	0	27	95	142	13	14	15	142
5751	-4880	2416	14800	10	0	10	0	0	0	0	0	16	0	0	0	0	0	44	95	142	17	15	12	140
5752	-4912	2176	14816	10	0	10	0	0	0	0	0	16	0	0	0	0	0	72	95	142	19	16	14	152
5753	-4944	2368	15120	10	0	10	0	0	0	0	0	16	0	0	0	0	0	85	95	142	33	26	18	149
5754	-4944	2368	15104	10	0	10	0	0	0	0	0	16	0	0	0	0	0	86	95	142	36	29	20	141
5755	-4944	2400	15120	10	0	10	0	0	0	0	0	16	0	8	0	0	1	53	95	142	40	30	22	130
5756	-4992	2352	15120	10	0	10	0	0	0	0	0	16	0	0	0	0	18	26	95	142	38	30	22	118
5757	-4976	2192	15136	10	0	10	0	0	0	0	0	16	0	0	0	0	42	3	95	142	36	25	20	109
5758	-4976	2256	14816	10	0	10	0	0	0	0	0	16	0	0	0	0	47	0	95	142	37	24	19	99
5759	-4992	2176	14832	10	0	10	0	0	0	0	0	16	1	0	0	0	79	0	95	142	36	24	16	89
5760	-4912	2384	15120	10	0	10	0	0	0	0	0	16	0	0	0	0	92	0	95	142	35	25	14	82
5761	-4928	2208	14816	10	0	10	0	0	0	0	0	16	0	0	0	0	96	0	95	142	21	15	10	75
5762	-4976	2416	14800	10	0	10	0	0	0	0	0	16	0	0	0	0	96	0	95	142	20	13	9	64
5763	-4928	2384	15104	10	0	10	0	0	0	0	0	16	0	0	0	0	93	0	95	142	19	11	6	52
5764	-4928	2176	15104	10	0	10	0	0	0	0	0	16	0	0	0	0	85	0	95	142	18	8	6	47
5765	-4992	2400	14832	10	0	10	0	0	0	0	0	16	0	0	0	0	58	0	95	142	16	8	5	41
5766	-4928	2416	14832	10	0	10	0	0	0	0	0	16	0	0	0	0	42	0	95	142	14	6	4	34
5767	-4944	2176	14784	10	0	10	0	0	0	0	0	16	0	0	0	0	18	0	95	142	10	5	3	29
5768	-4960	2400	14784	10	0	10	0	0	0	0	0	16	0	0	0	0	9	0	95	142	9	3	3	24
5769	-4976	2176	14816	10	0	10	0	0	0	0	0	16	0	0	0	0	7	0	95	142	8	2	3	21
5770	-4992	2400	14768	10	0	10	0	0	0	0	0	16	0	0	0	1	12	0	95	142	6	2	2	19
5771	-4992	2192	15104	10	0	10	0	0	0	0	0	16	0	0	0	13	25	0	95	142	4	1	3	18
5772	-4960	2224	14816	10	0	10	0	0	0	0	0	16	0	0	0	30	8	0	95	142	4	1	3	20
5773	-4960	2416	14800	10	0	10	0	0	0	0	0	16	0	0	0	14	0	0	95	142	3	0	3	21
5774	-4944	2224	14784	10	0	10	0	0	0	0	0	16	0	0	0	3	0	0	95	142	2	1	3	21
5775	-4976	2176	14832	10	0	10	0	0	0	0	0	16	0	0	0	0	0	0	95	142	2	1	3	20
5776	-4928	2384	15120	10	0	10	0	0	0	0	0	16	0	0	0	0	0	0	95	142	2	1	3	19
5777	-4960	2192	14832	10	0	10	0	0	0	0	0	16	0	0	0	0	0	0	95	142	2	1	3	19
5778	-4976	2416	15104	10	0	10	0	0	0	0	0	16	0	0	0	0	0	0	95	142	2	1	3	18
5779	-4896	2192	15136	10	0	10	0	0	0	0	0	16	0	0	0	0	0	0	95	142	2	1	3	18
5780	-4880	2192	15152	10	0	10	0	0	0	0	0	16	0	0	0	0	0	0	95	142	1	1	3	19
5781	-4880	2416	15136	10	0	10	0	0	0	0	0	16	0	0	0	0	0	0	95	142	1	1	3	21
5782	-4912	2192	14832	10	0	10	0	0	0	0	0	16	0	0	0	0	0	0	95	142	2	1	3	22
5783	-4928	2208	15104	10	0	10	0	0	0	0	0	16	0	0	0	0	0	0	95	142	2	1	3	23
5784	-4960	2176	15136	10	0	10	0	0	0	0	0	16	0	0	0	0	0	0	95	142	2	1	3	23
5785	-4944	2416	14800	10	0	10	0	0	0	0	0	16	0	0	0	0	0	0	95	142	3	1	3	24
5786	-4928	2416	14800	10	0	10	0	0	0	0	0	16	0	0	0	0	0	0	95	142	3	1	3	22
5787	-4960	2192	14800	10	0	10	0	0	0	0	0	16	0	0	0	0	0	0	95	142	3	1	3	22
5788	-4912	2192	14768	10	0	10	0	0	0	0	0	16	0	0	0	0	0	0	95	142	3	1	3	21
5789	-4928	2384	14800	10	0	10	0	0	0	0	0	16	0	0	0	0	0	0	95	142	4	1	3	20
5790	-4608	2208	15120	10	0	10	0	0	0	0	0	16	0	0	0	0	0	0	95	142	4	1	3	18
5791	-4896	2560	15104	10	0	10	0	0	0	0	0	16	0	0	0	0	0	0	95	142	3	1	3	17
5792	-4960	2192	15104	10	0	10	0	0	0	0	0	16	0	0	0	0	0	0	95	142	3	1	3	17
5793	-4944	2176	15120	10	0	10	0	0	0	0	0	16	0	0	0	0	0	0	95	142	3	1	3	18
5794	-4944	2192	15136	10	0	10	0	0	0	0	0	16	0	0	0	0	0	0	95	142	3	1	3	444
5795	-4608	2208	15200	10	0	10	0	0	0	0	0	16	0	0	0	0	0	0	95	142	21	14	7	1135
5796	-4576	2256	15216	10	0	10	0	0	0	0	0	16	0	0	0	0	0	0	95	142	406	119	114	1739
5797	-4592	2416	15184	10	0	10	0	0	0	0	0	16	0	0	0	0	0	0	95	142	1025	371	361	1814
5798	-4528	2400	15008	10	0	10	0	0	0	0	0	16	0	0	0	0	0	0	95	142	2133	603	523	1936
5799	-4608	2400	15168	10	0	10	0	0	0	0	0	16	0	0	0	0	0	0	95	142	2162	622	626	2582
5800	-4880	2368	14832	10	0	10	0	0	0	0	0	16	0	0	0	0	0	0	95	142	3325	1195	1119	3030
5801	-4608	2176	15184	10	0	10	0	0	0	0	0	16	0	0	0	0	0	0	95	142	5587	1808	1438	4225
5802	-4896	2256	15200	10	0	10	0	0	0	0	0	16	0	0	0	0	0	0	95	142	8333	2293	1870	4245
5803	-4592	2560	15360	10	0	10	0	0	0	0	0	16	0	0	0	0	0	0	95	142	12526	4124	2582	3550
5804	-4880	2224	15072	10	0	10	0	0	0	0	0	16	0	0	0	0	0	0	95	142	12199	4116	2550	2677
5805	-4928	2384	15216	10	0	10	0	0	0	0	0	16	0	0	0	0	0	0	95	142	11810	3902	2389	2245
5806	-4960	2384	14992	10	0	10	0	0	0	0	0	16	0	0	0	0	0	0	95	142	10734	3719	2333	1763
5807	-4960	2176	15200	10	0	10	0	0	0	0	0	16	0	0	0	0	0	0	95	142	10718	3708	2257	1227
5808	-4928	2352	15152	10	0	10	0	0	0	0	0	16	0	0	0	0	0	0	95	142	9555	3137	1771	791
5809	-4960	2336	15136	10	0	10	0	0	0	0	0	16	0	8	0	0	0	0	95	142	7293	2524	1452	489
5810	-4928	2368	15104	10	0	10	0	0	0	0	0	16	0	0	0	0	0	0	95	142	4546	2039	1019	298
5811	-4928	2416	14800	10	0	10	0	0	0	0	0	16	0	0	0	0	0	0	95	142	336	195	303	209
5812	-4928	2416	15152	10	0	10	0	0	0	0	0	16	0	0	0	0	0	5	95	142	281	105	228	168
5813	-4912	2176	14784	10	0	10	0	0	0	0	0	16	0	0	0	0	0	22	95	142	59	69	147	160
5814	-4912	2352	15120	10	0	10	0	0	0	0	0	20	0	8	0	0	0	32	95	142	39	34	45	164
5815	-4880	2416	15104	10	0	10	0	0	0	0	0	16	0	0	0	0	0	37	95	142	38	33	19	166
5816	-4992	2192	15104	10	0	10	0	0	0	0	0	16	0	0	0	0	0	57	95	142	42	38	15	181
5817	-4992	2192	14752	10	0	10	0	0	0	0	0	16	0	0	0	0	0	43	95	142	46	46	16	186
5818	-4976	2208	14784	10	0	10	0	0	0	0	0	16	0	0	0	0	2	16	95	142	47	50	19	168
5819	-4992	2192	14816	10	0	10	0	0	0	0	0	16	0	8	0	0	35	11	95	142	49	52	20	152
5820	-4752	2208	14752	10	0	10	0	0	0	0	0	16	0	0	0	0	44	1	95	142	48	46	20	133
5821	-4976	2416	14832	10	0	10	0	0	0	0	0	16	1	0	0	0	71	0	95	142	46	46	16	122
5822	-4960	2224	15104	10	0	10	0	0	0	0	0	16	0	0	0	0	94	0	95	142	35	34	13	103
5823	-4928	2192	14832	10	0	10	0	0	0	0	0	16	0	0	0	0	98	0	95	142	22	28	11	86
5824	-4992	2336	14800	10	0	10	0	0	0	0	0	16	0	0	0	0	98	0	95	142	19	21	9	71
5825	-4976	2384	15104	10	0	10	0	0	0	0	0	16	0	0	0	0	98	0	95	142	15	14	8	61
5826	-4912	2192	15120	10	0	10	0	0	0	0	0	16	0	0	0	0	96	0	95	142	14	10	6	52
5827	-4960	2384	15136	10	0	10	0	0	0	0	0	16	0	0	0	0	90	0	95	142	13	8	4	45
5828	-4928	2416	15120	10	0	10	0	0	0	0	0	16	0	0	0	0	79	0	95	142	11	7	4	37
5829	-4912	2176	14832	10	0	10	0	0	0	0	0	16	0	0	0	0	72	0	95	142	6	4	4	33
5830	-4944	2176	15152	10	0	10	0	0	0	0	0	16	0	0	0	0	64	0	95	142	6	2	3	30
5831	-4944	2176	15152	10	0	10	0	0	0	0	0	16	0	0	0	0	42	0	95	142	6	2	3	25
5832	-4976	2176	15152	10	0	10	0	0	0	0	0	16	0	0	0	0	32	0	95	142	5	2	3	22
5833	-4912	2176	14784	10	0	10	0	0	0	0	0	16	0	0	0	13	41	0	95	142	5	2	3	21
5834	-4960	2320	14800	10	0	10	0	0	0	0	0	16	0	0	0	23	43	0	95	142	5	1	3	21
5835	-4944	2400	14784	10	0	10	0	0	0	0	0	16	0	0	0	34	18	0	95	142	3	1	3	22
5836	-4928	2368	14832	10	0	10	0	0	0	0	0	16	0	0	0	44	11	0	95	142	3	1	3	20
5837	-4960	2336	15104	10	0	10	0	0	0	0	0	16	0	0	0	9	9	0	95	142	2	1	2	19
5838	-4992	2400	15104	10	0	10	0	0	0	0	0	16	0	0	0	2	6	0	95	142	2	1	2	20
5839	-4912	2192	14800	10	0	10	0	0	0	0	0	16	0	0	0	0	2	0	95	142	2	1	2	20
5840	-4896	2192	14832	10	0	10	0	0	0	0	0	16	0	0	0	0	0	0	95	142	3	1	2	20
5841	-4928	2384	14832	10	0	10	0	0	0	0	0	16	0	0	0	0	0	0	95	142	3	1	3	22
5842	-4960	2224	15104	10	0	10	0	0	0	0	0	16	0	0	0	0	0	0	95	142	3	1	3	22
5843	-4976	2400	14816	10	0	10	0	0	0	0	0	16	0	0	0	0	0	0	95	142	3	1	3	20
5844	-4976	2416	14832	10	0	10	0	0	0	0	0	16	0	0	0	0	0	0	95	142	3	1	3	19
5845	-4960	2416	15120	10	0	10	0	0	0	0	0	16	0	0	0	0	0	0	95	142	3	1	3	18
5846	-4960	2224	15136	10	0	10	0	0	0	0	0	16	0	0	0	0	0	0	95	142	3	1	3	18
5847	-4960	2208	15104	10	0	10	0	0	0	0	0	16	0	0	0	0	0	0	95	142	3	0	3	19
5848	-4944	2368	15120	10	0	10	0	0	0	0	0	16	0	0	0	0	0	0	95	142	3	1	3	19
5849	-4960	2384	15104	10	0	10	0	0	0	0	0	16	0	0	0	0	0	0	95	142	3	1	3	18
5850	-4960	2176	14832	10	0	10	0	0	0	0	0	16	0	0	0	0	0	0	95	142	3	1	3	17
5851	-4944	2352	15104	10	0	10	0	0	0	0	0	16	0	0	0	0	0	0	95	142	3	1	3	31
5852	-4912	2336	15120	10	0	10	0	0	0	0	0	16	0	0	0	0	0	0	95	142	4	2	5	155
5853	-4880	2400	15168	10	0	10	0	0	0	0	0	16	0	0	0	0	0	0	95	142	10	12	30	563
5854	-4528	2240	15216	10	0	10	0	0	0	0	0	16	0	0	0	0	0	0	95	142	99	61	82	1009
5855	-4688	2192	15440	10	0	10	0	0	0	0	0	16	0	0	0	0	0	0	95	142	1510	248	196	1523
5856	-4592	2208	14976	10	0	10	0	0	0	0	0	16	0	0	0	0	0	0	95	142	1790	321	325	1792
5857	-4512	2240	15040	10	0	10	0	0	0	0	0	16	0	0	0	0	0	0	95	142	3507	799	589	1765
5858	-4880	2016	14832	10	0	10	0	0	0	0	0	16	0	0	0	0	0	0	95	142	3579	858	674	1540
5859	-4608	2016	15216	10	0	10	0	0	0	0	0	16	0	0	0	0	0	0	95	142	3661	1024	754	1286
5860	-4608	2192	14784	10	0	10	0	0	0	0	0	16	0	0	0	0	0	0	95	142	3676	1040	785	1128
5861	-4992	2208	15104	10	0	10	0	0	0	0	0	16	0	0	0	0	0	0	95	142	3735	1082	798	1033
5862	-4880	2240	14752	10	0	10	0	0	0	0	0	16	0	0	0	0	0	0	95	142	3688	1106	793	852
5863	-4592	2208	14768	10	0	10	0	0	0	0	0	16	0	0	0	0	0	0	95	142	2287	925	693	684
5864	-4928	2208	14784	10	0	10	0	0	0	0	0	16	0	0	0	0	0	1	95	142	2037	875	576	489
5865	-4928	2240	14832	10	0	10	0	0	0	0	0	16	0	8	0	0	0	1	95	142	320	397	313	323
5866	-4928	2240	14832	10	0	10	0	0	0	0	0	16	0	0	0	0	0	2	95	142	246	337	229	205
5867	-4992	2192	14816	10	0	10	0	0	0	0	0	16	0	0	0	0	0	3	95	142	164	171	148	144
5868	-4912	2192	15104	10	0	10	0	0	0	0	0	16	0	0	0	0	0	5	95	142	149	154	115	134
5869	-4912	2400	14832	10	0	10	0	0	0	0	0	16	0	0	0	0	0	8	95	142	88	108	81	150
5870	-4912	2320	14800	10	0	10	0	0	0	0	0	20	0	8	0	0	0	14	95	142	50	41	38	179
5871	-4944	2400	15104	10	0	10	0	0	0	0	0	16	0	0	0	0	0	54	95	142	45	36	28	194
5872	-4944	2336	14816	10	0	10	0	0	0	0	0	16	0	0	0	0	0	87	95	142	27	21	21	198
5873	-4960	2368	14832	10	0	10	0	0	0	0	0	16	0	0	0	0	0	93	95	142	36	30	23	206
5874	-4992	2416	15120	10	0	10	0	0	0	0	0	16	0	0	0	0	0	93	95	142	39	31	24	190
5875	-4976	2176	14832	10	0	10	0	0	0	0	0	16	0	8	0	0	0	95	95	142	44	32	27	177
5876	-4960	2384	15104	10	0	10	0	0	0	0	0	16	0	0	0	0	1	87	95	142	47	36	30	162
5877	-4912	2336	14800	10	0	10	0	0	0	0	0	16	0	0	0	0	29	33	95	142	42	33	28	151
5878	-4944	2352	15104	10	0	10	0	0	0	0	0	16	0	0	0	0	42	0	95	142	44	32	24	131
5879	-4896	2352	14832	10	0	10	0	0	0	0	0	16	0	0	0	0	43	0	95	142	41	32	20	107
5880	-4960	2416	15104	10	0	10	0	0	0	0	0	16	1	0	0	0	64	0	95	142	32	28	16	89
5881	-4912	2192	15104	10	0	10	0	0	0	0	0	16	0	0	0	0	87	0	95	142	25	19	12	77
5882	-4960	2208	15136	10	0	10	0	0	0	0	0	16	0	0	0	2	92	0	95	142	23	18	12	66
5883	-4944	2192	15104	10	0	10	0	0	0	0	0	16	0	0	0	2	92	0	95	142	19	17	9	59
5884	-4976	2416	14832	10	0	10	0	0	0	0	0	16	0	0	0	1	90	0	95	142	16	14	6	56
5885	-4992	2416	15120	10	0	10	0	0	0	0	0	16	0	0	0	0	78	0	95	142	16	11	4	49
5886	-4976	2368	15120	10	0	10	0	0	0	0	0	16	0	0	0	0	19	0	95	142	10	6	3	43
5887	-4976	2176	15152	10	0	10	0	0	0	0	0	16	0	0	0	0	9	0	95	142	8	5	3	36
5888	-4928	2400	15152	10	0	10	0	0	0	0	0	16	0	0	0	0	4	0	95	142	7	3	3	32
5889	-4976	2352	15152	10	0	10	0	0	0	0	0	16	0	0	0	0	3	0	95	142	6	2	3	28
5890	-4960	2400	15120	10	0	10	0	0	0	0	0	16	0	0	0	0	1	0	95	142	5	1	3	27
5891	-4592	2176	14816	10	0	10	0	0	0	0	0	16	0	0	0	0	2	0	95	142	4	1	3	25
5892	-4912	2336	14832	10	0	10	0	0	0	0	0	16	0	0	0	11	1	0	95	142	4	1	3	24
5893	-4896	2368	14832	10	0	10	0	0	0	0	0	16	0	0	0	56	0	0	95	142	4	1	3	23
5894	-4592	2416	14832	10	0	10	0	0	0	0	0	16	4	0	0	34	0	0	125	142	4	1	3	22
5895	-4912	2368	15104	10	0	10	0	0	0	0	0	16	0	0	0	11	0	0	95	142	4	1	3	22
5896	-4608	2384	15104	10	0	10	0	0	0	0	0	16	0	0	0	1	0	0	95	142	3	1	3	23
5897	-4608	2384	14800	10	0	10	0	0	0	0	0	16	0	0	0	0	0	0	95	142	4	1	3	23
5898	-4896	2416	15120	10	0	10	0	0	0	0	0	16	0	0	0	0	0	0	95	142	4	1	3	23
5899	-4960	2400	15136	10	0	10	0	0	0	0	0	16	0	0	0	0	0	0	95	142	3	1	3	21
5900	-4960	2416	15104	10	0	10	0	0	0	0	0	16	0	0	0	0	0	0	95	142	3	1	3	21
5901	-4896	2192	14816	10	0	10	0	0	0	0	0	16	0	0	0	0	0	0	95	142	3	1	3	21
5902	-4928	2416	15120	10	0	10	0	0	0	0	0	16	0	0	0	0	0	0	95	142	3	1	3	21
5903	-4912	2400	14800	10	0	10	0	0	0	0	0	16	0	0	0	0	0	0	95	142	3	1	3	21
5904	-4608	2384	15152	10	0	10	0	0	0	0	0	16	0	0	0	0	0	0	95	142	3	1	3	23
5905	-4912	2320	15120	10	0	10	0	0	0	0	0	16	0	0	0	0	0	0	95	142	3	1	3	22
5906	-4896	2192	15136	10	0	10	0	0	0	0	0	16	0	0	0	0	0	0	95	142	3	1	3	21
5907	-4912	2176	15104	10	0	10	0	0	0	0	0	16	0	0	0	0	0	0	95	142	3	1	3	19
5908	-4880	2192	14800	10	0	10	0	0	0	0	0	16	0	0	0	0	0	0	95	142	3	1	3	19
5909	-4912	2208	14832	10	0	10	0	0	0	0	0	16	0	0	0	0	0	0	95	142	3	1	3	21
5910	-4896	2288	15120	10	0	10	0	0	0	0	0	16	0	0	0	0	0	0	95	142	3	1	3	27
5911	-4880	2192	15104	10	0	10	0	0	0	0	0	16	0	0	0	0	0	0	95	142	2	1	3	25
5912	-4928	2224	14832	10	0	10	0	0	0	0	0	16	0	0	0	0	0	0	95	142	2	1	3	75
5913	-4896	2288	15104	10	0	10	0	0	0	0	0	16	0	0	0	0	0	0	95	142	2	1	3	120
5914	-4512	2576	15104	10	0	10	0	0	0	0	0	16	0	0	0	0	0	0	95	142	6	21	27	194
5915	-4592	2176	15184	10	0	10	0	0	0	0	0	16	0	0	0	0	0	0	95	142	10	27	169	997
5916	-4608	2224	15104	10	0	10	0	0	0	0	0	16	0	0	0	0	0	0	95	142	671	157	254	1981
5917	-4608	2192	15168	10	0	10	0	0	0	0	0	16	0	0	0	0	0	0	95	142	810	631	852	2719
5918	-4960	2192	14784	10	0	10	0	0	0	0	0	16	0	0	0	0	0	0	95	142	3324	1613	1306	3381
5919	-4880	2176	14832	10	0	10	0	0	0	0	0	16	0	0	0	0	0	0	95	142	8121	3371	2313	3802
5920	-4880	2576	14800	10	0	10	0	0	0	0	0	16	0	0	0	0	0	0	95	142	8686	4026	2663	4252
5921	-4944	2272	14800	10	0	10	0	0	0	0	0	16	0	0	0	0	0	0	95	142	11737	4392	2911	4405
5922	-4912	2288	14816	10	0	10	0	0	0	0	0	16	0	0	0	0	0	0	95	142	13432	4866	3024	4708
5923	-4912	2256	14768	10	0	10	0	0	0	0	0	16	0	0	0	0	0	0	95	142	16015	5295	3016	5124
5924	-4880	2208	14816	10	0	10	0	0	0	0	0	16	0	0	0	0	0	0	95	142	16327	5543	3187	5268
5925	-4896	2256	14880	10	0	10	0	0	0	0	0	16	0	0	0	0	0	0	95	142	18804	6074	3037	5056
5926	-4592	2240	14944	10	0	10	0	0	0	0	0	16	0	0	0	0	0	0	95	142	17887	5567	2843	4562
5927	-4896	2192	15184	10	0	10	0	0	0	0	0	16	0	0	0	0	0	0	95	142	13407	4054	1971	3716
5928	-4928	2416	15168	10	0	10	0	0	0	0	0	16	0	0	0	0	0	0	95	142	12924	3476	1645	2602
5929	-4592	2224	14832	10	0	10	0	0	0	0	0	16	0	0	0	0	0	0	95	142	9873	3117	1400	1680
5930	-4912	2192	14800	10	0	10	0	0	0	0	0	16	0	8	0	0	0	0	95	142	8174	2624	1263	1034
5931	-4896	2416	15120	10	0	10	0	0	0	0	0	16	0	0	0	0	0	0	95	142	5588	2189	1129	623
5932	-4896	2288	14832	10	0	10	0	0	0	0	0	16	0	0	0	0	0	0	95	142	4614	1810	874	387
5933	-4928	2272	14800	10	0	10	0	0	0	0	0	16	0	0	0	0	0	5	95	142	1999	808	426	258
5934	-4976	2416	14800	10	0	10	0	0	0	0	0	16	0	0	0	0	0	11	95	142	403	335	167	206
5935	-4880	2192	14800	10	0	10	0	0	0	0	0	20	0	8	0	0	0	11	95	142	89	93	33	182
5936	-4880	2176	14816	10	0	10	0	0	0	0	0	16	0	0	0	0	0	2	95	142	9	18	11	167
5937	-4944	2176	14784	10	0	10	0	0	0	0	0	16	0	0	0	0	0	2	95	142	11	12	9	152
5938	-4960	2192	14816	10	0	10	0	0	0	0	0	16	0	0	0	0	0	1	95	142	13	13	9	131
5939	-4960	2416	14784	10	0	10	0	0	0	0	0	16	0	0	0	0	6	2	95	142	15	16	9	112
5940	-4976	2400	14816	10	0	10	0	0	0	0	0	16	0	8	0	0	36	1	95	142	15	17	9	93
5941	-4784	2176	15120	10	0	10	0	0	0	0	0	16	0	0	0	0	48	0	95	142	14	15	9	80
5942	-4928	2208	14832	10	0	10	0	0	0	0	0	16	1	0	0	0	85	0	95	142	14	13	8	71
5943	-4752	2352	15120	10	0	10	0	0	0	0	0	16	0	0	0	0	97	0	95	142	12	11	6	63
5944	-4992	2368	14816	10	0	10	0	0	0	0	0	16	0	0	0	0	98	0	95	142	10	8	5	50
5945	-4960	2176	14784	10	0	10	0	0	0	0	0	16	0	0	0	0	98	0	95	142	9	8	4	40
5946	-4976	2192	14800	10	0	10	0	0	0	0	0	16	0	0	0	0	98	0	95	142	6	6	4	35
5947	-4976	2192	14768	10	0	10	0	0	0	0	0	16	0	0	0	0	97	0	95	142	5	3	3	35
5948	-4608	2240	14784	10	0	10	0	0	0	0	0	16	0	0	0	0	88	0	95	142	5	3	3	31
5949	-4944	2416	14800	10	0	10	0	0	0	0	0	16	0	0	0	0	82	0	95	142	4	2	3	31
5950	-4928	2176	14832	10	0	10	0	0	0	0	0	16	0	0	0	0	76	0	95	142	5	2	3	31
5951	-4944	2208	14816	10	0	10	0	0	0	0	0	16	0	0	0	0	76	0	95	142	5	1	3	30
5952	-4960	2224	15104	10	0	10	0	0	0	0	0	16	0	0	0	0	71	0	95	142	4	1	3	28
5953	-4928	2192	14832	10	0	10	0	0	0	0	0	16	0	0	0	20	71	0	95	142	4	1	4	24
5954	-4928	2416	14816	10	0	10	0	0	0	0	0	16	0	0	0	50	59	0	95	142	5	1	4	23
5955	-4944	2400	14816	10	0	10	0	0	0	0	0	16	0	0	0	55	27	0	95	142	5	1	4	23
5956	-4976	2192	14800	10	0	10	0	0	0	0	0	16	0	0	0	60	11	0	95	142	5	1	4	25
5957	-4912	2192	14800	10	0	10	0	0	0	0	0	16	4	0	0	5	25	0	125	142	5	1	4	27
5958	-4912	2176	14800	10	0	10	0	0	0	0	0	16	0	0	0	1	23	0	95	142	4	1	4	28
5959	-4912	2208	15104	10	0	10	0	0	0	0	0	16	0	0	0	0	17	0	95	142	3	1	4	26
5960	-4912	2272	14800	10	0	10	0	0	0	0	0	16	0	0	0	0	4	0	95	142	3	1	3	24
5961	-4928	2416	14832	10	0	10	0	0	0	0	0	16	0	0	0	0	0	0	95	142	4	1	3	24
5962	-4928	2192	15120	10	0	10	0	0	0	0	0	16	0	0	0	0	0	0	95	142	4	1	3	23
5963	-4976	2256	14800	10	0	10	0	0	0	0	0	16	0	0	0	0	0	0	95	142	4	1	3	23
5964	-4944	2208	15104	10	0	10	0	0	0	0	0	16	0	0	0	0	0	0	95	142	5	1	3	23
5965	-4960	2224	15136	10	0	10	0	0	0	0	0	16	0	0	0	0	0	0	95	142	5	1	3	23
5966	-4752	2256	15104	10	0	10	0	0	0	0	0	16	0	0	0	0	0	0	95	142	5	1	3	25
5967	-4960	2208	14784	10	0	10	0	0	0	0	0	16	0	0	0	0	0	0	95	142	5	1	3	51
5968	-4768	2176	14736	10	0	10	0	0	0	0	0	16	0	0	0	0	0	0	95	142	6	4	5	228
5969	-4960	2192	15120	10	0	10	0	0	0	0	0	16	0	0	0	0	0	0	95	142	44	14	16	797
5970	-4928	2192	14912	10	0	10	0	0	0	0	0	16	0	0	0	0	0	0	95	142	615	160	45	1166
5971	-4816	2384	14576	10	0	10	0	0	0	0	0	16	0	0	0	0	0	0	95	142	636	202	116	1886
5972	-4960	2208	14784	10	0	10	0	0	0	0	0	16	0	0	0	0	0	0	95	142	1712	517	383	3053
5973	-4880	2272	15200	10	0	10	0	0	0	0	0	16	0	0	0	0	0	0	95	142	3862	1340	1206	3470
5974	-4928	2288	15072	10	0	10	0	0	0	0	0	16	0	0	0	0	0	0	95	142	4797	1483	1279	3015
5975	-4960	2192	15120	10	0	10	0	0	0	0	0	16	0	0	0	0	0	0	95	142	4920	1500	1315	2317
5976	-4992	2192	15136	10	0	10	0	0	0	0	0	16	0	0	0	0	0	0	95	142	4970	1520	1336	1573
5977	-4976	2384	14800	10	0	10	0	0	0	0	0	16	0	0	0	0	0	0	95	142	4932	1511	1326	1000
5978	-4944	2384	15104	10	0	10	0	0	0	0	0	16	0	0	0	0	0	0	95	142	4361	1365	1296	611
5979	-4928	2240	14832	10	0	10	0	0	0	0	0	16	0	0	0	0	0	0	95	142	4340	1323	1225	365
5980	-4896	2240	14768	10	0	10	0	0	0	0	0	16	0	0	0	0	0	1	95	142	3264	1008	958	218
5981	-4944	2240	15104	10	0	10	0	0	0	0	0	16	0	8	0	0	0	1	95	142	1113	184	135	135
5982	-4944	2256	14832	10	0	10	0	0	0	0	0	16	0	0	0	0	0	2	95	142	178	42	62	93
5983	-4944	2208	15136	10	0	10	0	0	0	0	0	16	0	0	0	0	0	6	95	142	54	25	26	68
5984	-4928	2416	14800	10	0	10	0	0	0	0	0	16	0	0	0	0	0	13	95	142	3	1	3	72
5985	-4960	2400	14832	10	0	10	0	0	0	0	0	16	0	0	0	0	0	17	95	142	8	3	3	82
5986	-4896	2400	15104	10	0	10	0	0	0	0	0	20	0	8	0	0	0	30	95	142	10	4	3	83
5987	-4976	2352	15120	10	0	10	0	0	0	0	0	16	0	0	0	0	0	80	95	142	14	5	4	82
5988	-4752	2336	14800	10	0	10	0	0	0	0	0	16	0	0	0	0	0	91	95	142	15	5	4	89
5989	-4928	2384	15120	10	0	10	0	0	0	0	0	16	0	0	0	0	0	92	95	142	20	8	4	84
5990	-4928	2192	15136	10	0	10	0	0	0	0	0	16	0	0	0	0	0	93	95	142	21	8	4	78
5991	-4944	2416	14832	10	0	10	0	0	0	0	0	16	0	0	0	0	0	70	95	142	22	8	4	68
5992	-4960	2416	15104	10	0	10	0	0	0	0	0	16	0	0	0	0	10	1	95	142	22	8	4	56
5993	-4944	2224	15120	10	0	10	0	0	0	0	0	16	0	0	0	0	41	0	95	142	16	6	4	46
5994	-4880	2288	15104	10	0	10	0	0	0	0	0	16	0	0	0	0	45	0	95	142	14	5	4	40
5995	-4896	2272	14800	10	0	10	0	0	0	0	0	16	0	0	0	0	45	0	95	142	10	5	3	34
5996	-4880	2240	14784	10	0	10	0	0	0	0	0	16	1	0	0	0	62	0	95	142	8	4	3	31
5997	-4944	2416	14816	10	0	10	0	0	0	0	0	16	0	0	0	3	88	0	95	142	5	2	3	27
5998	-4960	2176	14816	10	0	10	0	0	0	0	0	16	0	0	0	9	87	0	95	142	4	2	2	25
5999	-4752	2192	15104	10	0	10	0	0	0	0	0	16	0	0	0	9	84	0	95	142	4	1	2	25
6000	-4960	2416	14784	10	0	10	0	0	0	0	0	16	0	0	0	3	77	0	95	142	4	1	3	24
6001	-4960	2416	14800	10	0	10	0	0	0	0	0	16	0	0	0	0	38	0	95	142	4	1	3	24
6002	-4960	2416	14832	10	0	10	0	0	0	0	0	16	0	0	0	0	8	0	95	142	4	1	3	24
6003	-4752	2224	15120	10	0	10	0	0	0	0	0	16	0	0	0	0	4	0	95	142	4	1	3	22
6004	-4960	2240	15104	10	0	10	0	0	0	0	0	16	0	0	0	0	3	0	95	142	5	1	3	20
6005	-4880	2208	15136	10	0	10	0	0	0	0	0	16	0	0	0	0	3	0	95	142	4	1	3	20
6006	-4880	2192	14816	10	0	10	0	0	0	0	0	16	0	0	0	0	1	0	95	142	4	1	3	21
6007	-4608	2224	15104	10	0	10	0	0	0	0	0	16	0	0	0	0	0	0	95	142	3	1	3	23
6008	-4944	2224	15104	10	0	10	0	0	0	0	0	16	0	0	0	0	0	0	95	142	3	1	3	24
6009	-4944	2416	14816	10	0	10	0	0	0	0	0	16	0	0	0	0	0	0	95	142	4	1	3	22
6010	-4928	2256	14832	10	0	10	0	0	0	0	0	16	0	0	0	0	0	0	95	142	3	1	3	22
6011	-4960	2208	14832	10	0	10	0	0	0	0	0	16	0	0	0	0	0	0	95	142	3	1	3	22
6012	-4896	2240	14784	10	0	10	0	0	0	0	0	16	0	0	0	0	0	0	95	142	3	1	3	22
6013	-4880	2176	14832	10	0	10	0	0	0	0	0	16	0	0	0	0	0	0	95	142	3	1	3	24
6014	-4912	2416	14832	10	0	10	0	0	0	0	0	16	0	0	0	0	0	0	95	142	4	1	3	24
6015	-4896	2176	14832	10	0	10	0	0	0	0	0	16	0	0	0	0	0	0	95	142	4	1	3	23
6016	-4592	2384	14832	10	0	10	0	0	0	0	0	16	0	0	0	0	0	0	95	142	4	1	3	22
6017	-4896	2400	14832	10	0	10	0	0	0	0	0	16	0	0	0	0	0	0	95	142	3	1	3	23
6018	-4944	2224	14832	10	0	10	0	0	0	0	0	16	0	0	0	0	0	0	95	142	3	1	3	22
6019	-4880	2416	15104	10	0	10	0	0	0	0	0	16	0	0	0	0	0	0	95	142	3	1	2	21
6020	-4928	2192	15104	10	0	10	0	0	0	0	0	16	0	0	0	0	0	0	95	142	3	1	2	23
6021	-4912	2192	15152	10	0	10	0	0	0	0	0	16	0	0	0	0	0	0	95	142	3	1	2	22
6022	-4608	2416	15200	10	0	10	0	0	0	0	0	16	0	0	0	0	0	0	95	142	3	1	3	22
6023	-4880	2176	15152	10	0	10	0	0	0	0	0	16	0	0	0	0	0	0	95	142	3	1	3	23
6024	-4608	2384	15168	10	0	10	0	0	0	0	0	16	0	0	0	0	0	0	95	142	4	1	3	25
6025	-4608	2400	14816	10	0	10	0	0	0	0	0	16	0	0	0	0	0	0	95	142	3	1	3	26
6026	-4912	2416	15120	10	0	10	0	0	0	0	0	16	0	0	0	0	0	0	95	142	4	1	3	34
6027	-4896	2256	15056	10	0	10	0	0	0	0	0	16	0	0	0	0	0	0	95	142	4	2	3	384
6028	-4896	2272	15168	10	0	10	0	0	0	0	0	16	0	0	0	0	0	0	95	142	354	114	67	880
6029	-4880	2256	15056	10	0	10	0	0	0	0	0	16	0	0	0	0	0	0	95	142	380	257	112	1499
6030	-4880	2480	15408	10	0	10	0	0	0	0	0	16	0	0	0	0	0	0	95	142	4051	426	280	2659
6031	-4560	2384	15056	10	0	10	0	0	0	0	0	16	0	0	0	0	0	0	95	142	9717	2287	551	2855
6032	-4896	2256	15152	10	0	10	0	0	0	0	0	16	0	0	0	0	0	0	95	142	12282	3095	761	3257
6033	-4592	2192	14784	10	0	10	0	0	0	0	0	16	0	0	0	0	0	0	95	142	12379	3111	819	3470
6034	-4560	2320	14816	10	0	10	0	0	0	0	0	16	0	0	0	0	0	0	95	142	13067	3209	1058	3146
6035	-4608	2416	14848	10	0	10	0	0	0	0	0	16	0	0	0	0	0	0	95	142	13088	3221	1078	2584
6036	-4944	2576	14800	10	0	10	0	0	0	0	0	16	0	0	0	0	0	0	95	142	13164	3146	1033	1887
6037	-4896	2208	14784	10	0	10	0	0	0	0	0	16	0	0	0	0	0	0	95	142	13168	3005	996	1261
6038	-4912	2208	14768	10	0	10	0	0	0	0	0	16	0	0	0	0	0	0	95	142	9496	2839	844	798
6039	-4944	2368	15104	10	0	10	0	0	0	0	0	16	0	0	0	0	0	0	95	142	3831	978	573	489
6040	-4912	2176	14832	10	0	10	0	0	0	0	0	16	0	8	0	0	0	0	95	142	1266	170	364	294
6041	-4608	2416	14784	10	0	10	0	0	0	0	0	16	0	0	0	0	0	0	95	142	1169	154	306	178
6042	-4976	2176	14752	10	0	10	0	0	0	0	0	16	0	0	0	0	0	1	95	142	482	56	66	110
6043	-4992	2192	14800	10	0	10	0	0	0	0	0	16	0	0	0	0	0	4	95	142	461	44	46	88
6044	-4928	2224	14816	10	0	10	0	0	0	0	0	16	0	0	0	0	0	6	95	142	36	8	28	93
6045	-4992	2208	14816	10	0	10	0	0	0	0	0	20	0	8	0	0	0	22	95	142	8	8	20	97
6046	-4976	2208	14800	10	0	10	0	0	0	0	0	16	0	0	0	0	0	58	95	142	11	8	6	122
6047	-4752	2352	14816	10	0	10	0	0	0	0	0	16	0	0	0	0	0	88	95	142	17	9	6	124
6048	-4992	2400	14784	10	0	10	0	0	0	0	0	16	0	0	0	0	0	90	95	142	27	11	6	112
6049	-4960	2224	14816	10	0	10	0	0	0	0	0	16	0	0	0	0	0	94	95	142	28	11	6	105
6050	-4768	2176	14816	10	0	10	0	0	0	0	0	16	0	8	0	0	0	83	95	142	30	12	7	114
6051	-4752	2208	14816	10	0	10	0	0	0	0	0	16	0	0	0	0	19	30	95	142	34	13	8	106
6052	-4960	2240	14816	10	0	10	0	0	0	0	0	16	0	0	0	0	42	12	95	142	40	16	8	102
6053	-4768	2400	14800	10	0	10	0	0	0	0	0	16	0	0	0	0	46	0	95	142	38	14	8	90
6054	-4928	2224	14800	10	0	10	0	0	0	0	0	16	1	0	0	0	56	0	95	142	35	11	7	81
6055	-4912	2208	14832	10	0	10	0	0	0	0	0	16	0	0	0	0	82	0	95	142	28	10	6	63
6056	-4912	2192	15120	10	0	10	0	0	0	0	0	16	0	0	0	0	95	0	95	142	18	9	5	49
6057	-4960	2256	14816	10	0	10	0	0	0	0	0	16	0	0	0	0	95	0	95	142	17	8	5	38
6058	-4896	2576	14800	10	0	10	0	0	0	0	0	16	0	0	0	0	93	0	95	142	15	7	5	31
6059	-4928	2272	14816	10	0	10	0	0	0	0	0	16	0	0	0	0	89	0	95	142	12	6	3	27
6060	-4912	2400	14768	10	0	10	0	0	0	0	0	16	0	0	0	0	74	0	95	142	4	2	3	26
6061	-4560	2368	14816	10	0	10	0	0	0	0	0	16	0	0	0	0	27	0	95	142	3	1	3	25
6062	-4896	2368	15120	10	0	10	0	0	0	0	0	16	0	0	0	0	9	0	95	142	4	1	3	24
6063	-4752	2288	15104	10	0	10	0	0	0	0	0	16	0	0	0	0	6	0	95	142	4	1	3	24
6064	-4960	2288	14800	10	0	9	0	0	0	0	0	16	0	0	0	0	4	0	95	142	4	1	3	43
6065	-4944	2256	14768	0	0	9	0	0	0	0	0	16	0	0	0	0	6	0	95	142	4	1	3	48
6066	-4928	2400	14784	0	0	9	0	0	0	0	0	16	0	0	0	1	13	0	95	142	4	2	3	57
6067	-4880	2176	15104	0	0	9	0	0	0	0	0	16	0	0	0	2	5	0	95	142	6	4	4	54
6068	-4960	2256	14816	0	0	9	0	0	0	0	0	16	0	0	0	0	0	0	95	142	6	3	4	47
6069	-4944	2224	15136	0	0	9	0	0	0	0	0	16	0	0	0	0	0	0	95	142	6	3	4	53
6070	-4880	2288	14816	0	0	9	0	0	0	0	0	16	0	0	0	0	0	0	95	142	7	4	4	57
6071	-4896	2208	14816	0	0	9	0	0	0	0	0	16	0	0	0	0	0	0	95	142	8	4	4	58
6072	-4944	2176	14832	0	0	9	0	0	0	0	0	16	0	0	0	0	0	0	95	142	8	5	4	60
6073	-4992	2192	14832	0	0	9	0	0	0	0	0	16	0	0	0	0	0	0	95	142	8	5	4	63
6074	-4992	2416	15120	0	0	9	0	0	0	0	0	16	0	0	0	0	0	0	95	142	10	4	4	65
6075	-4912	2400	15120	0	0	9	0	0	0	0	0	16	0	0	0	0	0	0	95	142	8	3	3	63
6076	-4896	2192	15136	0	0	9	0	0	0	0	0	16	0	0	0	0	0	0	95	142	8	4	4	57
6077	-4976	2400	14816	0	0	9	0	0	0	0	0	16	0	0	0	0	0	0	95	142	9	4	4	53
6078	-4784	2176	14800	0	0	9	0	0	0	0	0	16	0	0	0	0	0	0	95	142	9	4	4	48
6079	-4992	2176	14816	0	0	9	0	0	0	0	0	16	0	0	0	0	0	0	95	142	9	4	4	42
6080	-4752	2192	14800	0	0	9	0	0	0	0	0	16	0	0	0	0	0	0	95	142	9	4	3	35
6081	-4752	2208	14800	0	0	9	0	0	0	0	0	16	0	0	0	0	0	0	95	142	8	4	3	31
6082	-4976	2192	14832	0	0	9	0	0	0	0	0	16	0	0	0	0	0	0	95	142	6	3	3	28
6083	-4976	2416	14816	0	0	9	0	0	0	0	0	16	0	0	0	0	0	0	95	142	7	3	3	26
6084	-4976	2368	15104	0	0	9	0	0	0	0	0	16	0	0	0	0	0	0	95	142	7	2	3	27
6085	-4992	2368	14816	0	0	9	0	0	0	0	0	16	0	0	0	0	0	0	95	142	6	2	3	27
6086	-4960	2352	14784	0	0	9	0	0	0	0	0	16	0	0	0	0	0	0	95	142	5	2	3	24
6087	-4944	2400	14832	0	0	9	0	0	0	0	0	16	0	0	0	0	0	0	95	142	5	1	3	27
6088	-4944	2384	15152	0	0	9	0	0	0	0	0	16	0	0	0	0	0	0	95	142	5	1	3	163
6089	-4960	2352	14800	0	0	9	0	0	0	0	0	16	0	0	0	0	0	0	95	142	13	8	9	855
6090	-4992	2400	15120	0	0	9	0	0	0	0	0	16	0	0	0	0	0	0	95	142	267	85	75	1310
6091	-4768	2416	14816	0	0	9	0	0	0	0	0	16	0	0	0	0	0	0	95	142	836	144	308	1746
6092	-4960	2368	14752	0	0	9	0	0	0	0	0	16	0	0	0	0	0	0	95	142	1560	517	507	2044
6093	-4960	2192	14736	0	0	9	0	0	0	0	0	16	0	0	0	0	0	0	95	142	1815	712	671	2218
6094	-4752	2384	14528	0	0	9	0	0	0	0	0	16	0	0	0	0	0	0	95	142	2096	835	783	2273
6095	-5136	2032	14560	0	0	9	0	0	0	0	0	16	0	0	0	0	0	0	95	142	2524	970	1003	2177
6096	-4784	2400	15104	0	0	9	0	0	0	0	0	16	0	0	0	0	0	0	95	142	2860	1044	1118	1870
6097	-4992	2192	15120	0	0	9	0	0	0	0	0	16	0	0	0	0	0	0	95	142	2934	1110	1180	1434
6098	-4784	2176	15168	0	0	9	0	0	0	0	0	16	0	0	0	0	0	0	95	142	2682	1083	1174	990
6099	-4800	2256	15120	0	0	9	0	0	0	0	0	16	0	0	0	0	0	0	95	142	2113	1024	943	639
6100	-4752	2256	15152	0	0	9	0	0	0	0	0	16	0	0	0	0	0	0	95	142	1389	652	744	397
6101	-4928	2256	15136	0	0	9	0	0	0	0	0	16	0	8	0	0	0	0	95	142	1132	457	580	242
6102	-4960	2256	15136	0	0	9	0	0	0	0	0	16	0	0	0	0	0	0	95	142	851	334	468	149
6103	-4768	2240	14784	0	0	9	0	0	0	0	0	16	0	0	0	0	0	1	95	142	424	199	248	93
6104	-4752	2224	14800	0	0	9	0	0	0	0	0	16	0	0	0	0	0	6	95	142	88	125	133	64
6105	-4976	2272	14832	0	0	9	0	0	0	0	0	16	0	0	0	0	0	9	95	142	5	52	66	52
6106	-4976	2576	15104	0	0	9	0	0	0	0	0	20	0	8	0	0	0	26	95	142	3	2	5	54
6107	-4976	2256	15120	0	0	9	0	0	0	0	0	16	0	0	0	0	0	67	95	142	4	3	4	64
6108	-4992	2256	14768	0	0	9	0	0	0	0	0	16	0	0	0	0	0	89	95	142	8	5	5	81
6109	-4752	2176	14784	0	0	9	0	0	0	0	0	16	0	0	0	0	0	91	95	142	9	8	6	91
6110	-4992	2176	14784	0	0	9	0	0	0	0	0	16	0	0	0	0	0	95	95	142	10	9	7	94
6111	-4960	2384	15120	0	0	9	0	0	0	0	0	16	0	8	0	0	1	79	95	142	13	11	7	106
6112	-4944	2208	15152	0	0	9	0	0	0	0	0	16	0	0	0	0	18	27	95	142	18	14	8	111
6113	-4928	2176	14816	0	0	9	0	0	0	0	0	16	0	0	0	0	43	15	95	142	20	14	8	120
6114	-4960	2384	15120	0	0	9	0	0	0	0	0	16	0	0	0	0	47	0	95	142	26	17	8	128
6115	-4976	2208	14832	0	0	9	0	0	0	0	0	16	0	0	0	0	47	0	95	142	27	18	8	123
6116	-4960	2240	14816	0	0	9	0	0	0	0	0	16	1	0	0	0	63	0	95	142	26	17	8	110
6117	-4960	2192	15120	0	0	9	0	0	0	0	0	16	0	0	0	1	90	0	95	142	25	15	7	107
6118	-4992	2208	14832	0	0	9	0	0	0	0	0	16	0	0	0	2	90	0	95	142	26	15	7	98
6119	-4784	2224	15152	0	0	9	0	0	0	0	0	16	0	0	0	1	88	0	95	142	24	13	6	94
6120	-4960	2208	15120	0	0	9	0	0	0	0	0	16	0	0	0	0	86	0	95	142	19	11	6	80
6121	-4960	2416	15104	0	0	9	0	0	0	0	0	16	0	0	0	0	63	0	95	142	19	12	5	66
6122	-4944	2384	14800	0	0	9	0	0	0	0	0	16	0	0	0	0	9	0	95	142	13	9	5	57
6123	-4976	2176	14768	0	0	9	0	0	0	0	0	16	0	0	0	0	5	0	95	142	10	7	4	49
6124	-4960	2224	15104	0	0	9	0	0	0	0	0	16	0	0	0	0	3	0	95	142	9	5	4	45
6125	-4960	2192	14800	0	0	9	0	0	0	0	0	16	0	0	0	0	3	0	95	142	8	4	3	40
6126	-4976	2192	15120	0	0	9	0	0	0	0	0	16	0	0	0	0	4	0	95	142	7	4	3	36
6127	-4752	2176	14832	0	0	9	0	0	0	0	0	16	0	0	0	0	9	0	95	142	5	3	3	33
6128	-4928	2400	15104	0	0	9	0	0	0	0	0	16	0	0	0	0	6	0	95	142	5	3	3	32
6129	-4992	2416	15104	0	0	9	0	0	0	0	0	16	0	0	0	0	0	0	95	142	5	2	3	29
6130	-4768	2416	14800	0	0	9	0	0	0	0	0	16	0	0	0	0	0	0	95	142	5	2	3	25
6131	-4976	2384	14752	0	0	9	0	0	0	0	0	16	0	0	0	0	0	0	95	142	6	2	3	22
6132	-4944	2384	14832	0	0	9	0	0	0	0	0	16	0	0	0	0	0	0	95	142	5	2	3	24
6133	-4992	2416	14800	0	0	9	0	0	0	0	0	16	0	0	0	0	0	0	95	142	5	1	3	22
6134	-4992	2192	14752	0	0	9	0	0	0	0	0	16	0	0	0	0	0	0	95	142	5	1	3	20
6135	-4976	2256	14816	0	0	9	0	0	0	0	0	16	0	0	0	0	0	0	95	142	5	1	3	22
6136	-4976	2224	14832	0	0	9	0	0	0	0	0	16	0	0	0	0	0	0	95	142	5	1	3	23
6137	-4976	2192	14832	0	0	9	0	0	0	0	0	16	0	0	0	0	0	0	95	142	4	1	3	24
6138	-4976	2176	14816	0	0	9	0	0	0	0	0	16	0	0	0	0	0	0	95	142	3	1	3	24
6139	-4960	2416	14768	0	0	9	0	0	0	0	0	16	0	0	0	0	0	0	95	142	4	1	3	22
6140	-4976	2416	14800	0	0	9	0	0	0	0	0	16	0	0	0	0	0	0	95	142	3	1	3	21
6141	-4960	2256	15120	0	0	9	0	0	0	0	0	16	0	0	0	0	0	0	95	142	3	1	3	22
6142	-4944	2416	15136	0	0	9	0	0	0	0	0	16	0	0	0	0	0	0	95	142	3	1	3	23
6143	-4976	2400	15120	0	0	9	0	0	0	0	0	16	0	0	0	0	0	0	95	142	3	1	3	22
6144	-4608	2240	15136	0	0	9	0	0	0	0	0	16	0	0	0	0	0	0	95	142	4	1	3	20
6145	-4912	2192	15120	0	0	9	0	0	0	0	0	16	0	0	0	0	0	0	95	142	4	2	3	23
6146	-4912	2560	14832	0	0	9	0	0	0	0	0	16	0	0	0	0	0	0	95	142	4	2	3	220
6147	-4928	2576	15168	0	0	9	0	0	0	0	0	16	0	0	0	0	0	0	95	142	158	20	14	452
6148	-4912	2560	15104	0	0	9	0	0	0	0	0	16	0	0	0	0	0	0	95	142	211	41	81	578
6149	-4944	2288	14816	0	0	9	0	0	0	0	0	16	0	0	0	0	0	0	95	142	292	67	240	1262
6150	-4544	2224	14992	0	0	9	0	0	0	0	0	16	0	0	0	0	0	0	95	142	4111	250	308	1908
6151	-4768	2256	14960	0	0	9	0	0	0	0	0	16	0	0	0	0	0	0	95	142	7382	629	686	2216
6152	-4800	2368	14944	0	0	9	0	0	0	0	0	16	0	0	0	0	0	0	95	142	7934	719	762	2016
6153	-4928	2176	14928	0	0	9	0	0	0	0	0	16	0	0	0	0	0	0	95	142	8102	790	930	1876
6154	-4912	2240	15200	0	0	9	0	0	0	0	0	16	0	0	0	0	0	0	95	142	9101	957	983	1691
6155	-4752	1952	14944	0	0	9	0	0	0	0	0	16	0	0	0	0	0	0	95	142	8997	976	1004	1564
6156	-4992	2320	15104	0	0	9	0	0	0	0	0	16	0	0	0	0	0	0	95	142	9044	996	1124	1349
6157	-4944	2016	14784	0	0	9	0	0	0	0	0	16	0	0	0	0	0	0	95	142	9059	1018	998	1088
6158	-4928	2032	14800	0	0	9	0	0	0	0	0	16	0	0	0	0	0	0	95	142	5242	891	962	785
6159	-4992	2320	15120	0	0	9	0	0	0	0	0	16	0	0	0	0	0	0	95	142	1973	513	588	520
6160	-4976	2368	15104	0	0	9	0	0	0	0	0	16	0	8	0	0	0	0	95	142	1420	424	513	327
6161	-4976	2176	15120	0	0	9	0	0	0	0	0	16	0	0	0	0	0	1	95	142	1251	352	344	201
6162	-4928	2416	14800	0	0	9	0	0	0	0	0	16	0	0	0	0	0	1	95	142	253	185	292	126
6163	-4912	2192	14832	0	0	9	0	0	0	0	0	16	0	0	0	0	0	6	95	142	202	148	259	80
6164	-4912	2416	14816	0	0	9	0	0	0	0	0	16	0	0	0	0	0	23	95	142	102	106	72	63
6165	-4976	2192	15120	0	0	9	0	0	0	0	0	20	0	8	0	0	0	31	95	142	7	58	39	84
6166	-4960	2192	15120	0	0	9	0	0	0	0	0	16	0	0	0	0	0	47	95	142	7	3	8	96
6167	-4992	2192	15104	0	0	9	0	0	0	0	0	16	0	0	0	0	0	78	95	142	15	4	5	108
6168	-4976	2400	14768	0	0	9	0	0	0	0	0	16	0	0	0	0	0	85	95	142	20	9	6	115
6169	-4944	2352	14768	0	0	9	0	0	0	0	0	16	0	0	0	0	0	89	95	142	23	9	7	116
6170	-4976	2368	14736	0	0	9	0	0	0	0	0	16	0	8	0	0	0	83	95	142	31	15	8	116
6171	-4912	2192	14784	0	0	9	0	0	0	0	0	16	0	0	0	0	17	45	95	142	33	17	8	130
6172	-4928	2240	15104	0	0	9	0	0	0	0	0	16	0	0	0	0	42	13	95	142	33	19	10	133
6173	-4976	2224	14752	0	0	9	0	0	0	0	0	16	0	0	0	0	44	0	95	142	33	21	11	128
6174	-4752	2208	14784	0	0	9	0	0	0	0	0	16	0	0	0	0	45	0	95	142	40	23	10	116
6175	-4992	2240	14800	0	0	9	0	0	0	0	0	16	1	0	0	0	71	0	95	142	34	21	10	114
6176	-4752	2208	14784	0	0	9	0	0	0	0	0	16	0	0	0	0	88	0	95	142	29	18	10	103
6177	-4960	2176	14768	0	0	9	0	0	0	0	0	16	0	0	0	0	92	0	95	142	27	19	9	98
6178	-4912	2176	14752	0	0	9	0	0	0	0	0	16	0	0	0	0	90	0	95	142	19	13	8	102
6179	-4928	2400	14816	0	0	9	0	0	0	0	0	16	0	0	0	0	82	0	95	142	17	12	8	92
6180	-4944	2352	14816	0	0	9	0	0	0	0	0	16	0	0	0	0	54	0	95	142	18	9	7	83
6181	-4944	2368	15104	0	0	9	0	0	0	0	0	16	0	0	0	0	27	0	95	142	18	9	6	73
6182	-4992	2384	14832	0	0	9	0	0	0	0	0	16	0	0	0	0	10	0	95	142	10	6	5	60
6183	-4960	2336	15104	0	0	9	0	0	0	0	0	16	0	0	0	0	5	0	95	142	7	6	5	49
6184	-4960	2384	14832	0	0	9	0	0	0	0	0	16	0	0	0	0	4	0	95	142	6	5	4	42
6185	-4960	2400	14800	0	0	9	0	0	0	0	0	16	0	0	0	0	5	0	95	142	6	4	4	36
6186	-4976	2400	14752	0	0	9	0	0	0	0	0	16	0	0	0	0	8	0	95	142	7	3	3	31
6187	-4960	2256	14816	0	0	9	0	0	0	0	0	16	0	0	0	0	6	0	95	142	8	3	3	28
6188	-4896	2272	14816	0	0	9	0	0	0	0	0	16	0	0	0	0	1	0	95	142	7	3	3	25
6189	-4960	2288	14800	0	0	9	0	0	0	0	0	16	0	0	0	0	0	0	95	142	6	2	3	25
6190	-4928	2560	14800	0	0	9	0	0	0	0	0	16	0	0	0	0	0	0	95	142	6	2	3	22
6191	-4976	2224	14816	0	0	9	0	0	0	0	0	16	0	0	0	0	0	0	95	142	6	1	2	21
6192	-4944	2208	14800	0	0	9	0	0	0	0	0	16	0	0	0	0	0	0	95	142	5	1	3	20
6193	-4928	2224	14832	0	0	9	0	0	0	0	0	16	0	0	0	0	0	0	95	142	5	1	3	19
6194	-4912	2400	14800	0	0	9	0	0	0	0	0	16	0	0	0	0	0	0	95	142	4	1	2	19
6195	-4944	2352	14800	0	0	9	0	0	0	0	0	16	0	0	0	0	0	0	95	142	4	1	3	20
6196	-4896	2368	14816	0	0	9	0	0	0	0	0	16	0	0	0	0	0	0	95	142	3	1	3	22
6197	-4960	2384	14816	0	0	9	0	0	0	0	0	16	0	0	0	0	0	0	95	142	3	1	3	21
6198	-4992	2192	14784	0	0	9	0	0	0	0	0	16	0	0	0	0	0	0	95	142	3	1	3	20
6199	-4992	2176	14816	0	0	9	0	0	0	0	0	16	0	0	0	0	0	0	95	142	3	1	3	18
6200	-4960	2176	14784	0	0	9	0	0	0	0	0	16	0	0	0	0	0	0	95	142	3	1	3	17
6201	-4944	2176	14832	0	0	9	0	0	0	0	0	16	0	0	0	0	0	0	95	142	3	1	3	19
6202	-4976	2176	15104	0	0	9	0	0	0	0	0	16	0	0	0	0	0	0	95	142	3	1	3	19
6203	-4944	2192	14832	0	0	9	0	0	0	0	0	16	0	0	0	0	0	0	95	142	4	1	3	18
6204	-4928	2240	14832	0	0	9	0	0	0	0	0	16	0	0	0	0	0	0	95	142	4	1	3	19
6205	-4896	2176	14768	0	0	9	0	0	0	0	0	16	0	0	0	0	0	0	95	142	4	1	3	19
6206	-4912	2368	14800	0	0	9	0	0	0	0	0	16	0	0	0	0	0	0	95	142	4	1	3	21
6207	-4928	2384	14832	0	0	9	0	0	0	0	0	16	0	0	0	0	0	0	95	142	4	1	3	21
6208	-4752	2176	14816	0	0	9	0	0	0	0	0	16	0	0	0	0	0	0	95	142	4	1	3	237
6209	-4944	2192	15104	0	0	9	0	0	0	0	0	16	0	0	0	0	0	0	95	142	6	3	10	521
6210	-4896	2288	14832	0	0	9	0	0	0	0	0	16	0	0	0	0	0	0	95	142	535	96	156	710
6211	-4928	2272	14816	0	0	9	0	0	0	0	0	16	0	0	0	0	0	0	95	142	624	133	183	1223
6212	-4592	2256	15168	0	0	9	0	0	0	0	0	16	0	0	0	0	0	0	95	142	710	244	297	1723
6213	-4560	2608	15360	0	0	9	0	0	0	0	0	16	0	0	0	0	0	0	95	142	937	518	401	2076
6214	-4928	2192	14736	0	0	9	0	0	0	0	0	16	0	0	0	0	0	0	95	142	2509	729	541	2124
6215	-4768	2224	14736	0	0	9	0	0	0	0	0	16	0	0	0	0	0	0	95	142	2788	1249	795	2049
6216	-4848	2400	14512	0	0	9	0	0	0	0	0	16	0	0	0	0	0	0	95	142	2886	1424	890	1939
6217	-4992	2288	15136	0	0	9	0	0	0	0	0	16	0	0	0	0	0	0	95	142	3616	1494	1308	1654
6218	-4944	2288	15120	0	0	9	0	0	0	0	0	16	0	0	0	0	0	0	95	142	3321	1418	1220	1284
6219	-4912	2240	15120	0	0	9	0	0	0	0	0	16	0	0	0	0	0	0	95	142	3320	1395	1216	890
6220	-4944	2208	15120	0	0	9	0	0	0	0	0	16	0	0	0	0	0	0	95	142	3235	1285	1104	576
6221	-4880	2240	15120	0	0	9	0	0	0	0	0	16	0	0	0	0	0	1	95	142	3008	1011	1000	361
6222	-4928	2256	15120	0	0	9	0	0	0	0	0	16	0	8	0	0	0	1	95	142	1436	801	860	222
6223	-4912	2192	15120	0	0	9	0	0	0	0	0	16	0	0	0	0	0	1	95	142	1157	280	607	140
6224	-4880	2576	15136	0	0	9	0	0	0	0	0	16	0	0	0	0	0	3	95	142	1059	105	511	104
6225	-4608	2272	15104	0	0	9	0	0	0	0	0	16	0	0	0	0	0	7	95	142	327	33	86	98
6226	-4960	2208	14800	0	0	9	0	0	0	0	0	16	0	0	0	0	0	21	95	142	95	19	29	99
6227	-4944	2224	15104	0	0	9	0	0	0	0	0	20	0	8	0	0	0	40	95	142	10	6	7	96
6228	-4960	2224	14768	0	0	9	0	0	0	0	0	16	0	0	0	0	0	62	95	142	11	5	5	103
6229	-4976	2192	14816	0	0	9	0	0	0	0	0	16	0	0	0	0	0	83	95	142	17	7	7	123
6230	-4976	2208	14800	0	0	9	0	0	0	0	0	16	0	0	0	0	0	87	95	142	17	7	7	117
6231	-4928	2416	14784	0	0	9	0	0	0	0	0	16	0	0	0	0	0	86	95	142	19	11	8	122
6232	-4960	2368	14784	0	0	9	0	0	0	0	0	16	0	8	0	0	1	71	95	142	21	11	9	112
6233	-4928	2416	14800	0	0	9	0	0	0	0	0	16	0	0	0	0	30	52	95	142	21	12	9	108
6234	-4928	2176	14784	0	0	9	0	0	0	0	0	16	0	0	0	0	43	1	95	142	19	12	9	103
6235	-4912	2192	14768	0	0	9	0	0	0	0	0	16	0	0	0	0	45	0	95	142	19	13	9	94
6236	-4976	2176	14832	0	0	9	0	0	0	0	0	16	0	0	0	0	45	0	95	142	18	14	9	93
6237	-4960	2176	15104	0	0	9	0	0	0	0	0	16	1	0	0	0	73	0	95	142	15	12	7	88
6238	-4944	2192	15104	0	0	9	0	0	0	0	0	16	0	0	0	0	88	0	95	142	15	12	6	79
6239	-4928	2240	14832	0	0	9	0	0	0	0	0	16	0	0	0	0	91	0	95	142	14	8	6	70
6240	-4944	2208	14816	0	0	9	0	0	0	0	0	16	0	0	0	1	88	0	95	142	13	8	5	63
6241	-4976	2192	14800	0	0	9	0	0	0	0	0	16	0	0	0	0	76	0	95	142	13	8	5	53
6242	-4960	2400	15104	0	0	9	0	0	0	0	0	16	0	0	0	0	26	0	95	142	12	5	4	46
6243	-4960	2368	14832	0	0	9	0	0	0	0	0	16	0	0	0	0	17	0	95	142	11	5	3	39
6244	-4976	2416	14832	0	0	10	0	0	0	0	0	16	0	0	0	0	6	0	95	142	10	3	3	34
6245	-4896	2176	14800	10	0	10	0	0	0	0	0	16	0	0	0	0	5	0	95	142	8	3	3	29
6246	-4928	2368	14816	10	0	10	0	0	0	0	0	16	0	0	0	0	4	0	95	142	7	2	3	29
6247	-4896	2368	14832	10	0	10	0	0	0	0	0	16	0	0	0	0	6	0	95	142	6	2	3	31
6248	-4960	2368	15104	10	0	10	0	0	0	0	0	16	0	0	0	0	6	0	95	142	5	2	3	32
6249	-4896	2176	15104	10	0	10	0	0	0	0	0	16	0	0	0	1	1	0	95	142	5	2	3	30
6250	-4880	2176	15120	10	0	10	0	0	0	0	0	16	0	0	0	1	0	0	95	142	5	2	3	26
6251	-4608	2192	15168	10	0	10	0	0	0	0	0	16	0	0	0	0	0	0	95	142	4	2	3	24
6252	-4928	2208	14832	10	0	10	0	0	0	0	0	16	0	0	0	0	0	0	95	142	3	2	3	22
6253	-4880	2208	15136	10	0	10	0	0	0	0	0	16	0	0	0	0	0	0	95	142	3	2	3	24
6254	-4928	2176	15104	10	0	10	0	0	0	0	0	16	0	0	0	0	0	0	95	142	3	2	3	23
6255	-4992	2176	14832	10	0	10	0	0	0	0	0	16	0	0	0	0	0	0	95	142	3	2	3	20
6256	-4976	2208	14816	10	0	10	0	0	0	0	0	16	0	0	0	0	0	0	95	142	3	1	3	19
6257	-4992	2192	14816	10	0	10	0	0	0	0	0	16	0	0	0	0	0	0	95	142	3	1	3	20
6258	-4928	2208	14800	10	0	10	0	0	0	0	0	16	0	0	0	0	0	0	95	142	3	1	3	19
6259	-4592	2288	14800	10	0	10	0	0	0	0	0	16	0	0	0	0	0	0	95	142	3	1	3	20
6260	-4592	2224	15104	10	0	10	0	0	0	0	0	16	0	0	0	0	0	0	95	142	4	1	3	20
6261	-4592	2240	15152	10	0	10	0	0	0	0	0	16	0	0	0	0	0	0	95	142	4	1	3	19
6262	-4880	2208	15120	10	0	10	0	0	0	0	0	16	0	0	0	0	0	0	95	142	4	1	3	18
6263	-4592	2208	14832	10	0	10	0	0	0	0	0	16	0	0	0	0	0	0	95	142	4	1	3	18
6264	-4880	2224	14816	10	0	10	0	0	0	0	0	16	0	0	0	0	0	0	95	142	4	1	3	20
6265	-4912	2208	14736	10	0	10	0	0	0	0	0	16	0	0	0	0	0	0	95	142	4	1	3	22
6266	-4592	2272	14736	10	0	10	0	0	0	0	0	16	0	0	0	0	0	0	95	142	4	1	3	21
6267	-4880	2224	14816	10	0	10	0	0	0	0	0	16	0	0	0	0	0	0	95	142	4	1	3	22
6268	-4592	2576	14832	10	0	10	0	0	0	0	0	16	0	0	0	0	0	0	95	142	4	1	3	23
6269	-4576	2576	15120	10	0	10	0	0	0	0	0	16	0	0	0	0	0	0	95	142	3	1	3	23
6270	-4880	2256	15104	10	0	10	0	0	0	0	0	16	0	0	0	0	0	0	95	142	3	1	3	21
6271	-4592	2272	15152	10	0	10	0	0	0	0	0	16	0	0	0	0	0	0	95	142	3	1	3	20
6272	-4592	2256	15152	10	0	10	0	0	0	0	0	16	0	0	0	0	0	0	95	142	3	1	3	391
6273	-4896	2400	15120	10	0	10	0	0	0	0	0	16	0	0	0	0	0	0	95	142	77	7	8	753
6274	-4576	2208	15184	10	0	10	0	0	0	0	0	16	0	0	0	0	0	0	95	142	201	80	60	1212
6275	-4880	2224	15216	10	0	10	0	0	0	0	0	16	0	0	0	0	0	0	95	142	930	128	122	1691
6276	-4560	2416	14928	10	0	10	0	0	0	0	0	16	0	0	0	0	0	0	95	142	984	159	368	2248
6277	-4960	2384	14592	10	0	10	0	0	0	0	0	16	0	0	0	0	0	0	95	142	1510	596	509	2666
6278	-4608	2608	15216	10	0	10	0	0	0	0	0	16	0	0	0	0	0	0	95	142	5675	1143	679	2899
6279	-4944	2176	14896	10	0	10	0	0	0	0	0	16	0	0	0	0	0	0	95	142	8076	1430	1071	3032
6280	-4928	2256	15184	10	0	10	0	0	0	0	0	16	0	0	0	0	0	0	95	142	9104	1642	1124	3019
6281	-4912	2224	14816	10	0	10	0	0	0	0	0	16	0	0	0	0	0	0	95	142	9716	2266	1362	2685
6282	-4944	2240	14928	10	0	10	0	0	0	0	0	16	0	0	0	0	0	0	95	142	9645	2218	1351	2213
6283	-4912	2192	14768	10	0	10	0	0	0	0	0	16	0	0	0	0	0	0	95	142	9035	2288	1382	1656
6284	-4880	2176	14752	10	0	10	0	0	0	0	0	16	0	0	0	0	0	0	95	142	8990	2383	1221	1137
6285	-4880	2400	14832	10	0	10	0	0	0	0	0	16	0	0	0	0	0	0	95	142	8468	1952	1084	732
6286	-4608	2288	14800	10	0	10	0	0	0	0	0	16	0	8	0	0	0	0	95	142	4304	1405	915	453
6287	-4592	2416	15120	10	0	10	0	0	0	0	0	16	0	0	0	0	0	0	95	142	1903	1118	522	274
6288	-4928	2368	14816	10	0	10	0	0	0	0	0	16	0	0	0	0	0	0	95	142	874	906	470	168
6289	-4944	2176	15136	10	0	10	0	0	0	0	0	16	0	0	0	0	0	2	95	142	189	276	226	107
6290	-4928	2192	14832	10	0	10	0	0	0	0	0	16	0	0	0	0	0	12	95	142	135	251	186	82
6291	-4944	2240	14832	10	0	10	0	0	0	0	0	20	0	8	0	0	0	37	95	142	17	133	92	77
6292	-4912	2224	15168	10	0	10	0	0	0	0	0	16	0	0	0	0	0	41	95	142	8	9	8	98
6293	-4576	2400	14816	10	0	10	0	0	0	0	0	16	0	0	0	0	0	58	95	142	11	7	4	119
6294	-4896	2400	14800	10	0	10	0	0	0	0	0	16	0	0	0	0	0	84	95	142	14	11	6	139
6295	-4960	2176	14816	10	0	10	0	0	0	0	0	16	0	0	0	0	0	82	95	142	15	13	7	141
6296	-4928	2416	14832	10	0	10	0	0	0	0	0	16	0	8	0	0	5	53	95	142	16	14	8	144
6297	-4880	2176	15104	10	0	10	0	0	0	0	0	16	0	0	0	0	36	30	95	142	16	17	11	153
6298	-4912	2208	14832	10	0	10	0	0	0	0	0	16	0	0	0	0	44	1	95	142	16	17	12	153
6299	-4896	2224	14832	10	0	10	0	0	0	0	0	16	1	0	0	0	52	0	95	142	23	19	12	148
6300	-4896	2224	14816	10	0	10	0	0	0	0	0	16	0	0	0	0	81	0	95	142	26	20	13	133
6301	-4928	2224	15120	10	0	10	0	0	0	0	0	16	0	0	0	0	95	0	95	142	20	17	13	118
6302	-4928	2192	15120	10	0	10	0	0	0	0	0	16	0	0	0	0	96	0	95	142	16	15	11	102
6303	-4544	2224	14800	10	0	10	0	0	0	0	0	16	0	0	0	0	95	0	95	142	16	13	10	93
6304	-4592	2176	14816	10	0	10	0	0	0	0	0	16	0	0	0	0	92	0	95	142	17	13	10	85
6305	-4560	2400	15120	10	0	10	0	0	0	0	0	16	0	0	0	0	84	0	95	142	18	11	8	77
6306	-4576	2400	15136	10	0	10	0	0	0	0	0	16	0	0	0	0	67	0	95	142	19	10	6	70
6307	-4880	2368	15136	10	0	10	0	0	0	0	0	16	0	0	0	0	53	0	95	142	13	8	6	64
6308	-4880	2384	15104	10	0	10	0	0	0	0	0	16	0	0	0	0	31	0	95	142	9	6	4	54
6309	-4608	2256	15104	10	0	10	0	0	0	0	0	16	0	0	0	0	13	0	95	142	9	5	4	44
6310	-4896	2208	14832	10	0	10	0	0	0	0	0	16	0	0	0	0	9	0	95	142	9	4	4	38
6311	-4896	2176	15136	10	0	10	0	0	0	0	0	16	0	0	0	0	15	0	95	142	9	3	3	35
6312	-4944	2192	15104	10	0	10	0	0	0	0	0	16	0	0	0	1	29	0	95	142	7	2	3	34
6313	-4944	2416	15120	10	0	10	0	0	0	0	0	16	0	0	0	3	26	0	95	142	7	2	3	29
6314	-4928	2208	15120	10	0	10	0	0	0	0	0	16	0	0	0	2	6	0	95	142	6	2	3	25
6315	-4944	2192	15136	10	0	10	0	0	0	0	0	16	0	0	0	1	6	0	95	142	5	1	3	23
6316	-4896	2176	15136	10	0	10	0	0	0	0	0	16	0	0	0	1	3	0	95	142	5	1	3	21
6317	-4560	2208	15120	10	0	10	0	0	0	0	0	16	0	0	0	0	2	0	95	142	4	1	3	20
6318	-4880	2368	15120	10	0	10	0	0	0	0	0	16	0	0	0	0	0	0	95	142	4	1	3	19
6319	-4608	2320	15168	10	0	10	0	0	0	0	0	16	0	0	0	0	0	0	95	142	4	1	3	16
6320	-4560	2400	15168	10	0	10	0	0	0	0	0	16	0	0	0	0	0	0	95	142	4	1	3	16
6321	-4576	2352	15184	10	0	10	0	0	0	0	0	16	0	0	0	0	0	0	95	142	3	1	3	17
6322	-4592	2176	15200	10	0	10	0	0	0	0	0	16	0	0	0	0	0	0	95	142	3	1	2	17
6323	-4896	2208	15136	10	0	10	0	0	0	0	0	16	0	0	0	0	0	0	95	142	2	1	2	17
6324	-4928	2224	15152	10	0	10	0	0	0	0	0	16	0	0	0	0	0	0	95	142	3	1	2	17
6325	-4592	2256	15152	10	0	10	0	0	0	0	0	16	0	0	0	0	0	0	95	142	2	1	2	17
6326	-4896	2240	15120	10	0	10	0	0	0	0	0	16	0	0	0	0	0	0	95	142	2	1	2	22
6327	-4880	2208	15120	10	0	10	0	0	0	0	0	16	0	0	0	0	0	0	95	142	2	1	2	21
6328	-4544	2192	15120	10	0	10	0	0	0	0	0	16	0	0	0	0	0	0	95	142	2	1	2	20
6329	-4576	2384	15120	10	0	10	0	0	0	0	0	16	0	0	0	0	0	0	95	142	2	1	2	21
6330	-4576	2176	15136	10	0	10	0	0	0	0	0	16	0	0	0	0	0	0	95	142	1	1	2	38
6331	-4544	2240	14992	10	0	10	0	0	0	0	0	16	0	0	0	0	0	0	95	142	2	2	3	333
6332	-4976	2224	14896	10	0	10	0	0	0	0	0	16	0	0	0	0	0	0	95	142	53	7	25	1056
6333	-4608	2208	14720	10	0	10	0	0	0	0	0	16	0	0	0	0	0	0	95	142	3618	202	120	1957
6334	-4560	2256	15136	10	0	10	0	0	0	0	0	16	0	0	0	0	0	0	95	142	9410	930	413	2395
6335	-4544	2208	14768	10	0	10	0	0	0	0	0	16	0	0	0	0	0	0	95	142	11056	1053	730	2664
6336	-4976	2176	14560	10	0	10	0	0	0	0	0	16	0	0	0	0	0	0	95	142	11341	1504	841	2712
6337	-4800	2400	14704	10	0	10	0	0	0	0	0	16	0	0	0	0	0	0	95	142	12544	1850	1563	2469
6338	-4768	2416	14944	10	0	10	0	0	0	0	0	16	0	0	0	0	0	0	95	142	12622	2012	1714	2119
6339	-4896	2272	15136	10	0	10	0	0	0	0	0	16	0	0	0	0	0	0	95	142	12786	2237	1823	1745
6340	-4912	2592	14752	10	0	10	0	0	0	0	0	0	0	0	0	0	0	0	95	142	12887	2424	1894	1568
6341	-4896	2432	14960	10	0	10	0	0	0	0	0	0	0	0	0	0	0	0	95	142	9451	2286	1856	1246
6342	-4896	2560	14816	10	0	10	0	0	0	0	0	0	0	0	0	0	0	0	95	142	3664	1562	1598	874
6343	-4576	2608	14800	10	0	10	0	0	0	0	0	0	0	8	0	0	0	0	95	142	2018	1440	1283	569
6344	-4608	2208	15104	10	0	10	0	0	0	0	0	0	0	0	0	0	0	0	95	142	1733	989	1172	358
6345	-4608	2288	15104	10	0	10	0	0	0	0	0	0	0	0	0	0	0	0	95	142	531	643	450	219
6346	-4592	2624	15104	10	0	10	0	0	0	0	0	0	0	0	0	0	0	1	95	142	452	481	299	136
6347	-4608	2592	15168	10	0	10	0	0	0	0	0	0	0	0	0	0	0	3	95	142	289	256	190	94
6348	-4592	2288	15152	10	0	10	0	0	0	0	0	4	0	8	0	0	0	5	95	142	137	63	97	84
6349	-4608	2256	15104	10	0	10	0	0	0	0	0	0	0	0	0	0	0	21	95	142	10	10	40	103
6350	-4912	2256	14832	10	0	10	0	0	0	0	0	0	0	0	0	0	0	58	95	142	6	8	7	135
6351	-4608	2240	15104	10	0	10	0	0	0	0	0	0	0	0	0	0	0	88	95	142	15	14	12	157
6352	-4608	2256	14816	10	0	10	0	0	0	0	0	0	0	0	0	0	0	93	95	142	24	20	15	168
6353	-4896	2240	14800	10	0	10	0	0	0	0	0	0	0	8	0	0	0	97	95	142	32	26	19	169
6354	-4880	2224	14816	10	0	10	0	0	0	0	0	0	0	0	0	0	0	84	95	142	35	29	24	157
6355	-4592	2288	14800	10	0	10	0	0	0	0	0	0	0	0	0	0	5	34	95	142	42	31	29	158
6356	-4880	2272	14800	10	0	10	0	0	0	0	0	0	0	0	0	0	40	29	95	142	60	41	32	161
6357	-4896	2208	15168	10	0	10	0	0	0	0	0	0	0	0	0	0	45	0	95	142	63	41	33	149
6358	-4896	2384	15104	10	0	10	0	0	0	0	0	0	1	0	0	0	69	0	95	142	65	40	32	131
6359	-4608	2192	14800	10	0	10	0	0	0	0	0	0	0	0	0	0	91	0	95	142	58	35	25	118
6360	-4608	2208	14800	10	0	10	0	0	0	0	0	0	0	0	0	0	97	0	95	142	49	29	23	105
6361	-4880	2240	15104	10	0	10	0	0	0	0	0	0	0	0	0	0	96	0	95	142	44	26	18	93
6362	-4576	2224	14832	10	0	10	0	0	0	0	0	0	0	0	0	0	95	0	95	142	43	23	14	87
6363	-4912	2208	15104	10	0	10	0	0	0	0	0	0	0	0	0	0	92	0	95	142	40	22	10	78
6364	-4576	2416	15104	10	0	10	0	0	0	0	0	0	0	0	0	0	79	0	95	142	21	11	7	68
6365	-4880	2192	15104	10	0	10	0	0	0	0	0	0	0	0	0	0	36	0	95	142	15	8	5	63
6366	-4608	2192	15104	10	0	10	0	0	0	0	0	0	0	0	0	0	16	0	95	142	14	8	5	57
6367	-4880	2176	14832	10	0	10	0	0	0	0	0	0	0	0	0	0	7	0	95	142	13	6	4	51
6368	-4608	2240	15104	10	0	10	0	0	0	0	0	0	0	0	0	0	4	0	95	142	12	6	4	42
6369	-4592	2256	14816	10	0	10	0	0	0	0	0	0	0	0	0	0	7	0	95	142	10	4	4	37
6370	-4912	2192	14832	10	0	10	0	0	0	0	0	0	0	0	0	0	21	0	95	142	9	3	4	31
6371	-4896	2416	15120	10	0	10	0	0	0	0	0	0	0	0	0	2	14	0	95	142	6	3	3	29
6372	-4896	2240	15136	10	0	10	0	0	0	0	0	0	0	0	0	2	1	0	95	142	5	3	3	27
6373	-4880	2240	15120	10	0	10	0	0	0	0	0	0	0	0	0	3	0	0	95	142	5	2	3	27
6374	-4944	2240	15104	10	0	10	0	0	0	0	0	0	0	0	0	2	0	0	95	142	5	2	3	27
6375	-4912	2272	14816	10	0	10	0	0	0	0	0	0	0	0	0	1	0	0	95	142	5	2	3	25
6376	-4608	2240	14768	10	0	10	0	0	0	0	0	0	0	0	0	0	0	0	95	142	4	2	3	25
6377	-4880	2208	14816	10	0	10	0	0	0	0	0	0	0	0	0	0	0	0	95	142	4	2	3	27
6378	-4880	2208	14832	10	0	10	0	0	0	0	0	0	0	0	0	0	0	0	95	142	4	2	3	26
6379	-4880	2208	15120	10	0	10	0	0	0	0	0	0	0	0	0	0	0	0	95	142	4	2	3	25
6380	-4880	2208	15136	10	0	10	0	0	0	0	0	0	0	0	0	0	0	0	95	142	5	2	3	27
6381	-4880	2192	14784	10	0	10	0	0	0	0	0	0	0	0	0	0	0	0	95	142	6	2	3	28
6382	-4576	2288	14800	10	0	10	0	0	0	0	0	0	0	0	0	0	0	0	95	142	5	2	4	27
6383	-4960	2560	14816	10	0	10	0	0	0	0	0	0	0	0	0	0	0	0	95	142	5	2	4	27
6384	-4928	2256	15104	10	0	10	0	0	0	0	0	0	0	0	0	0	0	0	95	142	4	2	4	28
6385	-4880	2240	15104	10	0	10	0	0	0	0	0	0	0	0	0	0	0	0	95	142	5	2	4	29
6386	-4896	2176	14832	10	0	10	0	0	0	0	0	0	0	0	0	0	0	0	95	142	5	2	3	27
6387	-4896	2192	15120	10	0	10	0	0	0	0	0	0	0	0	0	0	0	0	95	142	5	1	3	24
6388	-4608	2272	15152	10	0	10	0	0	0	0	0	0	0	0	0	0	0	0	95	142	4	1	3	50
6389	-4528	2576	14976	10	0	10	0	0	0	0	0	0	0	0	0	0	0	0	95	142	4	3	5	356
6390	-4592	2224	14768	10	0	10	0	0	0	0	0	0	0	0	0	0	0	0	95	142	592	95	32	594
6391	-4592	2176	14944	10	0	10	0	0	0	0	0	0	0	0	0	0	0	0	95	142	785	189	77	843
6392	-4592	2288	15120	10	0	10	0	0	0	0	0	0	0	0	0	0	0	0	95	142	864	243	206	973
6393	-4592	2368	14768	10	0	10	0	0	0	0	0	0	0	0	0	0	0	0	95	142	970	258	231	1165
6394	-4896	2560	15152	10	0	10	0	0	0	0	0	0	0	0	0	0	0	0	95	142	1469	542	358	1345
6395	-4880	2560	14992	10	0	10	0	0	0	0	0	0	0	0	0	0	0	0	95	142	1486	600	501	1413
6396	-4560	2592	15424	10	0	10	0	0	0	0	0	0	0	0	0	0	0	0	95	142	1726	723	573	1353
6397	-4608	2416	15360	10	0	10	0	0	0	0	0	0	0	0	0	0	0	0	95	142	1797	807	739	1170
6398	-4608	2288	14992	10	0	10	0	0	0	0	0	0	0	0	0	0	0	0	95	142	1218	736	785	982
6399	-4592	2192	15152	10	0	10	0	0	0	0	0	0	0	0	0	0	0	0	95	142	1039	654	765	763
6400	-4880	2272	15120	10	0	10	0	0	0	0	0	0	0	0	0	0	0	0	95	142	964	605	650	537
6401	-4592	2192	14800	10	0	10	0	0	0	0	0	0	0	0	0	0	0	1	95	142	859	590	626	353
6402	-4560	2272	15136	10	0	10	0	0	0	0	0	0	0	0	0	0	0	3	95	142	360	307	500	228
6403	-4576	2272	15120	10	0	10	0	0	0	0	0	0	0	8	0	0	0	3	95	142	343	248	357	146
6404	-4592	2288	15104	10	0	10	0	0	0	0	0	0	0	0	0	0	0	7	95	142	103	125	285	97
6405	-4592	2272	14816	10	0	10	0	0	0	0	0	0	0	0	0	0	0	13	95	142	32	41	116	79
6406	-4896	2256	14800	10	0	10	0	0	0	0	0	0	0	0	0	0	0	23	95	142	26	18	44	99
6407	-4896	2240	14832	10	0	10	0	0	0	0	0	0	0	0	0	0	0	31	95	142	15	9	20	116
6408	-4608	2240	15120	10	0	10	0	0	0	0	0	4	0	8	0	0	0	66	95	142	12	6	10	121
6409	-4880	2240	15136	10	0	10	0	0	0	0	0	0	0	0	0	0	0	83	95	142	11	6	9	147
6410	-4928	2240	15152	10	0	10	0	0	0	0	0	0	0	0	0	0	0	86	95	142	21	25	20	162
6411	-4608	2224	15152	10	0	10	0	0	0	0	0	0	0	0	0	0	0	90	95	142	32	35	25	178
6412	-4944	2416	15136	10	0	10	0	0	0	0	0	0	0	0	0	0	0	87	95	142	39	44	26	174
6413	-4928	2192	14800	10	0	10	0	0	0	0	0	0	0	0	0	0	7	74	95	142	45	46	28	160
6414	-4896	2208	14832	10	0	10	0	0	0	0	0	0	0	0	0	0	42	37	95	142	42	46	29	155
6415	-4608	2224	15104	10	0	10	0	0	0	0	0	0	0	0	0	0	42	0	95	142	46	50	28	140
6416	-4896	2400	14816	10	0	10	0	0	0	0	0	0	0	0	0	0	43	0	95	142	45	49	25	122
6417	-4880	2416	14832	10	0	10	0	0	0	0	0	0	0	0	0	0	36	0	95	142	45	48	24	114
6418	-4960	2256	15104	10	0	10	0	0	0	0	0	0	1	0	0	0	66	0	95	142	37	30	14	106
6419	-4896	2272	15120	10	0	10	0	0	0	0	0	0	0	0	0	1	75	0	95	142	25	20	9	90
6420	-4928	2224	15136	10	0	10	0	0	0	0	0	0	0	0	0	2	76	0	95	142	19	12	7	76
6421	-4576	2240	15136	10	0	10	0	0	0	0	0	0	0	0	0	4	51	0	95	142	13	10	6	62
6422	-4880	2192	15152	10	0	10	0	0	0	0	0	0	0	0	0	0	24	0	95	142	13	10	5	52
6423	-4592	2208	15104	10	0	10	0	0	0	0	0	0	0	0	0	0	5	0	95	142	7	4	4	45
6424	-4912	2224	14816	10	0	10	0	0	0	0	0	0	0	0	0	0	3	0	95	142	6	4	4	41
6425	-4880	2240	14832	10	0	10	0	0	0	0	0	0	0	0	0	0	3	0	95	142	5	4	3	35
6426	-4880	2560	14800	10	0	10	0	0	0	0	0	0	0	0	0	0	2	0	95	142	4	3	3	31
6427	-4608	2240	15152	10	0	10	0	0	0	0	0	0	0	0	0	0	3	0	95	142	5	2	3	32
6428	-4896	2224	15168	10	0	10	0	0	0	0	0	0	0	0	0	0	2	0	95	142	5	2	3	31
6429	-4880	2192	15120	10	0	10	0	0	0	0	0	0	0	0	0	3	1	0	95	142	5	2	3	29
6430	-4880	2224	15104	10	0	10	0	0	0	0	0	0	0	0	0	12	0	0	95	142	4	1	3	28
6431	-4928	2224	14800	10	0	10	0	0	0	0	0	0	0	0	0	26	0	0	95	142	4	1	3	33
6432	-4976	2192	15120	10	0	10	0	0	0	0	0	0	0	0	0	14	0	0	95	142	4	1	3	34
6433	-4576	2288	15104	10	0	10	0	0	0	0	0	0	0	0	0	3	0	0	95	142	4	1	3	30
6434	-4592	2560	14816	10	0	10	0	0	0	0	0	0	0	0	0	0	0	0	95	142	4	1	3	28
6435	-4608	2224	14832	10	0	10	0	0	0	0	0	0	0	0	0	0	0	0	95	142	3	1	3	29
6436	-4608	2192	14832	10	0	10	0	0	0	0	0	0	0	0	0	0	0	0	95	142	4	1	3	30
6437	-4592	2240	15120	10	0	10	0	0	0	0	0	0	0	0	0	0	0	0	95	142	3	1	2	30
6438	-4928	2192	15152	10	0	10	0	0	0	0	0	0	0	0	0	0	0	0	95	142	3	1	3	29
6439	-4944	2224	14816	10	0	10	0	0	0	0	0	0	0	0	0	0	0	0	95	142	3	2	3	30
6440	-4928	2272	14832	10	0	10	0	0	0	0	0	0	0	0	0	0	0	0	95	142	3	1	3	32
6441	-4880	2256	15152	10	0	10	0	0	0	0	0	0	0	0	0	0	0	0	95	142	4	2	3	34
6442	-4928	2192	15136	10	0	10	0	0	0	0	0	0	0	0	0	0	0	0	95	142	4	1	3	33
6443	-4896	2208	15104	10	0	10	0	0	0	0	0	0	0	0	0	0	0	0	95	142	5	1	3	33
6444	-4896	2560	15136	10	0	10	0	0	0	0	0	0	0	0	0	0	0	0	95	142	4	1	3	31
6445	-4896	2224	15120	10	0	10	0	0	0	0	0	0	0	0	0	0	0	0	95	142	5	1	3	31
6446	-4592	2240	15120	10	0	10	0	0	0	0	0	0	0	0	0	0	0	0	95	142	5	2	3	28
6447	-4896	2256	15104	10	0	10	0	0	0	0	0	0	0	0	0	0	0	0	95	142	4	1	3	378
6448	-4896	2176	14720	10	0	10	0	0	0	0	0	0	0	0	0	0	0	0	95	142	416	82	49	644
6449	-4976	2336	14560	10	0	10	0	0	0	0	0	0	0	0	0	0	0	0	95	142	449	92	78	1080
6450	-4976	2320	14864	10	0	10	0	0	0	0	0	0	0	0	0	0	0	0	95	142	965	238	422	1232
6451	-4928	1984	14656	10	0	10	0	0	0	0	0	0	0	0	0	0	0	0	95	142	1369	392	561	1276
6452	-4896	2288	14752	10	0	10	0	0	0	0	0	0	0	0	0	0	0	0	95	142	1428	484	791	1387
6453	-4608	2448	15424	10	0	10	0	0	0	0	0	0	0	0	0	0	0	0	95	142	1430	503	871	1471
6454	-4560	2192	15168	10	0	10	0	0	0	0	0	0	0	0	0	0	0	0	95	142	1479	506	929	1354
6455	-4880	2400	15152	10	0	10	0	0	0	0	0	0	0	0	0	0	0	0	95	142	1651	551	951	1180
6456	-4880	2032	14752	10	0	10	0	0	0	0	0	0	0	0	0	0	0	0	95	142	1353	495	928	959
6457	-4592	2320	14800	10	0	10	0	0	0	0	0	0	0	0	0	0	0	0	95	142	1334	500	971	730
6458	-4592	2384	14816	10	0	10	0	0	0	0	0	0	0	0	0	0	0	0	95	142	818	380	648	510
6459	-4576	2416	15104	10	0	10	0	0	0	0	0	0	0	0	0	0	0	1	95	142	416	228	517	335
6460	-4592	2224	15136	10	0	10	0	0	0	0	0	0	0	8	0	0	0	2	95	142	356	137	287	215
6461	-4880	2240	14816	10	0	10	0	0	0	0	0	0	0	0	0	0	0	2	95	142	354	117	207	137
6462	-4880	2240	15152	10	0	10	0	0	0	0	0	0	0	0	0	0	0	6	95	142	305	114	150	88
6463	-4608	2240	15136	10	0	10	0	0	0	0	0	0	0	0	0	0	0	15	95	142	133	69	128	62
6464	-4880	2288	15104	10	0	10	0	0	0	0	0	0	0	0	0	0	0	27	95	142	20	44	104	60
6465	-4880	2240	14816	10	0	10	0	0	0	0	0	4	0	8	0	0	0	31	95	142	6	29	34	99
6466	-4928	2224	14784	10	0	10	0	0	0	0	0	0	0	0	0	0	0	71	95	142	8	12	15	129
6467	-4912	2176	14800	10	0	10	0	0	0	0	0	0	0	0	0	0	0	89	95	142	12	14	16	155
6468	-4896	2208	15152	10	0	10	0	0	0	0	0	0	0	0	0	0	0	91	95	142	26	22	16	174
6469	-4592	2176	15136	10	0	10	0	0	0	0	0	0	0	0	0	0	0	94	95	142	39	26	18	180
6470	-4880	2384	15120	10	0	10	0	0	0	0	0	0	0	0	0	0	0	90	95	142	41	33	23	178
6471	-4576	2192	14832	10	0	10	0	0	0	0	0	0	0	0	0	0	10	77	95	142	43	35	25	167
6472	-4576	2560	15104	10	0	10	0	0	0	0	0	0	0	0	0	0	41	41	95	142	48	36	28	153
6473	-4576	2272	14800	10	0	10	0	0	0	0	0	0	0	0	0	0	43	0	95	142	49	38	28	148
6474	-4608	2400	14784	10	0	10	0	0	0	0	0	0	0	0	0	0	43	0	95	142	52	31	26	141
6475	-4592	2400	14832	10	0	10	0	0	0	0	0	0	1	0	0	0	52	0	95	142	53	31	18	135
6476	-4608	2224	14800	10	0	10	0	0	0	0	0	0	0	0	0	1	78	0	95	142	46	29	18	122
6477	-4912	2208	15104	10	0	10	0	0	0	0	0	0	0	0	0	2	80	0	95	142	34	27	17	105
6478	-4896	2352	14832	10	0	10	0	0	0	0	0	0	0	0	0	2	82	0	95	142	32	20	11	90
6479	-4896	2368	15120	10	0	10	0	0	0	0	0	0	0	0	0	2	65	0	95	142	31	19	9	79
6480	-4944	2384	15136	10	0	10	0	0	0	0	0	0	0	0	0	0	29	0	95	142	27	18	7	67
6481	-4912	2384	15152	10	0	10	0	0	0	0	0	0	0	0	0	0	6	0	95	142	27	17	7	56
6482	-4944	2208	15136	10	0	10	0	0	0	0	0	0	0	0	0	0	3	0	95	142	20	15	6	49
6483	-4912	2240	14832	10	0	10	0	0	0	0	0	0	0	0	0	0	3	0	95	142	13	11	5	43
6484	-4896	2240	14832	10	0	10	0	0	0	0	0	0	0	0	0	0	2	0	95	142	7	5	4	40
6485	-4576	2176	15152	10	0	10	0	0	0	0	0	0	0	0	0	0	2	0	95	142	7	3	3	34
6486	-4608	2208	15136	10	0	10	0	0	0	0	0	0	0	0	0	0	3	0	95	142	7	3	3	32
6487	-4880	2416	15136	10	0	10	0	0	0	0	0	0	0	0	0	1	2	0	95	142	7	2	4	30
6488	-4896	2192	14816	10	0	10	0	0	0	0	0	0	0	0	0	4	0	0	95	142	5	2	3	29
6489	-4896	2208	15120	10	0	10	0	0	0	0	0	0	0	0	0	10	0	0	95	142	5	2	3	26
6490	-4560	2192	15136	10	0	10	0	0	0	0	0	0	0	0	0	8	0	0	95	142	5	2	3	23
6491	-4912	2384	15184	10	0	10	0	0	0	0	0	0	0	0	0	3	0	0	95	142	5	2	3	22
6492	-4560	2416	14832	10	0	10	0	0	0	0	0	0	0	0	0	0	0	0	95	142	4	1	3	21
6493	-4576	2176	15120	10	0	10	0	0	0	0	0	0	0	0	0	0	0	0	95	142	4	1	3	21
6494	-4880	2384	14832	10	0	10	0	0	0	0	0	0	0	0	0	0	0	0	95	142	4	1	3	26
6495	-4880	2192	15152	10	0	10	0	0	0	0	0	0	0	0	0	0	0	0	95	142	3	1	3	29
6496	-4944	2224	15152	10	0	10	0	0	0	0	0	0	0	0	0	0	0	0	95	142	3	1	3	29
6497	-4912	2224	15120	10	0	10	0	0	0	0	0	0	0	0	0	0	0	0	95	142	4	1	3	29
6498	-4896	2208	15136	10	0	10	0	0	0	0	0	0	0	0	0	0	0	0	95	142	3	1	3	30
6499	-4608	2176	15120	10	0	10	0	0	0	0	0	0	0	0	0	0	0	0	95	142	3	1	3	28
6500	-4912	2368	15104	10	0	10	0	0	0	0	0	0	0	0	0	0	0	0	95	142	2	1	3	30
6501	-4880	2368	15136	10	0	10	0	0	0	0	0	0	0	0	0	0	0	0	95	142	2	1	3	30
6502	-4944	2336	15136	10	0	10	0	0	0	0	0	0	0	0	0	0	0	0	95	142	2	1	3	29
6503	-4960	2400	15104	10	0	10	0	0	0	0	0	0	0	0	0	0	0	0	95	142	2	1	3	25
6504	-4912	2192	15104	10	0	10	0	0	0	0	0	0	0	0	0	0	0	0	95	142	2	1	3	24
6505	-4896	2272	15104	10	0	10	0	0	0	0	0	0	0	0	0	0	0	0	95	142	2	1	3	23
6506	-4896	2208	15120	10	0	10	0	0	0	0	0	0	0	0	0	0	0	0	95	142	2	1	3	23
6507	-4928	2416	14832	10	0	10	0	0	0	0	0	0	0	0	0	0	0	0	95	142	2	1	3	109
6508	-4912	2176	15168	10	0	10	0	0	0	0	0	0	0	0	0	0	0	0	95	142	3	2	9	222
6509	-4928	2192	15152	10	0	10	0	0	0	0	0	0	0	0	0	0	0	0	95	142	43	8	16	580
6510	-4992	2384	14880	10	0	10	0	0	0	0	0	0	0	0	0	0	0	0	95	142	79	13	39	839
6511	-4592	2240	14752	10	0	10	0	0	0	0	0	0	0	0	0	0	0	0	95	142	108	75	62	945
6512	-4928	2352	14960	10	0	10	0	0	0	0	0	0	0	0	0	0	0	0	95	142	170	164	101	974
6513	-4560	2272	14992	10	0	10	0	0	0	0	0	0	0	0	0	0	0	0	95	142	235	669	304	1040
6514	-4512	2240	14960	10	0	10	0	0	0	0	0	0	0	0	0	0	0	0	95	142	300	765	335	1060
6515	-4512	2224	14912	10	0	10	0	0	0	0	0	0	0	0	0	0	0	0	95	142	341	774	361	1004
6516	-4608	2176	14832	10	0	10	0	0	0	0	0	0	0	0	0	0	0	0	95	142	428	816	395	838
6517	-4880	2192	15104	10	0	10	0	0	0	0	0	0	0	0	0	0	0	0	95	142	427	826	411	622
6518	-4896	2224	14768	10	0	10	0	0	0	0	0	0	0	0	0	0	0	0	95	142	393	823	393	424
6519	-4880	2208	14752	10	0	10	0	0	0	0	0	0	0	0	0	0	0	1	95	142	365	762	372	276
6520	-4928	2256	14752	10	0	10	0	0	0	0	0	0	0	8	0	0	0	4	95	142	303	672	333	177
6521	-4944	2208	14832	10	0	10	0	0	0	0	0	0	0	0	0	0	0	6	95	142	239	168	130	115
6522	-4752	2192	15104	10	0	10	0	0	0	0	0	0	0	0	0	0	0	1	95	142	174	72	100	75
6523	-4960	2272	15104	10	0	10	0	0	0	0	0	0	0	0	0	0	0	4	95	142	133	63	73	60
6524	-4928	2288	14832	10	0	10	0	0	0	0	0	0	0	0	0	0	0	16	95	142	45	21	33	74
6525	-4944	2208	15104	10	0	10	0	0	0	0	0	4	0	8	0	0	0	26	95	142	7	6	11	103
6526	-4960	2208	15104	10	0	10	0	0	0	0	0	0	0	0	0	0	0	46	95	142	10	6	8	141
6527	-4608	2208	15136	10	0	10	0	0	0	0	0	0	0	0	0	0	0	85	95	142	11	14	10	179
6528	-4944	2400	15104	10	0	10	0	0	0	0	0	0	0	0	0	0	0	92	95	142	23	32	21	183
6529	-4912	2224	14816	10	0	10	0	0	0	0	0	0	0	0	0	0	0	92	95	142	23	34	25	180
6530	-4592	2240	14768	10	0	10	0	0	0	0	0	0	0	0	0	0	0	84	95	142	23	35	25	173
6531	-4912	2208	14816	10	0	10	0	0	0	0	0	0	0	0	0	0	1	70	95	142	24	36	29	157
6532	-4608	2224	15104	10	0	10	0	0	0	0	0	0	0	0	0	0	8	14	95	142	27	37	30	140
6533	-4896	2256	15152	10	0	10	0	0	0	0	0	0	0	0	0	0	21	0	95	142	28	38	31	127
6534	-4896	2240	15168	10	0	10	0	0	0	0	0	0	0	0	0	0	16	0	95	142	24	36	30	114
6535	-4928	2208	15136	10	0	10	0	0	0	0	0	0	0	0	0	0	13	0	95	142	25	29	26	101
6536	-4960	2208	15104	10	0	10	0	0	0	0	0	0	0	0	0	0	13	0	95	142	13	12	14	84
6537	-4976	2208	15104	10	0	10	0	0	0	0	0	0	0	0	0	28	5	0	95	142	13	10	11	70
6538	-4752	2224	14832	10	0	10	0	0	0	0	0	0	0	0	0	41	18	0	95	142	13	9	10	62
6539	-4752	2256	14816	10	0	10	0	0	0	0	0	0	0	0	0	49	26	0	95	142	14	9	7	52
6540	-4880	2272	14832	10	0	10	0	0	0	0	0	0	0	0	0	37	20	0	95	142	11	8	5	45
6541	-4928	2224	15120	10	0	10	0	0	0	0	0	0	0	0	0	0	5	0	95	142	10	6	4	39
6542	-4896	2192	15136	10	0	10	0	0	0	0	0	0	0	0	0	0	1	0	95	142	8	5	3	35
6543	-4912	2176	14832	10	0	10	0	0	0	0	0	0	0	0	0	0	1	0	95	142	6	3	3	33
6544	-4928	2208	15152	10	0	10	0	0	0	0	0	0	0	0	0	0	1	0	95	142	6	2	3	29
6545	-4880	2224	15136	10	0	10	0	0	0	0	0	0	0	0	0	0	1	0	95	142	5	2	3	28
6546	-4880	2240	14768	10	0	10	0	0	0	0	0	0	0	0	0	0	0	0	95	142	5	1	3	27
6547	-4896	2240	15104	10	0	10	0	0	0	0	0	0	0	0	0	1	0	0	95	142	4	1	3	27
6548	-4896	2176	14832	10	0	10	0	0	0	0	0	0	0	0	0	14	0	0	95	142	3	1	3	26
6549	-4880	2192	14784	10	0	10	0	0	0	0	0	0	0	0	0	64	0	0	95	142	3	1	3	28
6550	-4944	2416	14800	10	0	10	0	0	0	0	0	0	4	0	0	49	0	0	125	142	3	1	3	26
6551	-4928	2208	15136	10	0	10	0	0	0	0	0	0	0	0	0	12	0	0	95	142	3	1	3	25
6552	-4944	2176	15104	10	0	10	0	0	0	0	0	0	0	0	0	5	0	0	95	142	3	1	3	26
6553	-4896	2224	14816	10	0	10	0	0	0	0	0	0	0	0	0	1	0	0	95	142	2	1	3	25
6554	-4896	2224	14784	10	0	10	0	0	0	0	0	0	0	0	0	0	0	0	95	142	2	1	3	25
6555	-4928	2208	14816	10	0	10	0	0	0	0	0	0	0	0	0	0	0	0	95	142	2	1	3	26
6556	-4896	2416	14832	10	0	10	0	0	0	0	0	0	0	0	0	0	0	0	95	142	2	1	3	26
6557	-4912	2176	14816	10	0	10	0	0	0	0	0	0	0	0	0	0	0	0	95	142	3	1	3	25
6558	-4880	2400	14800	10	0	10	0	0	0	0	0	0	0	0	0	0	0	0	95	142	3	1	3	23
6559	-4896	2416	14816	10	0	10	0	0	0	0	0	0	0	0	0	0	0	0	95	142	3	1	3	20
6560	-4960	2192	14800	10	0	10	0	0	0	0	0	0	0	0	0	0	0	0	95	142	3	1	3	19
6561	-4752	2192	14784	10	0	10	0	0	0	0	0	0	0	0	0	0	0	0	95	142	3	1	3	20
6562	-4944	2192	14816	10	0	10	0	0	0	0	0	0	0	0	0	0	0	0	95	142	3	1	3	20
6563	-4944	2192	15104	10	0	10	0	0	0	0	0	0	0	0	0	0	0	0	95	142	3	1	3	21
6564	-4576	2176	15120	10	0	10	0	0	0	0	0	0	0	0	0	0	0	0	95	142	3	1	3	21
6565	-4928	2176	15152	10	0	10	0	0	0	0	0	0	0	0	0	0	0	0	95	142	2	1	3	24
6566	-4928	2416	15136	10	0	10	0	0	0	0	0	0	0	0	0	0	0	0	95	142	2	1	3	24
6567	-4912	2416	15104	10	0	10	0	0	0	0	0	0	0	0	0	0	0	0	95	142	2	1	3	34
6568	-4896	2352	14768	10	0	10	0	0	0	0	0	0	0	0	0	0	0	0	95	142	3	2	4	215
6569	-4928	2368	14784	10	0	10	0	0	0	0	0	0	0	0	0	0	0	0	95	142	18	6	17	634
6570	-4528	2272	15216	10	0	10	0	0	0	0	0	0	0	0	0	0	0	0	95	142	251	100	93	1315
6571	-4544	2240	14976	10	0	10	0	0	0	0	0	0	0	0	0	0	0	0	95	142	3639	862	583	1462
6572	-4928	2192	14560	10	0	10	0	0	0	0	0	0	0	0	0	0	0	0	95	142	3745	895	607	2148
6573	-4896	2272	14944	10	0	10	0	0	0	0	0	0	0	0	0	0	0	0	95	142	10626	2547	1564	2909
6574	-4816	2352	14464	10	0	10	0	0	0	0	0	0	0	0	0	0	0	0	95	142	17948	4031	1722	3337
6575	-4992	2192	14576	10	0	10	0	0	0	0	0	0	0	0	0	0	0	0	95	142	18020	4073	1761	3243
6576	-4912	2288	14528	10	0	10	0	0	0	0	0	0	0	0	0	0	0	0	95	142	18149	4179	1854	3099
6577	-4560	2400	14736	10	0	10	0	0	0	0	0	0	0	0	0	0	0	0	95	142	19061	4504	2034	2546
6578	-4880	2352	14832	10	0	10	0	0	0	0	0	0	0	0	0	0	0	0	95	142	18841	4430	1984	2001
6579	-4896	2560	14832	10	0	10	0	0	0	0	0	0	0	0	0	0	0	0	95	142	15489	3704	1534	1429
6580	-4960	2576	14832	10	0	10	0	0	0	0	0	0	0	0	0	0	0	0	95	142	15388	3685	1515	943
6581	-4960	2272	15152	10	0	10	0	0	0	0	0	0	0	0	0	0	0	0	95	142	8507	2033	560	595
6582	-4768	2256	15136	10	0	10	0	0	0	0	0	0	0	8	0	0	0	0	95	142	1185	549	402	365
6583	-4992	2592	15104	10	0	10	0	0	0	0	0	0	0	0	0	0	0	0	95	142	1113	507	363	223
6584	-4912	2592	14768	10	0	10	0	0	0	0	0	0	0	0	0	0	0	1	95	142	984	400	269	137
6585	-4944	2240	14816	10	0	10	0	0	0	0	0	0	0	0	0	0	0	3	95	142	55	72	75	89
6586	-4912	2240	15120	10	0	10	0	0	0	0	0	0	0	0	0	0	0	11	95	142	43	51	49	59
6587	-4880	2240	14816	10	0	10	0	0	0	0	0	4	0	8	0	0	0	45	95	142	8	15	10	42
6588	-4928	2176	14800	10	0	10	0	0	0	0	0	0	0	0	0	0	0	64	95	142	3	2	5	40
6589	-4960	2240	14832	10	0	10	0	0	0	0	0	0	0	0	0	0	0	79	95	142	3	1	3	68
6590	-4928	2224	14784	10	0	10	0	0	0	0	0	0	0	0	0	0	0	88	95	142	5	3	3	84
6591	-4960	2560	14816	10	0	10	0	0	0	0	0	0	0	0	0	0	0	90	95	142	7	8	5	105
6592	-4960	2272	15120	10	0	10	0	0	0	0	0	0	0	8	0	0	3	44	95	142	14	26	7	128
6593	-4896	2288	15120	10	0	10	0	0	0	0	0	0	0	0	0	0	38	15	95	142	23	30	9	149
6594	-4960	2224	14800	10	0	10	0	0	0	0	0	0	0	0	0	0	45	1	95	142	28	33	11	160
6595	-4912	2176	14832	10	0	10	0	0	0	0	0	0	0	0	0	0	47	0	95	142	29	33	13	161
6596	-4960	2416	15152	10	0	10	0	0	0	0	0	0	1	0	0	0	73	0	95	142	34	35	15	147
6597	-4912	2208	15200	10	0	10	0	0	0	0	0	0	0	0	0	0	93	0	95	142	33	37	16	130
6598	-4944	2384	15136	10	0	10	0	0	0	0	0	0	0	0	0	0	95	0	95	142	33	36	17	117
6599	-4912	2176	15136	10	0	10	0	0	0	0	0	0	0	0	0	0	93	0	95	142	32	32	15	111
6600	-4944	2224	14816	10	0	10	0	0	0	0	0	0	0	0	0	0	90	0	95	142	27	14	14	97
6601	-4944	2224	15104	10	0	10	0	0	0	0	0	0	0	0	0	0	81	0	95	142	18	10	12	82
6602	-4912	2224	14784	10	0	10	0	0	0	0	0	0	0	0	0	0	48	0	95	142	13	8	10	67
6603	-4912	2240	14800	10	0	10	0	0	0	0	0	0	0	0	0	0	25	0	95	142	13	7	8	59
6604	-4880	2176	14800	10	0	10	0	0	0	0	0	0	0	0	0	0	11	0	95	142	9	5	6	57
6605	-4912	2192	14816	10	0	10	0	0	0	0	0	0	0	0	0	0	5	0	95	142	10	4	5	52
6606	-4912	2208	14832	10	0	10	0	0	0	0	0	0	0	0	0	0	4	0	95	142	10	3	4	47
6607	-4608	2224	15104	10	0	10	0	0	0	0	0	0	0	0	0	0	12	0	95	142	10	3	4	42
6608	-4992	2224	15136	10	0	10	0	0	0	0	0	0	0	0	0	0	23	0	95	142	10	3	3	37
6609	-4944	2176	14832	10	0	10	0	0	0	0	0	0	0	0	0	0	12	0	95	142	10	3	3	31
6610	-4880	2192	14816	10	0	10	0	0	0	0	0	0	0	0	0	0	2	0	95	142	10	2	3	28
6611	-4608	2416	14816	10	0	10	0	0	0	0	0	0	0	0	0	0	1	0	95	142	9	2	3	24
6612	-4928	2416	15104	10	0	10	0	0	0	0	0	0	0	0	0	0	1	0	95	142	9	2	3	22
6613	-4880	2176	14832	10	0	10	0	0	0	0	0	0	0	0	0	0	1	0	95	142	7	1	3	22
6614	-4912	2176	15120	10	0	10	0	0	0	0	0	0	0	0	0	0	0	0	95	142	6	1	3	19
6615	-4896	2224	15120	10	0	10	0	0	0	0	0	0	0	0	0	0	0	0	95	142	5	1	3	18
6616	-4880	2208	15120	10	0	10	0	0	0	0	0	0	0	0	0	0	0	0	95	142	5	1	3	17
6617	-4928	2208	15152	10	0	10	0	0	0	0	0	0	0	0	0	0	0	0	95	142	4	1	3	18
6618	-4960	2208	15136	10	0	10	0	0	0	0	0	0	0	0	0	0	0	0	95	142	5	1	3	18
6619	-4928	2160	14800	10	0	10	0	0	0	0	0	0	0	0	0	0	0	0	95	142	4	1	3	25
6620	-4928	2304	14784	10	0	10	0	0	0	0	0	0	0	0	0	0	0	0	95	142	4	1	3	27
6621	-4912	2320	14800	10	0	10	0	0	0	0	0	0	0	0	0	0	0	0	95	142	3	1	3	36
6622	-4912	2368	14816	10	0	10	0	0	0	0	0	0	0	0	0	0	0	0	95	142	20	11	11	37
6623	-4960	2416	15104	10	0	10	0	0	0	0	0	0	0	0	0	0	0	0	95	142	20	11	12	49
6624	-4928	2240	14768	10	0	10	0	0	0	0	0	0	0	0	0	0	0	0	95	142	20	13	12	578
6625	-4880	2288	14816	10	0	10	0	0	0	0	0	0	0	0	0	0	0	0	95	142	437	1853	1035	918
6626	-4880	2176	14832	10	0	10	0	0	0	0	0	0	0	0	0	0	0	0	95	142	535	1906	1042	2270
6627	-4880	2352	14816	10	0	10	0	0	0	0	0	0	0	0	0	0	0	0	95	142	2907	3622	3264	3025
6628	-4896	2240	14800	10	0	10	0	0	0	0	0	0	0	0	0	0	0	0	95	142	2955	3902	3388	3089
6629	-4928	2384	14816	10	0	10	0	0	0	0	0	0	0	0	0	0	0	0	95	142	7712	11143	6844	2751
6630	-4944	2208	14816	10	0	10	0	0	0	0	0	0	0	0	0	0	0	0	95	142	7709	11172	6883	2326
6631	-4928	2224	14800	10	0	10	0	0	0	0	0	0	0	0	0	0	0	0	95	142	7785	11346	7014	1870
6632	-4976	2176	14816	10	0	10	0	0	0	0	0	0	0	0	0	0	0	0	95	142	7840	11459	7107	1626
6633	-4608	2272	14784	10	0	10	0	0	0	0	0	0	0	0	0	0	0	0	95	142	7812	9878	6121	2026
6634	-4528	2608	14784	10	0	10	0	0	0	0	0	0	0	0	0	0	0	0	95	142	7782	9842	6126	2771
6635	-4880	2560	14832	10	0	10	0	0	0	0	0	0	0	0	0	0	0	0	95	142	8993	10748	4595	3410
6636	-4928	2208	15136	10	0	10	0	0	0	0	0	0	0	0	0	0	0	0	95	142	9321	11616	4833	3112
6637	-4880	2224	14816	10	0	10	0	0	0	0	0	0	0	8	0	0	0	0	95	142	4822	6038	3518	2383
6638	-4944	2560	15104	10	0	10	0	0	0	0	0	0	0	0	0	0	0	0	95	142	4826	6009	3477	1625
6639	-4960	2288	15104	10	0	10	0	0	0	0	0	0	0	0	0	0	0	0	95	142	4751	5845	3364	1037
6640	-4896	2416	15120	10	0	10	0	0	0	0	0	16	0	0	0	0	0	0	95	142	4696	5730	3272	638
6641	-4912	2384	15104	10	0	10	0	0	0	0	0	16	0	0	0	0	0	0	95	142	4308	5471	3234	383
6642	-4592	2416	15104	10	0	10	0	0	0	0	0	16	0	0	0	0	0	2	95	142	4240	5455	3223	231
6643	-4928	2192	15120	10	0	10	0	0	0	0	0	20	0	8	0	0	0	9	95	142	656	2833	2533	143
6644	-4896	2224	15168	10	0	10	0	0	0	0	0	16	0	0	0	0	0	19	95	142	280	1685	2172	99
6645	-4896	2240	14832	10	0	10	0	0	0	0	0	16	0	0	0	0	0	23	95	142	23	24	30	78
6646	-4960	2224	14816	10	0	10	0	0	0	0	0	16	0	0	0	0	0	22	95	142	4	14	24	68
6647	-4992	2208	14832	10	0	10	0	0	0	0	0	16	0	0	0	0	0	13	95	142	4	5	7	63
6648	-4976	2272	14816	10	0	10	0	0	0	0	0	16	0	8	0	0	0	6	95	142	4	4	6	58
6649	-4960	2240	14832	10	0	10	0	0	0	0	0	16	0	0	0	0	6	6	95	142	4	4	6	53
6650	-4960	2256	15120	10	0	10	0	0	0	0	0	16	0	0	0	0	40	0	95	142	4	5	7	46
6651	-4960	2288	14832	10	0	10	0	0	0	0	0	16	1	0	0	0	72	0	95	142	4	5	7	41
6652	-4992	2224	15120	10	0	10	0	0	0	0	0	16	0	0	0	0	93	0	95	142	4	5	7	39
6653	-4976	2192	15120	10	0	10	0	0	0	0	0	16	0	0	0	0	98	0	95	142	4	4	7	34
6654	-4960	2192	15120	10	0	10	0	0	0	0	0	16	0	0	0	0	98	0	95	142	4	3	6	30
6655	-4960	2192	15152	10	0	10	0	0	0	0	0	16	0	0	0	0	98	0	95	142	3	3	4	30
6656	-4928	2416	14784	10	0	10	0	0	0	0	0	16	0	0	0	0	96	0	95	142	4	3	4	28
6657	-4912	2176	14768	10	0	10	0	0	0	0	0	16	0	0	0	0	88	0	95	142	4	2	4	28
6658	-4912	2176	14768	10	0	10	0	0	0	0	0	16	0	0	0	0	79	0	95	142	4	2	3	25
6659	-4912	2176	14768	10	0	10	0	0	0	0	0	16	0	0	0	0	70	0	95	142	4	2	3	25
6660	-4880	2192	14816	10	0	10	0	0	0	0	0	16	0	0	0	0	61	0	95	142	5	2	3	24
6661	-4912	2224	14832	10	0	10	0	0	0	0	0	16	0	0	0	0	54	0	95	142	5	1	3	25
6662	-4976	2224	14800	10	0	10	0	0	0	0	0	16	0	0	0	2	51	0	95	142	6	2	3	24
6663	-4928	2224	14784	10	0	10	0	0	0	0	0	16	0	0	0	54	53	0	95	142	6	1	4	22
6664	-4944	2240	14800	10	0	10	0	0	0	0	0	16	4	0	0	48	49	0	125	142	5	2	4	21
6665	-4896	2416	15136	10	0	10	0	0	0	0	0	16	0	0	0	25	10	0	95	142	5	2	4	21
6666	-4592	2192	14832	10	0	10	0	0	0	0	0	16	0	0	0	1	7	0	95	142	4	2	3	21
6667	-4896	2400	15120	10	0	10	0	0	0	0	0	16	0	0	0	0	14	0	95	142	5	1	3	21
6668	-4960	2416	14816	10	0	10	0	0	0	0	0	16	0	0	0	0	17	0	95	142	5	1	3	21
6669	-4960	2176	14800	10	0	10	0	0	0	0	0	16	0	0	0	0	8	0	95	142	5	1	3	21
6670	-4944	2176	15136	10	0	10	0	0	0	0	0	16	0	0	0	0	1	0	95	142	4	1	3	21
6671	-4928	2400	14816	10	0	10	0	0	0	0	0	16	0	0	0	0	0	0	95	142	4	1	3	20
6672	-4928	2336	14832	10	0	10	0	0	0	0	0	16	0	0	0	0	0	0	95	142	4	1	3	19
6673	-4944	2352	15104	10	0	10	0	0	0	0	0	16	0	0	0	0	0	0	95	142	4	1	3	19
6674	-4928	2368	15136	10	0	10	0	0	0	0	0	16	0	0	0	0	0	0	95	142	4	1	3	19
6675	-4912	2400	14832	10	0	10	0	0	0	0	0	16	0	0	0	0	0	0	95	142	4	1	3	19
6676	-4896	2240	14800	10	0	10	0	0	0	0	0	16	0	0	0	0	0	0	95	142	3	1	3	19
6677	-4928	2208	14800	10	0	10	0	0	0	0	0	16	0	0	0	0	0	0	95	142	3	1	3	21
6678	-4944	2416	14832	10	0	10	0	0	0	0	0	16	0	0	0	0	0	0	95	142	3	1	3	20
6679	-4944	2400	15104	10	0	10	0	0	0	0	0	16	0	0	0	0	0	0	95	142	2	1	3	20
6680	-4960	2176	15120	10	0	10	0	0	0	0	0	16	0	0	0	0	0	0	95	142	2	1	3	24
6681	-4912	2400	15120	10	0	10	0	0	0	0	0	16	0	0	0	0	0	0	95	142	2	1	3	25
6682	-4608	2384	14832	10	0	10	0	0	0	0	0	16	0	0	0	0	0	0	95	142	3	1	3	26
6683	-4896	2208	15168	10	0	10	0	0	0	0	0	16	0	0	0	0	0	0	95	142	2	1	3	28
6684	-4912	2416	15152	10	0	10	0	0	0	0	0	16	0	0	0	0	0	0	95	142	3	1	3	239
6685	-4912	2240	15104	10	0	10	0	0	0	0	0	16	0	0	0	0	0	0	95	142	4	2	4	1166
6686	-4608	2288	14992	10	0	10	0	0	0	0	0	16	0	0	0	0	0	0	95	142	255	57	30	2366
6687	-4880	2560	15216	10	0	10	0	0	0	0	0	16	0	0	0	0	0	0	95	142	3410	1277	1250	3022
6688	-4880	2208	14736	10	0	10	0	0	0	0	0	16	0	0	0	0	0	0	95	142	5217	1731	1464	3207
6689	-4896	2192	14736	10	0	10	0	0	0	0	0	16	0	0	0	0	0	0	95	142	7237	2249	1551	3294
6690	-4928	2240	15152	10	0	10	0	0	0	0	0	16	0	0	0	0	0	0	95	142	9175	2793	1676	3050
6691	-4928	2272	15088	10	0	10	0	0	0	0	0	16	0	0	0	0	0	0	95	142	9288	2821	1727	2834
6692	-4912	2272	15072	10	0	10	0	0	0	0	0	16	0	0	0	0	0	0	95	142	9574	2916	1833	2611
6693	-4928	2272	15136	10	0	10	0	0	0	0	0	16	0	0	0	0	0	0	95	142	10535	3074	1891	2434
6694	-4912	2272	15120	10	0	10	0	0	0	0	0	16	0	0	0	0	0	0	95	142	10560	3087	1950	2306
6695	-4976	2256	15200	10	0	10	0	0	0	0	0	16	0	0	0	0	0	0	95	142	8237	1979	868	2263
6696	-4944	2592	15120	10	0	10	0	0	0	0	0	16	0	0	0	0	0	0	95	142	8296	1656	683	2054
6697	-4960	2432	15008	10	0	10	0	0	0	0	0	16	0	8	0	0	0	0	95	142	6545	1188	626	1677
6698	-4960	2208	15136	10	0	10	0	0	0	0	0	16	0	0	0	0	0	0	95	142	4618	662	517	1206
6699	-4752	2208	14832	10	0	10	0	0	0	0	0	16	0	0	0	0	0	0	95	142	4506	635	468	793
6700	-4944	2272	15104	10	0	10	0	0	0	0	0	16	0	0	0	0	0	0	95	142	4220	540	363	499
6701	-4752	2208	14832	10	0	10	0	0	0	0	0	16	0	0	0	0	0	0	95	142	3258	381	304	307
6702	-4928	2192	14768	10	0	10	0	0	0	0	0	20	0	8	0	0	0	1	95	142	2983	313	218	191
6703	-4752	2224	14816	10	0	10	0	0	0	0	0	16	0	0	0	0	0	18	95	142	2151	201	80	126
6704	-4752	2256	14800	10	0	10	0	0	0	0	0	16	0	0	0	0	0	33	95	142	287	72	52	101
6705	-4784	2224	14816	10	0	10	0	0	0	0	0	16	0	0	0	0	0	34	95	142	17	22	22	90
6706	-4960	2176	14784	10	0	10	0	0	0	0	0	16	0	0	0	0	0	44	95	142	7	4	6	83
6707	-4960	2400	15120	10	0	10	0	0	0	0	0	16	0	8	0	0	0	27	95	142	8	4	5	85
6708	-4944	2416	15136	10	0	10	0	0	0	0	0	16	0	0	0	0	0	7	95	142	9	6	5	85
6709	-4976	2176	14832	10	0	10	0	0	0	0	0	16	0	0	0	0	22	12	95	142	11	7	6	88
6710	-4976	2416	15104	10	0	10	0	0	0	0	0	16	0	0	0	0	44	0	95	142	12	8	7	86
6711	-4928	2224	15152	10	0	10	0	0	0	0	0	16	1	0	0	0	61	0	95	142	13	8	7	89
6712	-4976	2240	15120	10	0	10	0	0	0	0	0	16	0	0	0	0	93	0	95	142	11	8	8	92
6713	-4912	2208	15136	10	0	10	0	0	0	0	0	16	0	0	0	0	98	0	95	142	12	9	9	86
6714	-4992	2176	14816	10	0	10	0	0	0	0	0	16	0	0	0	0	98	0	95	142	12	9	8	83
6715	-4992	2416	14816	10	0	10	0	0	0	0	0	16	0	0	0	0	98	0	95	142	13	8	8	75
6716	-4752	2176	14832	10	0	10	0	0	0	0	0	16	0	0	0	0	97	0	95	142	13	7	8	64
6717	-4784	2352	15104	10	0	10	0	0	0	0	0	16	0	0	0	0	92	0	95	142	11	7	7	56
6718	-4768	2224	14800	10	0	10	0	0	0	0	0	16	0	0	0	0	77	0	95	142	10	6	6	51
6719	-4960	2240	15120	10	0	10	0	0	0	0	0	16	0	0	0	0	69	0	95	142	9	6	6	48
6720	-4992	2208	14832	10	0	10	0	0	0	0	0	16	0	0	0	0	62	0	95	142	9	5	5	45
6721	-4752	2224	14816	10	0	10	0	0	0	0	0	16	0	0	0	0	52	0	95	142	10	4	4	42
6722	-4912	2240	14752	10	0	10	0	0	0	0	0	16	0	0	0	0	51	0	95	142	9	4	4	38
6723	-4992	2192	14816	10	0	10	0	0	0	0	0	16	0	0	0	16	53	0	95	142	7	3	3	35
6724	-4928	2240	14800	10	0	10	0	0	0	0	0	16	0	0	0	10	43	0	95	142	5	3	3	31
6725	-4992	2400	15136	10	0	10	0	0	0	0	0	16	0	0	0	6	19	0	95	142	4	2	2	29
6726	-4992	2336	15136	10	0	10	0	0	0	0	0	16	0	0	0	0	6	0	95	142	5	2	2	27
6727	-4960	2384	14816	10	0	10	0	0	0	0	0	16	0	0	0	0	14	0	95	142	5	1	2	25
6728	-4960	2384	14816	10	0	10	0	0	0	0	0	16	0	0	0	0	9	0	95	142	5	1	2	25
6729	-4944	2224	14816	10	0	10	0	0	0	0	0	16	0	0	0	0	8	0	95	142	3	1	2	26
6730	-4912	2224	14800	10	0	10	0	0	0	0	0	16	0	0	0	0	1	0	95	142	4	1	2	28
6731	-4896	2192	15120	10	0	10	0	0	0	0	0	16	0	0	0	0	0	0	95	142	4	1	2	28
6732	-4912	2416	14832	10	0	10	0	0	0	0	0	16	0	0	0	0	0	0	95	142	5	1	2	28
6733	-4976	2208	14832	10	0	10	0	0	0	0	0	16	0	0	0	0	0	0	95	142	4	1	2	29
6734	-4768	2208	15136	10	0	10	0	0	0	0	0	16	0	0	0	0	0	0	95	142	4	1	2	31
6735	-4992	2256	14832	10	0	10	0	0	0	0	0	16	0	0	0	0	0	0	95	142	3	1	3	30
6736	-4992	2176	14832	10	0	10	0	0	0	0	0	16	0	0	0	0	0	0	95	142	3	1	3	29
6737	-4960	2256	14800	10	0	10	0	0	0	0	0	16	0	0	0	0	0	0	95	142	3	1	3	26
6738	-4880	2224	15120	10	0	10	0	0	0	0	0	16	0	0	0	0	0	0	95	142	3	1	3	28
6739	-4880	2224	14832	10	0	10	0	0	0	0	0	16	0	0	0	0	0	0	95	142	2	1	3	28
6740	-4896	2208	15136	10	0	10	0	0	0	0	0	16	0	0	0	0	0	0	95	142	2	1	3	26
6741	-4752	2416	15136	10	0	10	0	0	0	0	0	16	0	0	0	0	0	0	95	142	3	1	3	24
6742	-4976	2400	15104	10	0	10	0	0	0	0	0	16	0	0	0	0	0	0	95	142	3	1	3	23
6743	-4992	2384	14800	10	0	10	0	0	0	0	0	16	0	0	0	0	0	0	95	142	3	1	3	22
6744	-4992	2416	15104	10	0	10	0	0	0	0	0	16	0	0	0	0	0	0	95	142	3	1	3	36
6745	-4848	2416	15104	10	0	10	0	0	0	0	0	16	0	0	0	0	0	0	95	142	3	1	3	367
6746	-4784	2256	15040	10	0	10	0	0	0	0	0	16	0	0	0	0	0	0	95	142	66	5	6	1055
6747	-4768	2192	15200	10	0	10	0	0	0	0	0	16	0	0	0	0	0	0	95	142	186	164	115	1666
6748	-4768	2416	15216	10	0	10	0	0	0	0	0	16	0	0	0	0	0	0	95	142	2799	251	283	1839
6749	-4768	2368	15008	10	0	10	0	0	0	0	0	16	0	0	0	0	0	0	95	142	3524	344	338	1766
6750	-4784	2240	15024	10	0	10	0	0	0	0	0	16	0	0	0	0	0	0	95	142	3723	380	503	1548
6751	-4864	2224	15072	10	0	10	0	0	0	0	0	16	0	0	0	0	0	0	95	142	3956	434	601	1577
6752	-4752	2176	14768	10	0	10	0	0	0	0	0	16	0	0	0	0	0	0	95	142	4128	462	655	1658
6753	-4752	2224	14736	10	0	10	0	0	0	0	0	16	0	0	0	0	0	0	95	142	4377	596	783	1655
6754	-4832	2416	14912	10	0	10	0	0	0	0	0	16	0	0	0	0	0	0	95	142	4315	601	806	1727
6755	-4832	2368	14896	10	0	10	0	0	0	0	0	16	0	0	0	0	0	0	95	142	4209	461	715	1699
6756	-4800	2352	14960	10	0	10	0	0	0	0	0	16	0	0	0	0	0	0	95	142	1871	484	610	1315
6757	-4784	2368	14784	10	0	10	0	0	0	0	0	16	0	0	0	0	0	0	95	142	1152	414	576	1104
6758	-4928	2384	14816	10	0	10	0	0	0	0	0	16	0	8	0	0	0	0	95	142	954	378	411	780
6759	-4752	2368	14832	10	0	10	0	0	0	0	0	16	0	0	0	0	0	0	95	142	721	325	313	510
6760	-4928	2176	14800	10	0	10	0	0	0	0	0	16	0	0	0	0	0	0	95	142	550	297	259	325
6761	-4960	2400	14816	10	0	10	0	0	0	0	0	16	0	0	0	0	0	0	95	142	301	163	131	205
6762	-4752	2192	14800	10	0	10	0	0	0	0	0	16	0	0	0	0	0	1	95	142	300	154	105	131
6763	-4928	2224	14800	10	0	10	0	0	0	0	0	20	0	8	0	0	0	13	95	142	287	134	86	91
6764	-4752	2208	14816	10	0	10	0	0	0	0	0	16	0	0	0	0	0	44	95	142	11	25	23	73
6765	-4992	2400	14832	10	0	10	0	0	0	0	0	16	0	0	0	0	0	56	95	142	5	2	4	59
6766	-4784	2192	14832	10	0	10	0	0	0	0	0	16	0	0	0	0	0	69	95	142	4	2	3	51
6767	-4928	2208	15152	10	0	10	0	0	0	0	0	16	0	0	0	0	0	85	95	142	4	2	3	45
6768	-4896	2224	15152	10	0	10	0	0	0	0	0	16	0	8	0	0	0	63	95	142	4	3	3	39
6769	-4928	2176	15120	10	0	10	0	0	0	0	0	16	0	0	0	0	5	8	95	142	5	3	3	32
6770	-4928	2176	14832	10	0	10	0	0	0	0	0	16	0	0	0	0	41	2	95	142	4	2	3	28
6771	-4944	2192	14784	10	0	10	0	0	0	0	0	16	0	0	0	0	46	0	95	142	4	2	4	25
6772	-4992	2400	14784	10	0	10	0	0	0	0	0	16	1	0	0	0	68	0	95	142	5	3	4	23
6773	-4992	2208	14816	10	0	10	0	0	0	0	0	16	0	0	0	0	90	0	95	142	5	2	3	22
6774	-4816	2208	14816	10	0	10	0	0	0	0	0	16	0	0	0	0	97	0	95	142	5	2	3	23
6775	-4784	2192	15104	10	0	10	0	0	0	0	0	16	0	0	0	0	96	0	95	142	5	1	3	23
6776	-4768	2192	15104	10	0	10	0	0	0	0	0	16	0	0	0	0	95	0	95	142	5	1	3	22
6777	-4960	2224	15104	10	0	10	0	0	0	0	0	16	0	0	0	0	91	0	95	142	4	1	3	21
6778	-4944	2208	15104	10	0	10	0	0	0	0	0	16	0	0	0	0	77	0	95	142	4	1	3	21
6779	-4928	2368	14816	10	0	10	0	0	0	0	0	16	0	0	0	0	49	0	95	142	3	1	3	21
6780	-4928	2384	14832	10	0	10	0	0	0	0	0	16	0	0	0	0	36	0	95	142	3	1	3	23
6781	-4944	2208	15104	10	0	10	0	0	0	0	0	16	0	0	0	0	16	0	95	142	2	1	3	24
6782	-4960	2416	15104	10	0	10	0	0	0	0	0	16	0	0	0	0	8	0	95	142	2	1	3	23
6783	-4928	2384	15120	10	0	10	0	0	0	0	0	16	0	0	0	0	8	0	95	142	2	1	3	22
6784	-4944	2400	15136	10	0	10	0	0	0	0	0	16	0	0	0	4	10	0	95	142	2	1	3	22
6785	-4960	2368	15104	10	0	10	0	0	0	0	0	16	0	0	0	1	12	0	95	142	1	1	3	23
6786	-4960	2368	15104	10	0	10	0	0	0	0	0	16	0	0	0	0	0	0	95	142	2	1	3	24
6787	-4784	2192	15120	10	0	10	0	0	0	0	0	16	0	0	0	0	0	0	95	142	2	1	3	25
6788	-4976	2272	15120	10	0	10	0	0	0	0	0	16	0	0	0	0	0	0	95	142	2	1	3	25
6789	-4992	2256	15136	10	0	10	0	0	0	0	0	16	0	0	0	0	0	0	95	142	2	1	3	23
6790	-4960	2416	15104	10	0	10	0	0	0	0	0	16	0	0	0	0	0	0	95	142	2	1	3	22
6791	-4928	2352	15120	10	0	10	0	0	0	0	0	16	0	0	0	0	0	0	95	142	2	1	2	23
6792	-4928	2416	14832	10	0	10	0	0	0	0	0	16	0	0	0	0	0	0	95	142	2	1	2	23
6793	-4944	2384	14832	10	0	10	0	0	0	0	0	16	0	0	0	0	0	0	95	142	3	1	2	22
6794	-4928	2400	15104	10	0	10	0	0	0	0	0	16	0	0	0	0	0	0	95	142	3	1	2	25
6795	-4944	2416	15152	10	0	10	0	0	0	0	0	16	0	0	0	0	0	0	95	142	3	1	2	24
6796	-4928	2224	15120	10	0	10	0	0	0	0	0	16	0	0	0	0	0	0	95	142	4	1	2	22
6797	-4944	2368	15120	10	0	10	0	0	0	0	0	16	0	0	0	0	0	0	95	142	4	1	2	23
6798	-4912	2400	14832	10	0	10	0	0	0	0	0	16	0	0	0	0	0	0	95	142	4	1	3	24
6799	-4608	2176	14832	10	0	10	0	0	0	0	0	16	0	0	0	0	0	0	95	142	4	1	3	25
6800	-4896	2320	14816	10	0	10	0	0	0	0	0	16	0	0	0	0	0	0	95	142	4	1	3	27
6801	-4912	2416	15104	10	0	10	0	0	0	0	0	16	0	0	0	0	0	0	95	142	4	1	3	25
6802	-4880	2400	14832	10	0	10	0	0	0	0	0	16	0	0	0	0	0	0	95	142	4	1	3	22
6803	-4928	2400	14800	10	0	10	0	0	0	0	0	16	0	0	0	0	0	0	95	142	4	1	3	21
6804	-4944	2384	14816	10	0	10	0	0	0	0	0	16	0	0	0	0	0	0	95	142	3	1	3	26
6805	-4944	2400	15104	10	0	10	0	0	0	0	0	16	0	0	0	0	0	0	95	142	4	1	3	181
6806	-4768	2192	15104	10	0	10	0	0	0	0	0	16	0	0	0	0	0	0	95	142	177	53	23	588
6807	-4976	2208	15104	10	0	10	0	0	0	0	0	16	0	0	0	0	0	0	95	142	293	71	67	1444
6808	-4880	2272	14800	10	0	10	0	0	0	0	0	16	0	0	0	0	0	0	95	142	2930	192	194	1779
6809	-4800	2256	14752	10	0	10	0	0	0	0	0	16	0	0	0	0	0	0	95	142	3344	423	226	1800
6810	-5152	2176	14720	10	0	10	0	0	0	0	0	16	0	0	0	0	0	0	95	142	3615	565	349	1768
6811	-5152	2176	14960	10	0	10	0	0	0	0	0	16	0	0	0	0	0	0	95	142	3646	679	479	1814
6812	-4832	2224	14720	10	0	10	0	0	0	0	0	16	0	0	0	0	0	0	95	142	4163	709	520	1870
6813	-4992	2256	14800	10	0	10	0	0	0	0	0	16	0	0	0	0	0	0	95	142	4358	728	626	1896
6814	-4944	2240	15104	10	0	10	0	0	0	0	0	16	0	0	0	0	0	0	95	142	4331	832	687	2068
6815	-4896	2288	15184	10	0	10	0	0	0	0	0	16	0	0	0	0	0	0	95	142	5073	895	701	1904
6816	-4928	2176	15216	10	0	10	0	0	0	0	0	16	0	0	0	0	0	0	95	142	2869	821	622	1571
6817	-4784	2208	15168	10	0	10	0	0	0	0	0	16	0	0	0	0	0	0	95	142	2606	616	628	1207
6818	-4992	2272	15136	10	0	10	0	0	0	0	0	16	0	8	0	0	0	0	95	142	2384	482	512	832
6819	-4976	2400	15136	10	0	10	0	0	0	0	0	16	0	0	0	0	0	0	95	142	2354	369	382	535
6820	-4880	2400	15136	10	0	10	0	0	0	0	0	16	0	0	0	0	0	0	95	142	1838	338	342	333
6821	-4928	2208	14832	10	0	10	0	0	0	0	0	16	0	0	0	0	0	0	95	142	1642	319	236	205
6822	-4976	2240	14800	10	0	10	0	0	0	0	0	16	0	0	0	0	0	1	95	142	1496	163	155	185
6823	-4944	2208	15136	10	0	10	0	0	0	0	0	20	0	8	0	0	0	3	95	142	637	83	97	141
6824	-4944	2224	15136	10	0	10	0	0	0	0	0	16	0	0	0	0	0	32	95	142	205	36	49	104
6825	-4960	2176	14816	10	0	10	0	0	0	0	0	16	0	0	0	0	0	51	95	142	55	10	11	80
6826	-4768	2208	14816	10	0	10	0	0	0	0	0	16	0	0	0	0	0	66	95	142	5	2	4	69
6827	-4976	2224	15152	10	0	10	0	0	0	0	0	16	0	0	0	0	0	84	95	142	4	2	3	64
6828	-4928	2416	15104	10	0	10	0	0	0	0	0	16	0	8	0	0	0	84	95	142	5	3	3	60
6829	-4944	2384	15120	10	0	10	0	0	0	0	0	16	0	0	0	0	1	22	95	142	7	3	3	59
6830	-4896	2400	15104	10	0	10	0	0	0	0	0	16	0	0	0	0	31	12	95	142	7	3	4	55
6831	-4896	2400	15104	10	0	10	0	0	0	0	0	16	0	0	0	0	44	0	95	142	7	3	4	51
6832	-4944	2176	14816	10	0	10	0	0	0	0	0	16	0	0	0	0	48	0	95	142	7	3	4	44
6833	-4784	2384	15104	10	0	10	0	0	0	0	0	16	1	0	0	0	81	0	95	142	7	3	4	38
6834	-4752	2208	14816	10	0	10	0	0	0	0	0	16	0	0	0	0	96	0	95	142	7	2	4	32
6835	-4992	2368	14832	10	0	10	0	0	0	0	0	16	0	0	0	0	97	0	95	142	8	2	3	29
6836	-4992	2368	14816	10	0	10	0	0	0	0	0	16	0	0	0	0	96	0	95	142	7	2	3	25
6837	-4928	2192	14816	10	0	10	0	0	0	0	0	16	0	0	0	0	94	0	95	142	5	2	3	22
6838	-4944	2400	15120	10	0	10	0	0	0	0	0	16	0	0	0	0	86	0	95	142	4	2	3	20
6839	-4928	2368	15104	10	0	10	0	0	0	0	0	16	0	0	0	0	57	0	95	142	4	2	2	21
6840	-4960	2176	14800	10	0	10	0	0	0	0	0	16	0	0	0	0	43	0	95	142	5	2	2	21
6841	-4928	2192	14800	10	0	10	0	0	0	0	0	16	0	0	0	0	21	0	95	142	4	2	2	21
6842	-4960	2224	14800	10	0	10	0	0	0	0	0	16	0	0	0	0	10	0	95	142	4	2	3	23
6843	-4944	2256	14816	10	0	10	0	0	0	0	0	16	0	0	0	0	7	0	95	142	3	1	3	24
6844	-4608	2288	14832	10	0	10	0	0	0	0	0	16	0	0	0	2	9	0	95	142	3	1	3	25
6845	-4992	2192	14816	10	0	10	0	0	0	0	0	16	0	0	0	7	17	0	95	142	3	1	3	23
6846	-4944	2208	14832	10	0	10	0	0	0	0	0	16	0	0	0	1	2	0	95	142	4	1	3	23
6847	-4944	2416	15168	10	0	10	0	0	0	0	0	16	0	0	0	0	0	0	95	142	4	1	3	22
6848	-4896	2400	15120	10	0	10	0	0	0	0	0	16	0	0	0	0	0	0	95	142	3	1	3	20
6849	-4928	2416	15120	10	0	10	0	0	0	0	0	16	0	0	0	0	0	0	95	142	4	1	3	21
6850	-4960	2368	15136	10	0	10	0	0	0	0	0	16	0	0	0	0	0	0	95	142	4	1	3	21
6851	-4944	2176	15120	10	0	10	0	0	0	0	0	16	0	0	0	0	0	0	95	142	4	1	3	20
6852	-4944	2192	15152	10	0	10	0	0	0	0	0	16	0	0	0	0	0	0	95	142	4	1	3	21
6853	-4592	2208	15104	10	0	10	0	0	0	0	0	16	0	0	0	0	0	0	95	142	4	1	3	24
6854	-4912	2400	15136	10	0	10	0	0	0	0	0	16	0	0	0	0	0	0	95	142	3	1	2	25
6855	-4928	2352	14832	10	0	10	0	0	0	0	0	16	0	0	0	0	0	0	95	142	2	1	3	25
6856	-4976	2240	14816	10	0	10	0	0	0	0	0	16	0	0	0	0	0	0	95	142	3	1	3	23
6857	-4912	2208	14832	10	0	10	0	0	0	0	0	16	0	0	0	0	0	0	95	142	2	1	2	25
6858	-4880	2208	14800	10	0	10	0	0	0	0	0	16	0	0	0	0	0	0	95	142	3	1	3	25
6859	-4896	2240	14752	10	0	10	0	0	0	0	0	16	0	0	0	0	0	0	95	142	3	1	3	28
6860	-4880	2256	14816	10	0	10	0	0	0	0	0	16	0	0	0	0	0	0	95	142	3	1	3	28
6861	-4608	2192	14832	10	0	10	0	0	0	0	0	16	0	0	0	0	0	0	95	142	3	1	3	24
6862	-4896	2208	14832	10	0	10	0	0	0	0	0	16	0	0	0	0	0	0	95	142	4	1	3	23
6863	-4960	2208	15136	10	0	10	0	0	0	0	0	16	0	0	0	0	0	0	95	142	4	1	3	21
6864	-4928	2240	14832	10	0	10	0	0	0	0	0	16	0	0	0	0	0	0	95	142	4	1	3	20
6865	-4992	2384	14832	10	0	10	0	0	0	0	0	16	0	0	0	0	0	0	95	142	4	1	3	22
6866	-4960	2400	15104	10	0	10	0	0	0	0	0	16	0	0	0	0	0	0	95	142	3	1	3	52
6867	-4944	2240	15104	10	0	10	0	0	0	0	0	16	0	0	0	0	0	0	95	142	4	4	4	716
6868	-4960	2384	14832	10	0	10	0	0	0	0	0	16	0	0	0	0	0	0	95	142	134	16	19	1719
6869	-4768	2400	15168	10	0	10	0	0	0	0	0	16	0	0	0	0	0	0	95	142	597	333	46	2156
6870	-4800	2224	15120	10	0	10	0	0	0	0	0	16	0	0	0	0	0	0	95	142	1793	802	208	2171
6871	-4816	2384	15216	10	0	10	0	0	0	0	0	16	0	0	0	0	0	0	95	142	2323	946	252	2467
6872	-4800	2192	15120	10	0	10	0	0	0	0	0	16	0	0	0	0	0	0	95	142	2329	969	279	2996
6873	-4832	2032	14832	10	0	10	0	0	0	0	0	16	0	0	0	0	0	0	95	142	4424	2201	1019	2470
6874	-4976	2192	14768	10	0	10	0	0	0	0	0	16	0	0	0	0	0	0	95	142	4436	2205	1028	2691
6875	-4752	2000	14800	10	0	10	0	0	0	0	0	16	0	0	0	0	0	0	95	142	5024	8336	2136	2851
6876	-4800	2320	14784	10	0	10	0	0	0	0	0	16	0	0	0	0	0	0	95	142	5319	16645	3870	2803
6877	-4752	2192	14800	10	0	10	0	0	0	0	0	16	0	0	0	0	0	0	95	142	5026	19574	4226	2727
6878	-4944	2368	15104	10	0	10	0	0	0	0	0	16	0	0	0	0	0	0	95	142	3944	23916	4384	2047
6879	-4960	2416	15120	10	0	10	0	0	0	0	0	16	0	0	0	0	0	0	95	142	3415	23773	4342	1375
6880	-4912	2384	15104	10	0	10	0	0	0	0	0	16	0	0	0	0	0	0	95	142	3409	23751	4315	868
6881	-4912	2400	14800	10	0	10	0	0	0	0	0	16	0	8	0	0	0	0	95	142	1313	22518	3575	532
6882	-4896	2336	15104	10	0	10	0	0	0	0	0	16	0	0	0	0	0	0	95	142	1302	22514	3566	320
6883	-4944	2336	15120	10	0	10	0	0	0	0	0	16	0	0	0	0	0	0	95	142	712	16381	2457	192
6884	-4608	2336	15136	10	0	10	0	0	0	0	0	16	0	0	0	0	0	1	95	142	287	8060	707	119
6885	-4880	2384	14832	10	0	10	0	0	0	0	0	16	0	0	0	0	0	25	95	142	118	4814	325	82
6886	-4880	2224	15104	10	0	10	0	0	0	0	0	20	0	8	0	0	0	46	95	142	4	2	4	69
6887	-4608	2224	14832	10	0	10	0	0	0	0	0	16	0	0	0	0	0	50	95	142	5	2	3	61
6888	-4928	2400	15104	10	0	10	0	0	0	0	0	16	0	0	0	0	0	73	95	142	6	2	3	50
6889	-4928	2224	15104	10	0	10	0	0	0	0	0	16	0	0	0	0	0	81	95	142	6	3	3	42
6890	-4992	2176	14832	10	0	10	0	0	0	0	0	16	0	0	0	0	0	10	95	142	7	3	4	37
6891	-4768	2384	14800	10	0	10	0	0	0	0	0	16	0	8	0	0	17	18	95	142	7	3	4	35
6892	-4752	2384	14784	10	0	10	0	0	0	0	0	16	0	0	0	0	44	0	95	142	7	3	3	33
6893	-4944	2240	14784	10	0	10	0	0	0	0	0	16	0	0	0	0	48	0	95	142	7	3	3	32
6894	-4912	2416	14800	10	0	10	0	0	0	0	0	16	1	0	0	0	84	0	95	142	6	2	3	31
6895	-4912	2176	14816	10	0	10	0	0	0	0	0	16	0	0	0	0	97	0	95	142	4	2	3	29
6896	-4912	2384	14832	10	0	10	0	0	0	0	0	16	0	0	0	0	98	0	95	142	3	1	2	26
6897	-4960	2416	14832	10	0	10	0	0	0	0	0	16	0	0	0	0	96	0	95	142	3	1	2	26
6898	-4976	2400	15104	10	0	10	0	0	0	0	0	16	0	0	0	0	96	0	95	142	2	1	2	26
6899	-4960	2416	14816	10	0	10	0	0	0	0	0	16	0	0	0	0	90	0	95	142	2	1	2	24
6900	-4768	2176	14816	10	0	10	0	0	0	0	0	16	0	0	0	0	68	0	95	142	2	1	3	24
6901	-4976	2192	14832	10	0	10	0	0	0	0	0	16	0	0	0	0	55	0	95	142	2	1	3	24
6902	-4896	2208	14832	10	0	10	0	0	0	0	0	16	0	0	0	0	42	0	95	142	2	1	3	24
6903	-4976	2368	14800	10	0	10	0	0	0	0	0	16	0	0	0	0	19	0	95	142	2	1	2	24
6904	-4960	2384	14832	10	0	10	0	0	0	0	0	16	0	0	0	0	11	0	95	142	2	1	3	26
6905	-4976	2400	14832	10	0	10	0	0	0	0	0	16	0	0	0	2	12	0	95	142	2	1	3	28
6906	-4752	2384	15120	10	0	10	0	0	0	0	0	16	0	0	0	5	22	0	95	142	3	1	3	28
6907	-4960	2400	15120	10	0	10	0	0	0	0	0	16	0	0	0	1	7	0	95	142	3	1	3	24
6908	-4960	2416	14832	10	0	10	0	0	0	0	0	16	0	0	0	0	0	0	95	142	3	1	3	22
6909	-4928	2176	14832	10	0	10	0	0	0	0	0	16	0	0	0	0	1	0	95	142	3	1	3	22
6910	-4976	2416	14832	10	0	10	0	0	0	0	0	16	0	0	0	0	0	0	95	142	3	1	3	22
6911	-4960	2208	15104	10	0	10	0	0	0	0	0	16	0	0	0	0	1	0	95	142	2	1	2	22
6912	-4928	2224	15104	10	0	10	0	0	0	0	0	16	0	0	0	0	0	0	95	142	2	1	2	23
6913	-4944	2208	15120	10	0	10	0	0	0	0	0	16	0	0	0	0	0	0	95	142	2	1	3	23
6914	-4912	2192	14832	10	0	10	0	0	0	0	0	16	0	0	0	0	0	0	95	142	1	1	2	23
6915	-4912	2416	14832	10	0	10	0	0	0	0	0	16	0	0	0	0	0	0	95	142	2	1	2	22
6916	-4992	2352	15136	10	0	10	0	0	0	0	0	16	0	0	0	0	0	0	95	142	1	1	2	21
6917	-4944	2368	15152	10	0	10	0	0	0	0	0	16	0	0	0	0	0	0	95	142	1	1	2	19
6918	-4752	2368	14816	10	0	10	0	0	0	0	0	16	0	0	0	0	0	0	95	142	2	1	3	22
6919	-4992	2176	14752	10	0	10	0	0	0	0	0	16	0	0	0	0	0	0	95	142	2	1	3	25
6920	-4992	2352	14800	10	0	10	0	0	0	0	0	16	0	0	0	0	0	0	95	142	2	1	3	27
6921	-4912	2336	14832	10	0	10	0	0	0	0	0	16	0	0	0	0	0	0	95	142	3	1	3	41
6922	-4944	2336	15104	10	0	10	0	0	0	0	0	16	0	0	0	0	0	0	95	142	3	3	6	88
6923	-4928	2032	15104	10	0	10	0	0	0	0	0	16	0	0	0	0	0	0	95	142	3	13	26	138
6924	-4608	2400	14816	10	0	10	0	0	0	0	0	16	0	0	0	0	0	0	95	142	11	27	72	781
6925	-4544	2224	15152	10	0	10	0	0	0	0	0	16	0	0	0	0	0	0	95	142	2902	252	158	2159
6926	-4528	2560	15184	10	0	10	0	0	0	0	0	16	0	0	0	0	0	0	95	142	14189	528	368	2591
6927	-4560	2320	14992	10	0	10	0	0	0	0	0	16	0	0	0	0	0	0	95	142	15646	823	605	4120
6928	-4896	2480	14992	10	0	10	0	0	0	0	0	16	0	0	0	0	0	0	95	142	31179	16558	1580	5411
6929	-4880	2592	14976	10	0	10	0	0	0	0	0	16	0	0	0	0	0	0	95	142	34687	17319	2512	5064
6930	-4592	2240	15136	10	0	10	0	0	0	0	0	16	0	0	0	0	0	0	95	142	35572	18561	3810	4098
6931	-4560	2384	14800	10	0	10	0	0	0	0	0	16	0	0	0	0	0	0	95	142	35626	18817	3816	2857
6932	-4896	2192	14832	10	0	10	0	0	0	0	0	16	0	0	0	0	0	0	95	142	35619	18804	3773	1856
6933	-4880	2400	15104	10	0	10	0	0	0	0	0	16	0	0	0	0	0	0	95	142	32729	18582	3688	1149
6934	-4928	2352	15120	10	0	10	0	0	0	0	0	16	0	0	0	0	0	0	95	142	21442	18307	3478	692
6935	-4608	2416	15136	10	0	10	0	0	0	0	0	16	0	0	0	0	0	0	95	142	19985	18011	3241	410
6936	-4880	2416	15152	10	0	10	0	0	0	0	0	16	0	0	0	0	0	0	95	142	4451	2276	2266	251
6937	-4880	2176	15120	10	0	10	0	0	0	0	0	16	0	8	0	0	0	0	95	142	942	1515	1334	172
6938	-4896	2240	15136	10	0	10	0	0	0	0	0	16	0	0	0	0	0	1	95	142	58	273	33	128
6939	-4880	2208	14832	10	0	10	0	0	0	0	0	16	0	0	0	0	0	5	95	142	6	11	14	104
6940	-4880	2400	14800	10	0	10	0	0	0	0	0	16	0	0	0	0	0	7	95	142	7	13	12	98
6941	-4944	2384	15136	10	0	10	0	0	0	0	0	16	0	0	0	0	0	19	95	142	8	12	14	98
6942	-4768	2384	15120	10	0	10	0	0	0	0	0	20	0	8	0	0	0	58	95	142	9	15	20	91
6943	-4976	2224	15136	10	0	10	0	0	0	0	0	16	0	0	0	0	0	87	95	142	10	17	23	81
6944	-4960	2272	14832	10	0	10	0	0	0	0	0	16	0	0	0	0	0	90	95	142	11	18	23	71
6945	-4912	2416	14752	10	0	10	0	0	0	0	0	16	0	0	0	0	0	92	95	142	12	18	23	62
6946	-4896	2192	14832	10	0	10	0	0	0	0	0	16	0	0	0	0	0	87	95	142	11	18	22	51
6947	-4896	2208	15104	10	0	10	0	0	0	0	0	16	0	0	0	0	14	0	95	142	10	13	15	41
6948	-4896	2208	15136	10	0	10	0	0	0	0	0	16	0	0	0	0	42	0	95	142	8	9	14	35
6949	-4912	2192	15200	10	0	10	0	0	0	0	0	16	0	0	0	0	46	0	95	142	6	7	12	33
6950	-4976	2224	15104	10	0	10	0	0	0	0	0	16	0	0	0	0	47	0	95	142	6	4	5	32
6951	-4944	2192	15104	10	0	10	0	0	0	0	0	16	1	0	0	0	74	0	95	142	6	2	3	28
6952	-4960	2208	14816	10	0	10	0	0	0	0	0	16	0	0	0	1	94	0	95	142	6	2	3	26
6953	-4976	2208	15136	10	0	10	0	0	0	0	0	16	0	0	0	1	94	0	95	142	5	1	3	27
6954	-4944	2224	14800	10	0	10	0	0	0	0	0	16	0	0	0	1	89	0	95	142	5	1	4	28
6955	-4960	2416	14784	10	0	10	0	0	0	0	0	16	0	0	0	0	87	0	95	142	5	1	4	26
6956	-4896	2176	14800	10	0	10	0	0	0	0	0	16	0	0	0	0	69	0	95	142	6	1	4	26
6957	-4912	2224	14816	10	0	10	0	0	0	0	0	16	0	0	0	0	18	0	95	142	6	1	4	28
6958	-4944	2384	14816	10	0	10	0	0	0	0	0	16	0	0	0	0	8	0	95	142	5	1	4	30
6959	-4928	2192	15120	10	0	10	0	0	0	0	0	16	0	0	0	0	4	0	95	142	5	1	4	30
6960	-4944	2240	15136	10	0	10	0	0	0	0	0	16	0	0	0	0	3	0	95	142	4	1	4	31
6961	-4976	2224	14800	10	0	10	0	0	0	0	0	16	0	0	0	0	3	0	95	142	4	1	3	30
6962	-4944	2208	14816	10	0	10	0	0	0	0	0	16	0	0	0	0	1	0	95	142	4	1	3	27
6963	-4944	2208	14784	10	0	10	0	0	0	0	0	16	0	0	0	0	0	0	95	142	5	1	3	25
6964	-4928	2192	14816	10	0	10	0	0	0	0	0	16	0	0	0	0	0	0	95	142	4	2	3	24
6965	-4912	2384	15104	10	0	10	0	0	0	0	0	16	0	0	0	0	0	0	95	142	4	2	3	22
6966	-4896	2176	14832	10	0	10	0	0	0	0	0	16	0	0	0	0	0	0	95	142	4	1	3	23
6967	-4896	2176	14816	10	0	10	0	0	0	0	0	16	0	0	0	0	0	0	95	142	4	1	3	23
6968	-4592	2416	15120	10	0	10	0	0	0	0	0	16	0	0	0	0	0	0	95	142	3	1	3	22
6969	-4944	2192	15104	10	0	10	0	0	0	0	0	16	0	0	0	0	0	0	95	142	3	1	3	25
6970	-4960	2192	15152	10	0	10	0	0	0	0	0	16	0	0	0	0	0	0	95	142	3	1	2	26
6971	-4528	2256	15104	10	0	10	0	0	0	0	0	16	0	0	0	0	0	0	95	142	2	1	2	29
6972	-4896	2208	15104	10	0	10	0	0	0	0	0	16	0	0	0	0	0	0	95	142	2	1	2	30
6973	-4896	2416	15104	10	0	10	0	0	0	0	0	16	0	0	0	0	0	0	95	142	3	1	2	27
6974	-4896	2224	14784	10	0	10	0	0	0	0	0	16	0	0	0	0	0	0	95	142	3	1	2	25
6975	-4912	2416	14832	10	0	10	0	0	0	0	0	16	0	0	0	0	0	0	95	142	3	1	3	25
6976	-4576	2192	15136	10	0	10	0	0	0	0	0	16	0	0	0	0	0	0	95	142	3	1	3	25
6977	-4592	2240	15104	10	0	10	0	0	0	0	0	16	0	0	0	0	0	0	95	142	4	1	3	26
6978	-4880	2176	15104	10	0	10	0	0	0	0	0	16	0	0	0	0	0	0	95	142	4	1	3	27
6979	-4880	2416	14832	10	0	10	0	0	0	0	0	16	0	0	0	0	0	0	95	142	5	1	3	27
6980	-4912	2384	14800	10	0	10	0	0	0	0	0	16	0	0	0	0	0	0	95	142	5	1	3	26
6981	-4592	2400	15104	10	0	10	0	0	0	0	0	16	0	0	0	0	0	0	95	142	5	1	3	36
6982	-4896	2320	14816	10	0	10	0	0	0	0	0	16	0	0	0	0	0	0	95	142	5	1	4	423
6983	-4896	2176	14816	10	0	10	0	0	0	0	0	16	0	0	0	0	0	0	95	142	809	206	60	677
6984	-4912	2416	14832	10	0	10	0	0	0	0	0	16	0	0	0	0	0	0	95	142	825	223	87	674
6985	-4912	2352	14832	10	0	10	0	0	0	0	0	16	0	0	0	0	0	0	95	142	830	227	103	847
6986	-4928	2400	15120	10	0	10	0	0	0	0	0	16	0	0	0	0	0	0	95	142	947	475	247	1333
6987	-4528	2208	15216	10	0	10	0	0	0	0	0	16	0	0	0	0	0	0	95	142	2018	698	373	1694
6988	-4976	2352	14720	10	0	10	0	0	0	0	0	16	0	0	0	0	0	0	95	142	2089	842	438	1822
6989	-4784	2240	14864	10	0	10	0	0	0	0	0	16	0	0	0	0	0	0	95	142	2228	874	480	1791
6990	-4880	2256	14752	10	0	10	0	0	0	0	0	16	0	0	0	0	0	0	95	142	2270	922	566	1511
6991	-4608	2416	15120	10	0	10	0	0	0	0	0	16	0	0	0	0	0	0	95	142	1467	722	525	1081
6992	-4608	2192	14832	10	0	10	0	0	0	0	0	16	0	0	0	0	0	0	95	142	1452	707	504	710
6993	-4560	2176	14816	10	0	10	0	0	0	0	0	16	0	0	0	0	0	0	95	142	1447	702	488	443
6994	-4912	2208	14832	10	0	10	0	0	0	0	0	16	0	0	0	0	0	1	95	142	1329	454	344	294
6995	-4896	2192	15168	10	0	10	0	0	0	0	0	16	0	0	0	0	0	2	95	142	257	231	217	190
6996	-4880	2192	14816	10	0	10	0	0	0	0	0	16	0	8	0	0	0	3	95	142	186	87	152	125
6997	-4880	2224	14832	10	0	10	0	0	0	0	0	16	0	0	0	0	0	9	95	142	47	56	110	89
6998	-4896	2224	15120	10	0	10	0	0	0	0	0	16	0	0	0	0	0	12	95	142	5	7	23	70
6999	-4912	2416	14816	10	0	10	0	0	0	0	0	16	0	0	0	0	0	27	95	142	4	2	8	59
7000	-4896	2416	15136	10	0	10	0	0	0	0	0	16	0	0	0	0	0	44	95	142	4	1	2	53
7001	-4976	2208	15104	10	0	10	0	0	0	0	0	20	0	8	0	0	0	55	95	142	4	2	3	48
7002	-4928	2208	14832	10	0	10	0	0	0	0	0	16	0	0	0	0	0	74	95	142	5	2	3	43
7003	-4896	2192	14832	10	0	10	0	0	0	0	0	16	0	0	0	0	0	76	95	142	5	2	3	36
7004	-4960	2224	14800	10	0	10	0	0	0	0	0	16	0	0	0	0	0	77	95	142	5	2	3	31
7005	-4960	2224	14832	10	0	10	0	0	0	0	0	16	0	0	0	0	2	1	95	142	5	2	3	28
7006	-4944	2176	14784	10	0	10	0	0	0	0	0	16	0	0	0	0	36	1	95	142	6	2	3	30
7007	-4592	2224	14832	10	0	10	0	0	0	0	0	16	0	0	0	0	44	0	95	142	6	2	4	31
7008	-4896	2256	14816	10	0	10	0	0	0	0	0	16	0	0	0	0	45	0	95	142	5	2	3	27
7009	-4560	2272	14832	10	0	10	0	0	0	0	0	16	0	0	0	0	45	0	95	142	4	2	3	25
7010	-4912	2176	14816	10	0	10	0	0	0	0	0	16	0	0	0	0	44	0	95	142	4	1	3	24
7011	-4880	2416	15136	10	0	10	0	0	0	0	0	16	1	0	0	1	52	0	95	142	5	1	3	23
7012	-4880	2176	14832	10	0	10	0	0	0	0	0	16	0	0	0	7	50	0	95	142	5	1	3	23
7013	-4592	2400	15104	10	0	10	0	0	0	0	0	16	0	0	0	6	70	0	95	142	4	1	3	26
7014	-4592	2416	15136	10	0	10	0	0	0	0	0	16	0	0	0	4	42	0	95	142	4	1	3	24
7015	-4592	2224	15136	10	0	10	0	0	0	0	0	16	0	0	0	0	12	0	95	142	3	1	3	25
7016	-4880	2224	15152	10	0	10	0	0	0	0	0	16	0	0	0	0	4	0	95	142	5	1	3	26
7017	-4928	2416	15136	10	0	10	0	0	0	0	0	16	0	0	0	0	4	0	95	142	5	1	3	28
7018	-4928	2400	15136	10	0	10	0	0	0	0	0	16	0	0	0	0	3	0	95	142	4	1	3	29
7019	-4880	2384	14832	10	0	10	0	0	0	0	0	16	0	0	0	0	3	0	95	142	4	1	3	28
7020	-4944	2368	15120	10	0	10	0	0	0	0	0	16	0	0	0	0	0	0	95	142	5	1	3	33
7021	-4944	2400	15120	10	0	10	0	0	0	0	0	16	0	0	0	0	0	0	95	142	6	2	3	30
7022	-4896	2384	15136	10	0	10	0	0	0	0	0	16	0	0	0	0	0	0	95	142	6	2	3	26
7023	-4896	2416	15104	10	0	10	0	0	0	0	0	16	0	0	0	0	0	0	95	142	6	1	3	25
7024	-4592	2320	15120	10	0	10	0	0	0	0	0	16	0	0	0	0	0	0	95	142	4	1	3	25
7025	-4576	2176	15152	10	0	10	0	0	0	0	0	16	0	0	0	0	0	0	95	142	6	1	3	23
7026	-4880	2368	15152	10	0	10	0	0	0	0	0	16	0	0	0	0	0	0	95	142	5	1	3	26
7027	-4896	2192	15104	10	0	10	0	0	0	0	0	16	0	0	0	0	0	0	95	142	5	1	3	28
7028	-4944	2176	15104	10	0	10	0	0	0	0	0	16	0	0	0	0	0	0	95	142	5	1	3	27
7029	-4928	2208	15104	10	0	10	0	0	0	0	0	16	0	0	0	0	0	0	95	142	4	1	3	26
7030	-4896	2240	15136	10	0	10	0	0	0	0	0	16	0	0	0	0	0	0	95	142	4	1	3	26
7031	-4960	2416	15104	10	0	10	0	0	0	0	0	16	0	0	0	0	0	0	95	142	5	1	3	27
7032	-4928	2416	14832	10	0	10	0	0	0	0	0	16	0	0	0	0	0	0	95	142	5	1	3	28
7033	-4928	2208	14816	10	0	10	0	0	0	0	0	16	0	0	0	0	0	0	95	142	4	1	3	28
7034	-4928	2176	15120	10	0	10	0	0	0	0	0	16	0	0	0	0	0	0	95	142	4	1	3	27
7035	-4592	2416	14816	10	0	10	0	0	0	0	0	16	0	0	0	0	0	0	95	142	4	1	3	26
7036	-4608	2176	15120	10	0	10	0	0	0	0	0	16	0	0	0	0	0	0	95	142	3	1	3	47
7037	-4880	2192	15104	10	0	10	0	0	0	0	0	16	0	0	0	0	0	0	95	142	4	2	3	65
7038	-4880	2416	15104	10	0	10	0	0	0	0	0	16	0	0	0	0	0	0	95	142	7	9	7	134
7039	-4544	2368	14800	10	0	10	0	0	0	0	0	16	0	0	0	0	0	0	95	142	8	11	12	716
7040	-4912	2336	14768	10	0	10	0	0	0	0	0	16	0	0	0	0	0	0	95	142	61	29	29	867
7041	-4896	2032	14832	10	0	10	0	0	0	0	0	16	0	0	0	0	0	0	95	142	66	57	41	735
7042	-4944	2400	15104	10	0	10	0	0	0	0	0	16	0	0	0	0	0	0	95	142	66	57	43	526
7043	-4928	2400	15136	10	0	10	0	0	0	0	0	16	0	0	0	0	0	0	95	142	66	58	43	352
7044	-4944	2176	14832	10	0	10	0	0	0	0	0	16	0	0	0	0	0	0	95	142	67	58	43	230
7045	-4912	2416	14800	10	0	10	0	0	0	0	0	16	0	0	0	0	0	0	95	142	66	57	43	148
7046	-4944	2400	15104	10	0	10	0	0	0	0	0	16	0	0	0	0	0	0	95	142	63	50	38	98
7047	-4912	2192	15120	10	0	10	0	0	0	0	0	16	0	0	0	0	0	0	95	142	62	47	33	68
7048	-4928	2176	15120	10	0	10	0	0	0	0	0	16	0	0	0	0	0	0	95	142	9	30	16	50
7049	-4944	2416	15120	10	0	10	0	0	0	0	0	16	0	8	0	0	0	0	95	142	4	2	5	41
7050	-4912	2400	14832	10	0	10	0	0	0	0	0	16	0	0	0	0	0	0	95	142	3	1	3	37
7051	-4912	2352	15120	10	0	10	0	0	0	0	0	16	0	0	0	0	0	0	95	142	4	1	3	37
7052	-4960	2384	15152	10	0	10	0	0	0	0	0	16	0	0	0	0	0	0	95	142	4	1	3	34
7053	-4944	2208	15136	10	0	10	0	0	0	0	0	16	0	0	0	0	0	0	95	142	4	1	3	30
7054	-4896	2192	14832	10	0	10	0	0	0	0	0	20	0	8	0	0	0	0	95	142	4	1	3	31
7055	-4880	2176	15104	10	0	10	0	0	0	0	0	16	0	0	0	0	0	0	95	142	3	1	3	30
7056	-4592	2384	15120	10	0	10	0	0	0	0	0	16	0	0	0	0	0	5	95	142	3	1	3	26
7057	-4880	2368	15152	10	0	10	0	0	0	0	0	16	0	0	0	0	0	10	95	142	3	1	3	24
7058	-4560	2384	15120	10	0	10	0	0	0	0	0	16	0	0	0	0	0	0	95	142	4	2	3	24
7059	-4880	2176	14816	10	0	10	0	0	0	0	0	16	0	0	0	0	0	0	95	142	3	2	3	24
7060	-4944	2192	14800	10	0	10	0	0	0	0	0	16	0	0	0	0	0	0	95	142	3	2	3	28
7061	-4880	2208	14800	10	0	10	0	0	0	0	0	16	0	0	0	0	1	0	95	142	3	2	3	27
7062	-4944	2384	15104	10	0	10	0	0	0	0	0	16	0	0	0	0	0	0	95	142	3	1	3	26
7063	-4608	2176	15168	10	0	10	0	0	0	0	0	16	0	0	0	1	0	0	95	142	3	1	3	28
7064	-4560	2176	15152	10	0	10	0	0	0	0	0	16	0	0	0	36	0	0	95	142	3	1	2	29
7065	-4880	2400	15152	10	0	10	0	0	0	0	0	16	0	0	0	90	0	0	95	142	4	1	3	29
7066	-4576	2384	15136	10	0	10	0	0	0	0	0	16	0	0	0	97	0	0	95	142	3	1	3	28
7067	-4608	2208	15104	10	0	10	0	0	0	0	0	16	4	0	0	85	0	0	125	142	4	1	3	29
7068	-4880	2416	15104	10	0	10	0	0	0	0	0	16	0	0	0	47	0	0	95	142	3	1	3	28
7069	-4880	2416	15120	10	0	10	0	0	0	0	0	16	0	0	0	20	0	0	95	142	3	1	3	28
7070	-4560	2416	15104	10	0	10	0	0	0	0	0	16	0	0	0	0	0	0	95	142	3	1	3	27
7071	-4608	2352	15152	10	0	10	0	0	0	0	0	16	0	0	0	0	0	0	95	142	3	1	3	27
7072	-4608	2192	15184	10	0	10	0	0	0	0	0	16	0	0	0	0	0	0	95	142	3	1	3	25
7073	-4608	2208	15136	10	0	10	0	0	0	0	0	16	0	0	0	0	0	0	95	142	3	2	3	22
7074	-4912	2192	15104	10	0	10	0	0	0	0	0	16	0	0	0	0	0	0	95	142	3	2	3	23
7075	-4880	2400	15120	10	0	10	0	0	0	0	0	16	0	0	0	0	0	0	95	142	3	2	3	23
7076	-4576	2384	15152	10	0	10	0	0	0	0	0	16	0	0	0	0	0	0	95	142	2	2	2	23
7077	-4592	2368	15104	10	0	10	0	0	0	0	0	16	0	0	0	0	0	0	95	142	2	2	3	22
7078	-4912	2400	14800	10	0	10	0	0	0	0	0	16	0	0	0	0	0	0	95	142	2	2	3	22
7079	-4912	2400	15104	10	0	10	0	0	0	0	0	16	0	0	0	0	0	0	95	142	3	2	3	23
7080	-4928	2352	14816	10	0	10	0	0	0	0	0	16	0	0	0	0	0	0	95	142	3	2	3	23
7081	-4928	2384	15104	10	0	10	0	0	0	0	0	16	0	0	0	0	0	0	95	142	3	1	3	22
7082	-4608	2176	14784	10	0	10	0	0	0	0	0	16	0	0	0	0	0	0	95	142	3	1	3	23
7083	-4928	2176	15136	10	0	10	0	0	0	0	0	16	0	0	0	0	0	0	95	142	2	1	3	24
7084	-4912	2400	15104	10	0	10	0	0	0	0	0	16	0	0	0	0	0	0	95	142	2	1	3	24
7085	-4880	2400	14832	10	0	10	0	0	0	0	0	16	0	0	0	0	0	0	95	142	3	1	3	23
7086	-4896	2384	14832	10	0	10	0	0	0	0	0	16	0	0	0	0	0	0	95	142	3	1	2	25
7087	-4896	2176	15168	10	0	10	0	0	0	0	0	16	0	0	0	1	0	0	95	142	3	1	3	26
7088	-4608	2192	15120	10	0	10	0	0	0	0	0	16	0	0	0	6	0	0	95	142	4	1	3	26
7089	-4592	2176	14784	10	0	10	0	0	0	0	0	16	0	0	0	1	0	0	95	142	4	1	3	24
7090	-4880	2384	14816	10	0	10	0	0	0	0	0	16	0	0	0	0	0	0	95	142	4	1	3	75
7091	-4880	2176	14816	10	0	10	0	0	0	0	0	16	0	0	0	0	0	0	95	142	6	1	5	712
7092	-4544	2368	14960	10	0	10	0	0	0	0	0	16	0	0	0	0	0	0	95	142	221	94	56	1381
7093	-4880	2384	14880	10	0	10	0	0	0	0	0	16	0	0	0	0	0	0	95	142	1573	141	109	1769
7094	-4608	2368	14880	10	0	10	0	0	0	0	0	16	0	0	0	0	0	0	95	142	2978	572	255	1508
7095	-4960	1728	14736	10	0	10	0	0	0	0	0	16	0	0	0	0	0	0	95	142	2987	579	278	1259
7096	-4928	1984	14800	10	0	10	0	0	0	0	0	16	0	0	0	0	0	0	95	142	3023	609	288	1343
7097	-4512	2448	14960	10	0	10	0	0	0	0	0	16	0	0	0	0	0	0	95	142	3022	618	302	1781
7098	-4528	2656	14800	10	0	10	0	0	0	0	0	16	0	0	0	0	0	0	95	142	4279	6624	2450	1902
7099	-4896	2224	15120	10	0	10	0	0	0	0	0	16	0	0	0	0	0	0	95	142	6986	7233	2815	2325
7100	-4944	2064	15136	10	0	10	0	0	0	0	0	16	0	0	0	0	0	0	95	142	7021	7252	2804	2674
7101	-4944	1968	14816	10	0	10	0	0	0	0	0	16	0	0	0	0	0	0	95	142	5709	7209	2762	2393
7102	-4912	2336	14832	10	0	10	0	0	0	0	0	16	0	0	0	0	0	0	95	142	4306	6794	2620	2049
7103	-4896	2304	14784	10	0	10	0	0	0	0	0	16	0	0	0	0	0	0	95	142	4303	6815	2601	1550
7104	-4896	2368	14784	10	0	10	0	0	0	0	0	16	0	0	0	0	0	0	95	142	4271	6862	2607	1058
7105	-4928	2384	14784	10	0	10	0	0	0	0	0	16	0	0	0	0	0	0	95	142	4271	6854	2593	677
7106	-4960	2336	14816	10	0	10	0	0	0	0	0	16	0	0	0	0	0	0	95	142	3014	847	446	417
7107	-4992	2320	14816	10	0	10	0	0	0	0	0	16	0	8	0	0	0	0	95	142	305	239	79	254
7108	-4992	2368	14832	10	0	10	0	0	0	0	0	16	0	0	0	0	0	1	95	142	55	126	38	156
7109	-4960	2272	14816	10	0	10	0	0	0	0	0	16	0	0	0	0	0	19	95	142	15	123	28	103
7110	-4880	2208	14832	10	0	10	0	0	0	0	0	16	0	0	0	0	0	42	95	142	14	108	25	83
7111	-4608	2176	14832	10	0	10	0	0	0	0	0	16	0	0	0	0	0	46	95	142	10	81	21	70
7112	-4896	2368	14816	10	0	10	0	0	0	0	0	20	0	8	0	0	0	49	95	142	8	4	5	63
7113	-4928	2176	15136	10	0	10	0	0	0	0	0	16	0	0	0	0	0	72	95	142	9	4	4	55
7114	-4896	2192	15136	10	0	10	0	0	0	0	0	16	0	0	0	0	0	15	95	142	9	4	4	47
7115	-4896	2224	14800	10	0	10	0	0	0	0	0	16	0	0	0	0	9	19	95	142	9	4	4	41
7116	-4896	2208	14800	10	0	10	0	0	0	0	0	16	0	0	0	0	41	0	95	142	10	3	4	40
7117	-4912	2176	15120	10	0	10	0	0	0	0	0	16	0	8	0	0	47	0	95	142	10	3	4	35
7118	-4944	2416	14816	10	0	10	0	0	0	0	0	16	1	0	0	0	80	0	95	142	9	3	3	31
7119	-4944	2384	14832	10	0	10	0	0	0	0	0	16	0	0	0	0	96	0	95	142	7	2	3	27
7120	-4896	2192	15104	10	0	10	0	0	0	0	0	16	0	0	0	0	97	0	95	142	5	2	3	26
7121	-4880	2176	15104	10	0	10	0	0	0	0	0	16	0	0	0	0	96	0	95	142	5	1	3	27
7122	-4880	2384	15136	10	0	10	0	0	0	0	0	16	0	0	0	0	95	0	95	142	5	1	3	28
7123	-4608	2208	15152	10	0	10	0	0	0	0	0	16	0	0	0	0	88	0	95	142	5	1	3	27
7124	-4896	2400	15152	10	0	10	0	0	0	0	0	16	0	0	0	0	71	0	95	142	4	1	3	26
7125	-4896	2384	15136	10	0	10	0	0	0	0	0	16	0	0	0	0	59	0	95	142	5	1	4	24
7126	-4608	2416	14816	10	0	10	0	0	0	0	0	16	0	0	0	0	45	0	95	142	4	1	4	21
7127	-4608	2176	15104	10	0	10	0	0	0	0	0	16	0	0	0	0	32	0	95	142	4	1	4	23
7128	-4944	2400	15136	10	0	10	0	0	0	0	0	16	0	0	0	0	16	0	95	142	5	1	4	22
7129	-4944	2208	15184	10	0	10	0	0	0	0	0	16	0	0	0	3	17	0	95	142	4	1	4	22
7130	-4896	2416	15136	10	0	10	0	0	0	0	0	16	0	0	0	14	23	0	95	142	4	1	4	22
7131	-4912	2208	15136	10	0	10	0	0	0	0	0	16	0	0	0	7	10	0	95	142	3	1	3	23
7132	-4576	2176	15120	10	0	10	0	0	0	0	0	16	0	0	0	0	1	0	95	142	4	1	3	24
7133	-4912	2384	15120	10	0	10	0	0	0	0	0	16	0	0	0	0	2	0	95	142	3	1	3	21
7134	-4880	2368	15168	10	0	10	0	0	0	0	0	16	0	0	0	0	1	0	95	142	4	1	3	23
7135	-4880	2368	14832	10	0	10	0	0	0	0	0	16	0	0	0	0	2	0	95	142	4	1	3	24
7136	-4960	2368	14816	10	0	10	0	0	0	0	0	16	0	0	0	0	0	0	95	142	5	1	3	23
7137	-4960	2416	14800	10	0	10	0	0	0	0	0	16	0	0	0	0	0	0	95	142	4	1	3	25
7138	-4752	2208	14816	10	0	10	0	0	0	0	0	16	0	0	0	0	0	0	95	142	5	1	3	24
7139	-4928	2240	14800	10	0	10	0	0	0	0	0	16	0	0	0	0	0	0	95	142	5	2	3	23
7140	-4944	2176	15104	10	0	10	0	0	0	0	0	16	0	0	0	0	0	0	95	142	4	2	3	22
7141	-4608	2400	14816	10	0	10	0	0	0	0	0	16	0	0	0	0	0	0	95	142	4	2	3	20
7142	-4528	2400	15120	10	0	10	0	0	0	0	0	16	0	0	0	0	0	0	95	142	4	1	3	20
7143	-4544	2336	15120	10	0	10	0	0	0	0	0	16	0	0	0	0	0	0	95	142	3	1	3	22
7144	-4608	2176	15152	10	0	10	0	0	0	0	0	16	0	0	0	0	0	0	95	142	2	1	3	25
7145	-4592	2384	15168	10	0	10	0	0	0	0	0	16	0	0	0	0	0	0	95	142	3	1	3	25
7146	-4880	2416	15168	10	0	10	0	0	0	0	0	16	0	0	0	0	0	0	95	142	2	1	3	23
7147	-4592	2416	14832	10	0	10	0	0	0	0	0	16	0	0	0	0	0	0	95	142	2	1	4	23
7148	-4880	2192	15120	10	0	10	0	0	0	0	0	16	0	0	0	0	0	0	95	142	2	1	3	22
7149	-4608	2224	15104	10	0	10	0	0	0	0	0	16	0	0	0	0	0	0	95	142	2	1	4	22
7150	-4880	2192	15120	10	0	10	0	0	0	0	0	16	0	0	0	0	0	0	95	142	3	1	4	21
7151	-4608	2176	15104	10	0	10	0	0	0	0	0	16	0	0	0	0	0	0	95	142	3	1	4	20
7152	-4576	2176	15136	10	0	10	0	0	0	0	0	16	0	0	0	0	0	0	95	142	3	1	3	19
7153	-4880	2384	15152	10	0	10	0	0	0	0	0	16	0	0	0	0	0	0	95	142	3	1	3	20
7154	-4576	2384	15136	10	0	10	0	0	0	0	0	16	0	0	0	0	0	0	95	142	3	1	3	31
7155	-4576	2400	14832	10	0	10	0	0	0	0	0	16	0	0	0	0	0	0	95	142	3	1	3	118
7156	-4736	2384	14864	10	0	10	0	0	0	0	0	16	0	0	0	0	0	0	95	142	5	12	8	580
7157	-4992	1840	14864	10	0	10	0	0	0	0	0	16	0	0	0	0	0	0	95	142	337	117	38	1703
7158	-4784	1456	14880	10	0	10	0	0	0	0	0	16	0	0	0	0	0	0	95	142	4550	2962	535	1996
7159	-4960	1776	14720	10	0	10	0	0	0	0	0	16	0	0	0	0	0	0	95	142	4563	3021	548	1646
7160	-4928	1968	14816	10	0	10	0	0	0	0	0	16	0	0	0	0	0	0	95	142	4575	3029	564	1222
7161	-4944	2032	14800	10	0	10	0	0	0	0	0	16	0	0	0	0	0	0	95	142	4580	3070	651	1705
7162	-4928	2048	14816	10	0	10	0	0	0	0	0	16	0	0	0	0	0	0	95	142	5283	3536	864	1709
7163	-4896	2032	15136	10	0	10	0	0	0	0	0	16	0	0	0	0	0	0	95	142	5286	3571	889	1328
7164	-4912	2192	15136	10	0	10	0	0	0	0	0	16	0	0	0	0	0	0	95	142	5284	3562	892	932
7165	-4896	2192	14832	10	0	10	0	0	0	0	0	16	0	0	0	0	0	0	95	142	4953	3463	869	616
7166	-4880	2176	15104	10	0	10	0	0	0	0	0	16	0	0	0	0	0	0	95	142	740	619	377	388
7167	-4880	2416	15120	10	0	10	0	0	0	0	0	16	0	8	0	0	0	1	95	142	727	559	364	238
7168	-4944	2416	15152	10	0	10	0	0	0	0	0	16	0	0	0	0	0	1	95	142	715	551	348	146
7169	-4576	2288	15152	10	0	10	0	0	0	0	0	18	8192	0	0	0	0	1	95	142	710	511	261	94
7170	-4576	2224	15104	10	0	10	0	0	0	0	0	16	0	0	0	0	0	3	95	142	7	44	48	71
7171	-4560	2176	14800	10	0	10	0	0	0	0	0	16	0	0	0	0	0	15	95	142	6	10	24	62
7172	-4560	2192	14832	10	0	10	0	0	0	0	0	20	0	8	0	0	0	18	95	142	7	8	15	56
7173	-4880	2224	15104	10	0	10	0	0	0	0	0	16	0	0	0	0	0	26	95	142	6	2	9	50
7174	-4896	2208	15104	10	0	10	0	0	0	0	0	16	0	0	0	0	0	73	95	142	6	2	3	48
7175	-4928	2256	14816	10	0	10	0	0	0	0	0	16	0	0	0	0	0	93	95	142	6	2	4	44
7176	-4928	2208	14816	10	0	10	0	0	0	0	0	16	0	0	0	0	0	94	95	142	6	2	4	41
7177	-4944	2352	14832	10	0	10	0	0	0	0	0	16	0	8	0	0	0	95	95	142	7	2	4	38
7178	-4608	2352	15168	10	0	10	0	0	0	0	0	16	0	0	0	0	1	72	95	142	7	3	4	34
7179	-4896	2400	15200	10	0	10	0	0	0	0	0	16	0	0	0	0	25	0	95	142	5	2	4	33
7180	-4928	2400	15168	10	0	10	0	0	0	0	0	16	0	0	0	0	41	0	95	142	4	2	4	29
7181	-4880	2368	15184	10	0	10	0	0	0	0	0	16	0	0	0	0	46	0	95	142	3	2	3	26
7182	-4608	2416	15136	10	0	10	0	0	0	0	0	16	0	0	0	0	46	0	95	142	3	1	3	28
7183	-4880	2192	15120	10	0	10	0	0	0	0	0	16	1	0	0	1	56	0	95	142	3	1	3	29
7184	-4608	2208	14800	10	0	10	0	0	0	0	0	16	0	0	0	6	88	0	95	142	3	1	3	31
7185	-4880	2176	14816	10	0	10	0	0	0	0	0	16	0	0	0	12	88	0	95	142	3	1	3	28
7186	-4608	2384	14800	10	0	10	0	0	0	0	0	16	0	0	0	9	83	0	95	142	3	1	3	27
7187	-4608	2176	14832	10	0	10	0	0	0	0	0	16	0	0	0	3	79	0	95	142	3	1	3	27
7188	-4592	2416	15136	10	0	10	0	0	0	0	0	16	0	0	0	0	49	0	95	142	4	1	3	29
7189	-4608	2176	15136	10	0	10	0	0	0	0	0	16	0	0	0	0	7	0	95	142	4	1	3	29
7190	-4912	2176	15152	10	0	10	0	0	0	0	0	16	0	0	0	0	3	0	95	142	4	1	3	29
7191	-4880	2192	15168	10	0	10	0	0	0	0	0	16	0	0	0	0	2	0	95	142	5	1	3	27
7192	-4608	2208	15136	10	0	10	0	0	0	0	0	16	0	0	0	0	2	0	95	142	5	1	3	25
7193	-4880	2224	15104	10	0	10	0	0	0	0	0	16	0	0	0	0	1	0	95	142	5	1	3	25
7194	-4608	2224	15120	10	0	10	0	0	0	0	0	16	0	0	0	0	0	0	95	142	5	1	3	24
7195	-4880	2400	14832	10	0	10	0	0	0	0	0	16	0	0	0	0	0	0	95	142	6	1	3	23
7196	-4576	2192	15136	10	0	10	0	0	0	0	0	16	0	0	0	0	0	0	95	142	5	1	3	24
7197	-4592	2192	15184	10	0	10	0	0	0	0	0	16	0	0	0	0	0	0	95	142	5	1	3	22
7198	-4608	2176	15152	10	0	10	0	0	0	0	0	16	0	0	0	0	0	0	95	142	6	1	3	21
7199	-4912	2416	15168	10	0	10	0	0	0	0	0	16	0	0	0	0	0	0	95	142	5	1	3	22
7200	-4576	2416	15104	10	0	10	0	0	0	0	0	16	0	0	0	0	0	0	95	142	6	1	3	22
7201	-4528	2192	14832	10	0	10	0	0	0	0	0	16	0	0	0	0	0	0	95	142	5	1	3	23
7202	-4576	2384	15104	10	0	10	0	0	0	0	0	16	0	0	0	0	0	0	95	142	5	1	3	22
7203	-4576	2416	15136	10	0	10	0	0	0	0	0	16	0	0	0	0	0	0	95	142	5	1	3	24
7204	-4576	2176	14816	10	0	10	0	0	0	0	0	16	0	0	0	0	0	0	95	142	5	1	3	25
7205	-4880	2416	15120	10	0	10	0	0	0	0	0	16	0	0	0	0	0	0	95	142	5	1	3	25
7206	-4576	2176	15120	10	0	10	0	0	0	0	0	16	0	0	0	0	0	0	95	142	6	1	3	25
7207	-4560	2368	15120	10	0	10	0	0	0	0	0	16	0	0	0	0	0	0	95	142	6	1	3	25
7208	-4560	2400	14832	10	0	10	0	0	0	0	0	16	0	0	0	0	0	0	95	142	7	1	3	25
7209	-4896	2400	15104	10	0	10	0	0	0	0	0	16	0	0	0	0	0	0	95	142	7	1	3	27
7210	-4880	2400	15120	10	0	10	0	0	0	0	0	16	0	0	0	0	0	0	95	142	7	1	3	27
7211	-4896	2176	14832	10	0	10	0	0	0	0	0	16	0	0	0	0	0	0	95	142	6	1	3	26
7212	-4896	2192	15120	10	0	10	0	0	0	0	0	16	0	0	0	0	0	0	95	142	6	1	2	26
7213	-4912	2192	15136	10	0	10	0	0	0	0	0	16	0	0	0	0	0	0	95	142	5	1	2	26
7214	-4880	2192	15136	10	0	10	0	0	0	0	0	16	0	0	0	0	0	0	95	142	3	1	2	26
7215	-4592	2368	15136	10	0	10	0	0	0	0	0	16	0	0	0	0	0	0	95	142	3	1	2	37
7216	-4576	2384	15152	10	0	10	0	0	0	0	0	16	0	0	0	0	0	0	95	142	4	1	3	73
7217	-4560	2384	15152	10	0	10	0	0	0	0	0	16	0	0	0	0	0	0	95	142	6	6	6	1406
7218	-4672	2816	14832	10	0	10	0	0	0	0	0	16	0	0	0	0	0	0	95	142	32	22	36	1889
7219	-4544	2624	14800	10	0	10	0	0	0	0	0	16	0	0	0	0	0	0	95	142	94	903	112	2174
7220	-4576	2560	14832	10	0	10	0	0	0	0	0	16	0	0	0	0	0	0	95	142	102	912	131	2295
7221	-4576	2016	14816	10	0	10	0	0	0	0	0	16	0	0	0	0	0	0	95	142	597	1366	246	2249
7222	-4592	2128	14832	10	0	10	0	0	0	0	0	16	0	0	0	0	0	0	95	142	2227	1563	320	2040
7223	-4608	1968	14816	10	0	10	0	0	0	0	0	16	0	0	0	0	0	0	95	142	2415	1749	576	1675
7224	-4576	2400	15136	10	0	10	0	0	0	0	0	16	0	0	0	0	0	0	95	142	2630	2435	728	1619
7225	-4544	2624	15120	10	0	10	0	0	0	0	0	16	0	0	0	0	0	0	95	142	3111	3525	993	1696
7226	-4528	2256	15104	10	0	10	0	0	0	0	0	16	0	0	0	0	0	0	95	142	3172	4029	1393	1320
7227	-4576	2560	14832	10	0	10	0	0	0	0	0	16	0	0	0	0	0	0	95	142	3112	3169	1334	909
7228	-4576	2224	15120	10	0	10	0	0	0	0	0	16	0	8	0	0	0	0	95	142	3104	3161	1320	587
7229	-4608	2256	15136	10	0	10	0	0	0	0	0	16	0	0	0	0	0	0	95	142	2609	2707	1204	365
7230	-4560	2240	15104	10	0	10	0	0	0	0	0	16	0	0	0	0	0	0	95	142	979	2510	1130	225
7231	-4592	2208	15120	10	0	10	0	0	0	0	0	16	0	0	0	0	0	0	95	142	791	2324	875	139
7232	-4528	2208	15152	10	0	10	0	0	0	0	0	16	0	0	0	0	0	3	95	142	575	1638	723	92
7233	-4592	2224	15152	10	0	10	0	0	0	0	0	20	0	8	0	0	0	3	95	142	92	543	454	70
7234	-4576	2176	15104	10	0	10	0	0	0	0	0	16	0	0	0	0	0	23	95	142	6	23	25	60
7235	-4608	2336	15168	10	0	10	0	0	0	0	0	16	0	0	0	0	0	67	95	142	6	3	8	61
7236	-4896	2368	15152	10	0	10	0	0	0	0	0	16	0	0	0	0	0	89	95	142	5	3	4	56
7237	-4896	2384	15152	10	0	10	0	0	0	0	0	16	0	0	0	0	0	91	95	142	6	2	4	49
7238	-4896	2400	15136	10	0	10	0	0	0	0	0	16	0	8	0	0	0	96	95	142	6	2	4	43
7239	-4592	2176	15168	10	0	10	0	0	0	0	0	16	0	0	0	0	0	55	95	142	6	3	4	37
7240	-4608	2240	15184	10	0	10	0	0	0	0	0	16	0	0	0	0	19	0	95	142	6	3	4	32
7241	-4896	2240	15152	10	0	10	0	0	0	0	0	16	0	0	0	0	42	0	95	142	7	3	5	29
7242	-4896	2224	15184	10	0	10	0	0	0	0	0	16	0	0	0	0	48	0	95	142	5	2	4	28
7243	-4880	2176	15136	10	0	10	0	0	0	0	0	16	1	0	0	0	56	0	95	142	4	2	4	25
7244	-4560	2400	14816	10	0	10	0	0	0	0	0	16	0	0	0	0	90	0	95	142	4	2	3	23
7245	-4608	2416	14800	10	0	10	0	0	0	0	0	16	0	0	0	0	96	0	95	142	3	2	3	21
7246	-4528	2208	14784	10	0	10	0	0	0	0	0	16	0	0	0	0	95	0	95	142	3	1	3	20
7247	-4576	2352	14800	10	0	10	0	0	0	0	0	16	0	0	0	0	93	0	95	142	3	1	3	21
7248	-4576	2384	14832	10	0	10	0	0	0	0	0	16	0	0	0	0	90	0	95	142	3	1	3	21
7249	-4896	2416	15136	10	0	10	0	0	0	0	0	16	0	0	0	0	73	0	95	142	3	1	2	22
7250	-4608	2416	15136	10	0	10	0	0	0	0	0	16	0	0	0	0	19	0	95	142	3	1	2	21
7251	-4592	2176	15104	10	0	10	0	0	0	0	0	16	0	0	0	0	9	0	95	142	3	1	2	20
7252	-4592	2192	15104	10	0	10	0	0	0	0	0	16	0	0	0	0	4	0	95	142	3	1	2	20
7253	-4544	2384	15104	10	0	10	0	0	0	0	0	16	0	0	0	0	2	0	95	142	2	1	2	19
7254	-4880	2192	15120	10	0	10	0	0	0	0	0	16	0	0	0	0	3	0	95	142	3	1	2	20
7255	-4880	2208	15104	10	0	10	0	0	0	0	0	16	0	0	0	0	5	0	95	142	4	1	3	20
7256	-4544	2192	14816	10	0	10	0	0	0	0	0	16	0	0	0	0	1	0	95	142	4	1	3	20
7257	-4592	2176	14832	10	0	10	0	0	0	0	0	16	0	0	0	0	0	0	95	142	4	1	3	20
7258	-4544	2192	15136	10	0	10	0	0	0	0	0	16	0	0	0	0	0	0	95	142	4	1	3	22
7259	-4560	2192	14832	10	0	10	0	0	0	0	0	16	0	0	0	0	0	0	95	142	4	1	3	24
7260	-4576	2384	15104	10	0	10	0	0	0	0	0	16	0	0	0	0	0	0	95	142	4	1	3	23
7261	-4560	2400	15136	10	0	10	0	0	0	0	0	16	0	0	0	0	0	0	95	142	4	1	3	24
7262	-4608	2416	15152	10	0	10	0	0	0	0	0	16	0	0	0	0	0	0	95	142	5	1	3	26
7263	-4592	2176	15216	10	0	10	0	0	0	0	0	16	0	0	0	0	0	0	95	142	5	1	3	24
7264	-4880	2208	15168	10	0	10	0	0	0	0	0	16	0	0	0	0	0	0	95	142	4	1	3	21
7265	-4592	2400	15120	10	0	10	0	0	0	0	0	16	0	0	0	0	0	0	95	142	4	1	3	19
7266	-4512	2192	15104	10	0	10	0	0	0	0	0	16	0	0	0	0	0	0	95	142	3	1	3	20
7267	-4592	2384	15120	10	0	10	0	0	0	0	0	16	0	0	0	0	0	0	95	142	4	1	3	19
7268	-4592	2384	14800	10	0	10	0	0	0	0	0	16	0	0	0	0	0	0	95	142	4	1	3	20
7269	-4576	2400	15120	10	0	10	0	0	0	0	0	16	0	0	0	0	0	0	95	142	4	1	3	21
7270	-4592	2384	15104	10	0	10	0	0	0	0	0	16	0	0	0	0	0	0	95	142	4	1	3	22
7271	-4544	2400	14832	10	0	10	0	0	0	0	0	16	0	0	0	0	0	0	95	142	4	1	2	23
7272	-4608	2416	15136	10	0	10	0	0	0	0	0	16	0	0	0	0	0	0	95	142	3	1	2	23
7273	-4592	2416	15168	10	0	10	0	0	0	0	0	16	0	0	0	0	0	0	95	142	3	1	3	21
7274	-4560	2368	15152	10	0	10	0	0	0	0	0	16	0	0	0	0	0	0	95	142	4	1	3	21
7275	-4592	2336	15120	10	0	10	0	0	0	0	0	16	0	0	0	0	0	0	95	142	3	1	3	21
7276	-4560	2352	15120	10	0	10	0	0	0	0	0	16	0	0	0	0	0	0	95	142	4	1	3	21
7277	-4528	2400	15216	10	0	10	0	0	0	0	0	16	0	0	0	0	0	0	95	142	4	1	3	32
7278	-4608	2240	15136	10	0	10	0	0	0	0	0	16	0	0	0	0	0	0	95	142	3	1	3	717
7279	-4880	2256	15104	10	0	10	0	0	0	0	0	16	0	0	0	0	0	0	95	142	120	25	16	1106
7280	-4912	2176	14784	10	0	10	0	0	0	0	0	16	0	0	0	0	0	0	95	142	526	326	53	1775
7281	-4592	2176	14816	10	0	10	0	0	0	0	0	16	0	0	0	0	0	0	95	142	2961	2010	296	2187
7282	-4880	2224	14720	10	0	10	0	0	0	0	0	16	0	0	0	0	0	0	95	142	3209	2485	411	2385
7283	-4944	2416	14944	10	0	10	0	0	0	0	0	16	0	0	0	0	0	0	95	142	5216	2970	602	2260
7284	-4592	2384	15104	10	0	10	0	0	0	0	0	16	0	0	0	0	0	0	95	142	5411	3089	675	1992
7285	-4912	2240	15120	10	0	10	0	0	0	0	0	16	0	0	0	0	0	0	95	142	5739	3177	727	1753
7286	-4576	2176	15184	10	0	10	0	0	0	0	0	16	0	0	0	0	0	0	95	142	6478	3282	773	1447
7287	-4592	2176	15168	10	0	10	0	0	0	0	0	16	0	0	0	0	0	0	95	142	6390	3270	772	1035
7288	-4592	2240	15136	10	0	10	0	0	0	0	0	16	0	0	0	0	0	0	95	142	5984	2970	738	679
7289	-4576	2192	15104	10	0	10	0	0	0	0	0	16	0	0	0	0	0	0	95	142	3550	1287	495	425
7290	-4608	2224	15136	10	0	10	0	0	0	0	0	16	0	8	0	0	0	0	95	142	3301	812	380	259
7291	-4608	2272	14832	10	0	10	0	0	0	0	0	16	0	0	0	0	0	1	95	142	1294	327	188	162
7292	-4592	2192	15104	10	0	10	0	0	0	0	0	16	0	0	0	0	0	1	95	142	1099	208	115	101
7293	-4528	2416	15104	10	0	10	0	0	0	0	0	16	0	0	0	0	0	6	95	142	771	119	64	66
7294	-4560	2176	15168	10	0	10	0	0	0	0	0	16	0	0	0	0	0	10	95	142	32	15	17	48
7295	-4528	2192	15136	10	0	10	0	0	0	0	0	20	0	8	0	0	0	24	95	142	4	3	6	43
7296	-4560	2416	15168	10	0	10	0	0	0	0	0	16	0	0	0	0	0	52	95	142	4	2	3	40
7297	-4608	2416	15152	10	0	10	0	0	0	0	0	16	0	0	0	0	0	84	95	142	5	2	3	40
7298	-4592	2272	15184	10	0	10	0	0	0	0	0	16	0	0	0	0	0	91	95	142	6	3	3	44
7299	-4592	2384	15120	10	0	10	0	0	0	0	0	16	0	0	0	0	0	92	95	142	9	3	3	45
7300	-4592	2368	15104	10	0	10	0	0	0	0	0	16	0	8	0	0	0	85	95	142	9	2	3	42
7301	-4592	2176	15104	10	0	10	0	0	0	0	0	16	0	0	0	0	8	3	95	142	9	2	3	38
7302	-4544	2368	14832	10	0	10	0	0	0	0	0	16	0	0	0	0	42	0	95	142	9	2	3	36
7303	-4608	2176	14832	10	0	10	0	0	0	0	0	16	0	0	0	0	45	0	95	142	8	2	3	33
7304	-4512	2176	14832	10	0	10	0	0	0	0	0	16	0	0	0	0	47	0	95	142	9	2	3	28
7305	-4544	2416	15120	10	0	10	0	0	0	0	0	16	1	0	0	0	53	0	95	142	7	2	3	25
7306	-4544	2176	15136	10	0	10	0	0	0	0	0	16	0	0	0	1	83	0	95	142	6	1	3	23
7307	-4576	2400	15104	10	0	10	0	0	0	0	0	16	0	0	0	3	90	0	95	142	4	1	3	22
7308	-4560	2352	15120	10	0	10	0	0	0	0	0	16	0	0	0	1	87	0	95	142	4	1	3	22
7309	-4544	2400	15184	10	0	10	0	0	0	0	0	16	0	0	0	0	84	0	95	142	4	1	3	21
7310	-4592	2208	15152	10	0	10	0	0	0	0	0	16	0	0	0	0	68	0	95	142	3	1	3	21
7311	-4592	2208	15168	10	0	10	0	0	0	0	0	16	0	0	0	0	15	0	95	142	3	1	3	22
7312	-4528	2416	15120	10	0	10	0	0	0	0	0	16	0	0	0	0	7	0	95	142	3	1	3	22
7313	-4576	2192	15136	10	0	10	0	0	0	0	0	16	0	0	0	0	3	0	95	142	2	1	3	22
7314	-4496	2224	15120	10	0	10	0	0	0	0	0	16	0	0	0	0	3	0	95	142	2	1	3	22
7315	-4560	2416	15104	10	0	10	0	0	0	0	0	16	0	0	0	0	2	0	95	142	3	1	3	21
7316	-4496	2416	15120	10	0	10	0	0	0	0	0	16	0	0	0	0	1	0	95	142	2	1	2	20
7317	-4720	2416	15104	10	0	10	0	0	0	0	0	16	0	0	0	0	0	0	95	142	2	1	3	19
7318	-4496	2416	15120	10	0	10	0	0	0	0	0	16	0	0	0	0	0	0	95	142	3	1	2	20
7319	-4576	2416	15152	10	0	10	0	0	0	0	0	16	0	0	0	0	0	0	95	142	3	1	2	23
7320	-4528	2416	15184	10	0	10	0	0	0	0	0	16	0	0	0	0	0	0	95	142	3	1	2	23
7321	-4512	2208	15184	10	0	10	0	0	0	0	0	16	0	0	0	0	0	0	95	142	3	1	2	22
7322	-4496	2192	15200	10	0	10	0	0	0	0	0	16	0	0	0	0	0	0	95	142	3	1	2	21
7323	-4704	2176	15120	10	0	10	0	0	0	0	0	16	0	0	0	0	0	0	95	142	3	1	2	20
7324	-4512	2384	15136	10	0	10	0	0	0	0	0	16	0	0	0	0	0	0	95	142	3	1	2	20
7325	-4528	2176	15104	10	0	10	0	0	0	0	0	16	0	0	0	0	0	0	95	142	3	1	2	21
7326	-4544	2400	15104	10	0	10	0	0	0	0	0	16	0	0	0	0	0	0	95	142	3	1	2	21
7327	-4576	2400	14832	10	0	10	0	0	0	0	0	16	0	0	0	0	0	0	95	142	2	0	2	21
7328	-4592	2416	15152	10	0	10	0	0	0	0	0	16	0	0	0	0	0	0	95	142	2	1	2	19
7329	-4544	2176	15152	10	0	10	0	0	0	0	0	16	0	0	0	0	0	0	95	142	2	1	2	18
7330	-4544	2416	15152	10	0	10	0	0	0	0	0	16	0	0	0	0	0	0	95	142	2	1	3	21
7331	-4528	2400	15120	10	0	10	0	0	0	0	0	16	0	0	0	0	0	0	95	142	2	1	3	22
7332	-4528	2224	15152	10	0	10	0	0	0	0	0	16	0	0	0	0	0	0	95	142	2	1	3	23
7333	-4592	2208	15184	10	0	10	0	0	0	0	0	16	0	0	0	0	0	0	95	142	2	1	3	23
7334	-4560	2400	14992	10	0	10	0	0	0	0	0	16	0	0	0	0	0	0	95	142	2	1	3	34
7335	-4912	2208	15120	10	0	10	0	0	0	0	0	16	0	0	0	0	0	0	95	142	4	4	4	1100
7336	-4720	2144	14912	10	0	10	0	0	0	0	0	16	0	0	0	0	0	0	95	142	46	80	22	2138
7337	-4544	2112	15136	10	0	10	0	0	0	0	0	16	0	0	0	0	0	0	95	142	5417	4077	93	2353
7338	-4576	1712	15120	10	0	10	0	0	0	0	0	16	0	0	0	0	0	0	95	142	5417	4089	108	2544
7339	-4496	1920	15152	10	0	10	0	0	0	0	0	16	0	0	0	0	0	0	95	142	5658	4153	171	2960
7340	-4560	2368	15152	10	0	10	0	0	0	0	0	16	0	0	0	0	0	0	95	142	5714	4277	212	2827
7341	-4736	2624	15184	10	0	10	0	0	0	0	0	16	0	0	0	0	0	0	95	142	8337	4618	402	2212
7342	-4512	2256	15152	10	0	10	0	0	0	0	0	16	0	0	0	0	0	0	95	142	8398	4648	415	1530
7343	-4560	2192	15184	10	0	10	0	0	0	0	0	16	0	0	0	0	0	0	95	142	8397	4651	435	1007
7344	-4544	2176	15136	10	0	10	0	0	0	0	0	16	0	0	0	0	0	0	95	142	8354	4575	422	653
7345	-4896	2368	15136	10	0	10	0	0	0	0	0	16	0	0	0	0	0	0	95	142	2984	590	368	417
7346	-4592	2320	14832	10	0	10	0	0	0	0	0	16	0	8	0	0	0	0	95	142	2986	580	360	267
7347	-4560	2384	15104	10	0	10	0	0	0	0	0	16	0	0	0	0	0	0	95	142	2745	516	299	168
7348	-4576	2368	15104	10	0	10	0	0	0	0	0	16	0	0	0	0	0	1	95	142	2690	392	258	107
7349	-4528	2400	15104	10	0	10	0	0	0	0	0	16	0	0	0	0	0	4	95	142	67	51	69	70
7350	-4560	2176	15104	10	0	10	0	0	0	0	0	16	0	0	0	0	0	17	95	142	7	21	55	47
7351	-4576	2416	14816	10	0	10	0	0	0	0	0	20	0	8	0	0	0	16	95	142	7	15	34	36
7352	-4544	2416	15120	10	0	10	0	0	0	0	0	16	0	0	0	0	0	31	95	142	6	14	28	34
7353	-4736	2416	15136	10	0	10	0	0	0	0	0	16	0	0	0	0	0	82	95	142	6	3	12	42
7354	-4528	2176	15104	10	0	10	0	0	0	0	0	16	0	0	0	0	0	94	95	142	6	3	6	56
7355	-4560	2192	14832	10	0	10	0	0	0	0	0	16	0	0	0	0	0	94	95	142	5	8	5	63
7356	-4880	2224	15120	10	0	10	0	0	0	0	0	16	0	8	0	0	0	96	95	142	6	9	6	65
7357	-4560	2208	15184	10	0	10	0	0	0	0	0	16	0	0	0	0	2	50	95	142	7	9	7	66
7358	-4576	2224	15136	10	0	10	0	0	0	0	0	16	0	0	0	0	33	0	95	142	8	10	7	61
7359	-4576	2192	15136	10	0	10	0	0	0	0	0	16	0	0	0	0	42	0	95	142	8	10	7	53
7360	-4880	2400	15136	10	0	10	0	0	0	0	0	16	0	0	0	0	47	0	95	142	9	10	7	47
7361	-4608	2384	15120	10	0	10	0	0	0	0	0	16	0	0	0	0	47	0	95	142	9	10	7	38
7362	-4896	2400	15216	10	0	10	0	0	0	0	0	16	1	0	0	0	72	0	95	142	8	8	6	31
7363	-4576	2416	15152	10	0	10	0	0	0	0	0	16	0	0	0	3	92	0	95	142	8	4	5	29
7364	-4912	2208	15104	10	0	10	0	0	0	0	0	16	0	0	0	6	90	0	95	142	6	2	3	28
7365	-4592	2176	15136	10	0	10	0	0	0	0	0	16	0	0	0	3	86	0	95	142	4	2	3	25
7366	-4512	2176	15104	10	0	10	0	0	0	0	0	16	0	0	0	0	83	0	95	142	4	1	3	23
7367	-4496	2192	15104	10	0	10	0	0	0	0	0	16	0	0	0	0	51	0	95	142	4	1	3	21
7368	-4576	2240	15168	10	0	10	0	0	0	0	0	16	0	0	0	0	6	0	95	142	2	1	3	18
7369	-4592	2192	15168	10	0	10	0	0	0	0	0	16	0	0	0	0	3	0	95	142	2	1	3	18
7370	-4608	2208	15136	10	0	10	0	0	0	0	0	16	0	0	0	0	3	0	95	142	2	1	3	19
7371	-4880	2176	15200	10	0	10	0	0	0	0	0	16	0	0	0	0	2	0	95	142	2	1	3	20
7372	-4560	2208	15168	10	0	10	0	0	0	0	0	16	0	0	0	0	1	0	95	142	2	1	3	18
7373	-4608	2224	15152	10	0	10	0	0	0	0	0	16	0	0	0	0	0	0	95	142	2	1	3	17
7374	-4544	2224	15120	10	0	10	0	0	0	0	0	16	0	0	0	0	0	0	95	142	2	1	3	18
7375	-4512	2416	15152	10	0	10	0	0	0	0	0	16	0	0	0	0	0	0	95	142	2	1	3	18
7376	-4736	2416	15200	10	0	10	0	0	0	0	0	16	0	0	0	0	0	0	95	142	2	1	3	18
7377	-4528	2384	15184	10	0	10	0	0	0	0	0	16	0	0	0	0	0	0	95	142	2	1	3	18
7378	-4576	2176	15168	10	0	10	0	0	0	0	0	16	0	0	0	0	0	0	95	142	2	1	3	20
7379	-4560	2368	15136	10	0	10	0	0	0	0	0	16	0	0	0	0	0	0	95	142	2	1	3	21
7380	-4576	2336	15152	10	0	10	0	0	0	0	0	16	0	0	0	0	0	0	95	142	2	1	3	19
7381	-4608	2384	15152	10	0	10	0	0	0	0	0	16	0	0	0	0	0	0	95	142	2	1	3	18
7382	-4576	2256	15104	10	0	10	0	0	0	0	0	16	0	0	0	0	0	0	95	142	2	1	3	17
7383	-4880	2176	15104	10	0	10	0	0	0	0	0	16	0	0	0	0	0	0	95	142	2	1	3	19
7384	-4576	2224	15136	10	0	10	0	0	0	0	0	16	0	0	0	0	0	0	95	142	2	1	3	21
7385	-4736	2176	15184	10	0	10	0	0	0	0	0	16	0	0	0	0	0	0	95	142	2	1	3	21
7386	-4720	2304	15136	10	0	10	0	0	0	0	0	16	0	0	0	0	0	0	95	142	2	1	3	23
7387	-4704	2368	15168	10	0	10	0	0	0	0	0	16	0	0	0	0	0	0	95	142	2	1	3	21
7388	-4720	2384	15184	10	0	10	0	0	0	0	0	16	0	0	0	0	0	0	95	142	2	1	3	21
7389	-4496	2192	15200	10	0	10	0	0	0	0	0	16	0	0	0	0	0	0	95	142	2	1	3	21
7390	-4528	2208	15152	10	0	10	0	0	0	0	0	16	0	0	0	0	0	0	95	142	2	1	2	22
7391	-4528	2384	15184	10	0	10	0	0	0	0	0	16	0	0	0	0	0	0	95	142	2	1	2	25
7392	-4576	2176	15136	10	0	10	0	0	0	0	0	16	0	0	0	0	0	0	95	142	3	1	2	535
7393	-4880	2272	15136	10	0	10	0	0	0	0	0	16	0	0	0	0	0	0	95	142	173	22	15	1606
7394	-4576	2352	14752	10	0	10	0	0	0	0	0	16	0	0	0	0	0	0	95	142	5042	683	331	2251
7395	-4576	2416	14768	10	0	10	0	0	0	0	0	16	0	0	0	0	0	0	95	142	5387	884	470	2496
7396	-4608	2336	14800	10	0	10	0	0	0	0	0	16	0	0	0	0	0	0	95	142	6226	1486	659	3870
7397	-4560	2368	15200	10	0	10	0	0	0	0	0	16	0	0	0	0	0	0	95	142	30303	6279	1656	3897
7398	-4544	2336	14784	10	0	10	0	0	0	0	0	16	0	0	0	0	0	0	95	142	31499	6864	1778	3486
7399	-4544	2416	15200	10	0	10	0	0	0	0	0	16	0	0	0	0	0	0	95	142	31848	6899	1864	2931
7400	-4912	2368	14800	10	0	10	0	0	0	0	0	16	0	0	0	0	0	0	95	142	32747	7018	1924	2849
7401	-4608	2256	14784	10	0	10	0	0	0	0	0	16	0	0	0	0	0	0	95	142	33817	7423	2189	2275
7402	-4560	2416	15120	10	0	10	0	0	0	0	0	16	0	0	0	0	0	0	95	142	29120	6810	1885	1771
7403	-4608	2176	14800	10	0	10	0	0	0	0	0	16	0	0	0	0	0	0	95	142	28876	6623	1757	1247
7404	-4576	2224	14832	10	0	10	0	0	0	0	0	16	0	0	0	0	0	0	95	142	28058	6025	1571	809
7405	-4576	2416	15136	10	0	10	0	0	0	0	0	16	0	8	0	0	0	0	95	142	3982	1232	573	501
7406	-4592	2368	15136	10	0	10	0	0	0	0	0	16	0	0	0	0	0	0	95	142	2785	647	451	303
7407	-4528	2384	15120	10	0	10	0	0	0	0	0	16	0	0	0	0	0	0	95	142	2437	612	366	183
7408	-4608	2416	15136	10	0	10	0	0	0	0	0	16	0	0	0	0	0	1	95	142	1537	493	305	112
7409	-4576	2176	15104	10	0	10	0	0	0	0	0	16	0	0	0	0	0	3	95	142	297	68	28	71
7410	-4576	2416	15120	10	0	10	0	0	0	0	0	20	0	8	0	0	0	33	95	142	125	19	16	50
7411	-4576	2400	15152	10	0	10	0	0	0	0	0	16	0	0	0	0	0	57	95	142	25	6	5	38
7412	-4880	2176	15200	10	0	10	0	0	0	0	0	16	0	0	0	0	0	80	95	142	2	1	3	32
7413	-4896	2240	15168	10	0	10	0	0	0	0	0	16	0	0	0	0	0	89	95	142	2	1	3	28
7414	-4560	2560	14976	10	0	10	0	0	0	0	0	16	0	0	0	0	0	92	95	142	2	1	3	24
7415	-4496	2272	15168	10	0	10	0	0	0	0	0	16	0	8	0	0	1	21	95	142	2	1	3	22
7416	-4512	2624	15136	10	0	10	0	0	0	0	0	16	0	0	0	0	30	5	95	142	2	1	3	21
7417	-4736	2224	15152	10	0	10	0	0	0	0	0	16	0	0	0	0	44	0	95	142	2	1	3	41
7418	-4672	2272	15200	10	0	10	0	0	0	0	0	16	0	0	0	0	48	0	95	142	2	1	3	48
7419	-4688	2208	15200	10	0	10	0	0	0	0	0	16	1	0	0	0	74	0	95	142	2	1	3	59
7420	-4496	2352	15184	10	0	10	0	0	0	0	0	16	0	0	0	0	96	0	95	142	5	5	4	52
7421	-4576	2400	15136	10	0	10	0	0	0	0	0	16	0	0	0	0	97	0	95	142	4	5	4	46
7422	-4896	2400	14816	10	0	10	0	0	0	0	0	16	0	0	0	0	95	0	95	142	5	5	4	41
7423	-4896	2208	15104	10	0	10	0	0	0	0	0	16	0	0	0	0	94	0	95	142	5	5	4	39
7424	-4576	2240	15104	10	0	10	0	0	0	0	0	16	0	0	0	0	87	0	95	142	5	5	4	44
7425	-4560	2416	15136	10	0	10	0	0	0	0	0	16	0	0	0	0	64	0	95	142	6	6	5	53
7426	-4896	2176	15136	10	0	10	0	0	0	0	0	16	0	0	0	0	31	0	95	142	9	6	5	59
7427	-4528	2416	15136	10	0	10	0	0	0	0	0	16	0	0	0	0	12	0	95	142	9	6	5	58
7428	-4592	2416	15168	10	0	10	0	0	0	0	0	16	0	0	0	0	6	0	95	142	7	2	5	59
7429	-4576	2416	15184	10	0	10	0	0	0	0	0	16	0	0	0	0	4	0	95	142	8	3	5	66
7430	-4528	2208	15184	10	0	10	0	0	0	0	0	16	0	0	0	0	5	0	95	142	9	3	5	74
7431	-4560	2400	15168	10	0	10	0	0	0	0	0	16	0	0	0	0	14	0	95	142	14	5	5	71
7432	-4576	2368	14976	10	0	10	0	0	0	0	0	16	0	0	0	0	3	0	95	142	17	6	5	68
7433	-4928	2224	15184	10	0	10	0	0	0	0	0	16	0	0	0	0	0	0	95	142	18	6	4	70
7434	-4912	2224	15200	10	0	10	0	0	0	0	0	16	0	0	0	0	0	0	95	142	16	5	4	67
7435	-4576	2272	15136	10	0	10	0	0	0	0	0	16	0	0	0	0	0	0	95	142	18	5	4	62
7436	-4896	2208	15120	10	0	10	0	0	0	0	0	16	0	0	0	0	0	0	95	142	18	6	4	57
7437	-4896	2384	15136	10	0	10	0	0	0	0	0	16	0	0	0	0	0	0	95	142	18	6	4	54
7438	-4560	2368	15136	10	0	10	0	0	0	0	0	16	0	0	0	0	0	0	95	142	19	5	3	52
7439	-4544	2336	15184	10	0	10	0	0	0	0	0	16	0	0	0	0	0	0	95	142	13	3	3	45
7440	-4560	2416	15152	10	0	10	0	0	0	0	0	16	0	0	0	0	0	0	95	142	11	3	3	38
7441	-4576	2192	15120	10	0	10	0	0	0	0	0	16	0	0	0	0	0	0	95	142	9	3	4	33
7442	-4592	2416	14832	10	0	10	0	0	0	0	0	16	0	0	0	0	0	0	95	142	7	3	4	30
7443	-4576	2176	15104	10	0	10	0	0	0	0	0	16	0	0	0	0	0	0	95	142	5	3	4	27
7444	-4544	2352	15136	10	0	10	0	0	0	0	0	16	0	0	0	0	0	0	95	142	4	2	3	23
7445	-4896	2368	15120	10	0	10	0	0	0	0	0	16	0	0	0	0	0	0	95	142	4	2	3	23
7446	-4560	2352	15136	10	0	10	0	0	0	0	0	16	0	0	0	0	0	0	95	142	2	1	3	22
7447	-4608	2400	15120	10	0	10	0	0	0	0	0	16	0	0	0	0	0	0	95	142	2	1	3	22
7448	-4560	2256	15168	10	0	10	0	0	0	0	0	16	0	0	0	0	0	0	95	142	2	1	3	20
7449	-4544	2224	15152	10	0	10	0	0	0	0	0	16	0	0	0	0	0	0	95	142	2	1	2	18
7450	-4560	2192	15136	10	0	10	0	0	0	0	0	16	0	0	0	0	0	0	95	142	2	1	2	19
7451	-4560	2400	15120	10	0	10	0	0	0	0	0	16	0	0	0	0	0	0	95	142	2	1	2	21
7452	-4608	2176	15152	10	0	10	0	0	0	0	0	16	0	0	0	0	0	0	95	142	3	1	3	222
7453	-4592	2176	14832	10	0	10	0	0	0	0	0	16	0	0	0	0	0	0	95	142	16	8	14	435
7454	-4544	2256	15120	10	0	10	0	0	0	0	0	16	0	0	0	0	0	0	95	142	18	12	90	863
7455	-4592	2288	15040	10	0	10	0	0	0	0	0	16	0	0	0	0	0	0	95	142	434	46	141	1193
7456	-4576	2400	15360	10	0	10	0	0	0	0	0	16	0	0	0	0	0	0	95	142	443	62	233	1805
7457	-4912	2400	15152	10	0	10	0	0	0	0	0	16	0	0	0	0	0	0	95	142	3364	184	400	2251
7458	-4560	2352	15200	10	0	10	0	0	0	0	0	16	0	0	0	0	0	0	95	142	3684	464	582	1977
7459	-4688	2352	15120	10	0	10	0	0	0	0	0	16	0	0	0	0	0	0	95	142	3692	502	690	1862
7460	-4880	2208	14912	10	0	10	0	0	0	0	0	16	0	0	0	0	0	0	95	142	3849	549	744	1827
7461	-4720	1984	14960	10	0	10	0	0	0	0	0	16	0	0	0	0	0	0	95	142	5772	879	923	1714
7462	-4736	2016	14928	10	0	10	0	0	0	0	0	16	0	0	0	0	0	0	95	142	5796	1057	912	1451
7463	-4528	2032	14752	10	0	10	0	0	0	0	0	16	0	0	0	0	0	0	95	142	5436	1061	891	1052
7464	-4560	2416	15120	10	0	10	0	0	0	0	0	16	0	0	0	0	0	0	95	142	5426	1050	808	695
7465	-4576	2176	15104	10	0	10	0	0	0	0	0	16	0	0	0	0	0	0	95	142	2506	929	641	436
7466	-4560	2208	15136	10	0	10	0	0	0	0	0	16	0	8	0	0	0	0	95	142	2186	648	459	268
7467	-4528	2192	15152	10	0	10	0	0	0	0	0	16	0	0	0	0	0	0	95	142	2178	611	351	164
7468	-4544	2176	15168	10	0	10	0	0	0	0	0	16	0	0	0	0	0	2	95	142	2020	564	297	103
7469	-4576	2400	15184	10	0	10	0	0	0	0	0	16	0	0	0	0	0	7	95	142	84	227	107	66
7470	-4608	2416	15184	10	0	10	0	0	0	0	0	16	0	0	0	0	0	22	95	142	58	45	42	47
7471	-4560	2384	15216	10	0	10	0	0	0	0	0	20	0	8	0	0	0	46	95	142	3	8	12	41
7472	-4736	2416	15200	10	0	10	0	0	0	0	0	16	0	0	0	0	0	63	95	142	2	1	3	42
7473	-4528	2416	15152	10	0	10	0	0	0	0	0	16	0	0	0	0	0	78	95	142	2	2	3	43
7474	-4560	2400	15152	10	0	10	0	0	0	0	0	16	0	0	0	0	0	83	95	142	2	2	3	42
7475	-4544	2416	15184	10	0	10	0	0	0	0	0	16	0	0	0	0	0	85	95	142	2	2	3	45
7476	-4880	2384	15216	10	0	10	0	0	0	0	0	16	0	8	0	0	4	52	95	142	3	2	3	44
7477	-4576	2416	15136	10	0	10	0	0	0	0	0	16	0	0	0	0	38	2	95	142	3	2	3	42
7478	-4592	2416	15168	10	0	10	0	0	0	0	0	16	0	0	0	0	44	0	95	142	3	2	3	38
7479	-4608	2176	15184	10	0	10	0	0	0	0	0	16	0	0	0	0	46	0	95	142	4	3	3	32
7480	-4560	2368	15184	10	0	10	0	0	0	0	0	16	0	0	0	0	48	0	95	142	4	2	3	27
7481	-4544	2400	15152	10	0	10	0	0	0	0	0	16	1	0	0	0	66	0	95	142	5	2	3	25
7482	-4704	2400	15200	10	0	10	0	0	0	0	0	16	0	0	0	0	86	0	95	142	4	2	3	22
7483	-4496	2416	15104	10	0	10	0	0	0	0	0	16	0	0	0	0	88	0	95	142	4	2	3	24
7484	-4496	2416	15120	10	0	10	0	0	0	0	0	16	0	0	0	0	83	0	95	142	4	2	3	25
7485	-4544	2416	15136	10	0	10	0	0	0	0	0	16	0	0	0	0	72	0	95	142	4	1	3	23
7486	-4608	2384	15136	10	0	10	0	0	0	0	0	16	0	0	0	0	28	0	95	142	3	1	2	23
7487	-4560	2320	15136	10	0	10	0	0	0	0	0	16	0	0	0	0	15	0	95	142	3	1	2	20
7488	-4592	2400	15152	10	0	10	0	0	0	0	0	16	0	0	0	0	8	0	95	142	2	1	2	19
7489	-4544	2416	15152	10	0	10	0	0	0	0	0	16	0	0	0	0	5	0	95	142	2	1	2	19
7490	-4560	2400	15136	10	0	10	0	0	0	0	0	16	0	0	0	0	4	0	95	142	2	1	3	19
7491	-4544	2320	15120	10	0	10	0	0	0	0	0	16	0	0	0	0	4	0	95	142	2	1	3	19
7492	-4528	2400	15120	10	0	10	0	0	0	0	0	16	0	0	0	0	3	0	95	142	2	1	2	20
7493	-4576	2320	15104	10	0	10	0	0	0	0	0	16	0	0	0	0	0	0	95	142	3	1	3	19
7494	-4576	2352	15120	10	0	10	0	0	0	0	0	16	0	0	0	0	0	0	95	142	3	1	3	19
7495	-4576	2176	15104	10	0	10	0	0	0	0	0	16	0	0	0	0	0	0	95	142	3	1	3	21
7496	-4560	2224	14816	10	0	10	0	0	0	0	0	16	0	0	0	0	0	0	95	142	3	1	3	20
7497	-4560	2208	15120	10	0	10	0	0	0	0	0	16	0	0	0	0	0	0	95	142	3	1	3	21
7498	-4576	2400	15136	10	0	10	0	0	0	0	0	16	0	0	0	0	0	0	95	142	3	1	3	20
7499	-4592	2416	15120	10	0	10	0	0	0	0	0	16	0	0	0	0	0	0	95	142	3	1	3	19
7500	-4576	2192	15152	10	0	10	0	0	0	0	0	16	0	0	0	0	0	0	95	142	3	1	3	18
7501	-4576	2176	14816	10	0	10	0	0	0	0	0	16	0	0	0	0	0	0	95	142	2	1	3	18
7502	-4544	2192	15104	10	0	10	0	0	0	0	0	16	0	0	0	0	0	0	95	142	2	1	2	19
7503	-4512	2416	15152	10	0	10	0	0	0	0	0	16	0	0	0	0	0	0	95	142	2	1	2	19
7504	-4528	2400	15168	10	0	10	0	0	0	0	0	16	0	0	0	0	0	0	95	142	2	1	3	19
7505	-4560	2400	15168	10	0	10	0	0	0	0	0	16	0	0	0	0	0	0	95	142	2	1	3	19
7506	-4544	2416	15136	10	0	10	0	0	0	0	0	16	0	0	0	0	0	0	95	142	3	1	3	19
7507	-4496	2400	15168	10	0	10	0	0	0	0	0	16	0	0	0	0	0	0	95	142	3	1	3	24
7508	-4592	2336	15168	10	0	10	0	0	0	0	0	16	0	0	0	0	0	0	95	142	3	1	3	25
7509	-4544	2256	15152	10	0	10	0	0	0	0	0	16	0	0	0	0	0	0	95	142	3	1	2	22
7510	-4512	2208	15184	10	0	10	0	0	0	0	0	16	0	0	0	0	0	0	95	142	4	1	3	30
7511	-4528	2272	15184	10	0	10	0	0	0	0	0	16	0	0	0	0	0	0	95	142	4	1	3	255
7512	-4608	2416	15120	10	0	10	0	0	0	0	0	16	0	0	0	0	0	0	95	142	49	9	27	898
7513	-4576	2560	15136	10	0	10	0	0	0	0	0	16	0	0	0	0	0	0	95	142	772	133	82	1463
7514	-4512	2192	15008	10	0	10	0	0	0	0	0	16	0	0	0	0	0	0	95	142	2842	211	208	1988
7515	-4880	2208	15184	10	0	10	0	0	0	0	0	16	0	0	0	0	0	0	95	142	6923	1316	356	2390
7516	-4672	2560	14976	10	0	10	0	0	0	0	0	16	0	0	0	0	0	0	95	142	7240	1543	447	2417
7517	-4512	2240	15136	10	0	10	0	0	0	0	0	16	0	0	0	0	0	0	95	142	7409	1575	498	2170
7518	-4560	2208	15152	10	0	10	0	0	0	0	0	16	0	0	0	0	0	0	95	142	7893	1598	541	1654
7519	-4592	2224	15152	10	0	10	0	0	0	0	0	16	0	0	0	0	0	0	95	142	7895	1634	616	1225
7520	-4608	2192	15184	10	0	10	0	0	0	0	0	16	0	0	0	0	0	0	95	142	7921	1648	609	857
7521	-4608	2400	15216	10	0	10	0	0	0	0	0	16	0	0	0	0	0	0	95	142	7199	1525	559	558
7522	-4576	2416	15120	10	0	10	0	0	0	0	0	16	0	0	0	0	0	0	95	142	5130	1448	433	347
7523	-4608	2384	15168	10	0	10	0	0	0	0	0	16	0	0	0	0	0	1	95	142	1048	343	285	213
7524	-4576	2416	15136	10	0	10	0	0	0	0	0	16	0	8	0	0	0	1	95	142	731	116	195	132
7525	-4560	2176	14832	10	0	10	0	0	0	0	0	16	0	0	0	0	0	2	95	142	561	83	143	84
7526	-4496	2176	15104	10	0	10	0	0	0	0	0	16	0	0	0	0	0	7	95	142	77	60	101	56
7527	-4544	2176	15136	10	0	10	0	0	0	0	0	16	0	0	0	0	0	19	95	142	75	24	25	46
7528	-4592	2416	15136	10	0	10	0	0	0	0	0	16	0	0	0	0	0	20	95	142	5	2	8	46
7529	-4576	2176	14832	10	0	10	0	0	0	0	0	20	0	8	0	0	0	38	95	142	5	1	4	48
7530	-4528	2400	15104	10	0	10	0	0	0	0	0	16	0	0	0	0	0	82	95	142	5	1	3	49
7531	-4544	2352	14832	10	0	10	0	0	0	0	0	16	0	0	0	0	0	93	95	142	6	2	3	46
7532	-4544	2400	14832	10	0	10	0	0	0	0	0	16	0	0	0	0	0	93	95	142	6	2	3	42
7533	-4576	2336	15120	10	0	10	0	0	0	0	0	16	0	0	0	0	0	91	95	142	7	2	3	37
7534	-4576	2416	15136	10	0	10	0	0	0	0	0	16	0	0	0	0	4	17	95	142	8	2	3	32
7535	-4528	2208	15168	10	0	10	0	0	0	0	0	16	0	0	0	0	42	0	95	142	9	2	3	29
7536	-4576	2176	15184	10	0	10	0	0	0	0	0	16	0	0	0	0	43	0	95	142	7	2	3	28
7537	-4496	2352	15184	10	0	10	0	0	0	0	0	16	0	0	0	0	46	0	95	142	7	2	3	27
7538	-4560	2176	15152	10	0	10	0	0	0	0	0	16	0	0	0	1	46	0	95	142	7	2	3	25
7539	-4896	2352	15136	10	0	10	0	0	0	0	0	16	1	0	0	1	64	0	95	142	5	2	2	23
7540	-4880	2416	14832	10	0	10	0	0	0	0	0	16	0	0	0	8	87	0	95	142	5	1	2	22
7541	-4528	2288	15120	10	0	10	0	0	0	0	0	16	0	0	0	10	86	0	95	142	4	1	2	21
7542	-4576	2224	15104	10	0	10	0	0	0	0	0	16	0	0	0	6	81	0	95	142	4	1	3	20
7543	-4544	2224	15152	10	0	10	0	0	0	0	0	16	0	0	0	1	74	0	95	142	3	1	3	20
7544	-4544	2416	15152	10	0	10	0	0	0	0	0	16	0	0	0	0	26	0	95	142	2	1	2	20
7545	-4592	2176	14976	10	0	10	0	0	0	0	0	16	0	0	0	0	6	0	95	142	2	1	2	18
7546	-4576	2176	15168	10	0	10	0	0	0	0	0	16	0	0	0	0	3	0	95	142	2	1	3	17
7547	-4880	2208	15152	10	0	10	0	0	0	0	0	16	0	0	0	0	2	0	95	142	2	1	3	16
7548	-4592	2416	14976	10	0	10	0	0	0	0	0	16	0	0	0	0	2	0	95	142	3	1	3	15
7549	-4896	2192	15200	10	0	10	0	0	0	0	0	16	0	0	0	0	0	0	95	142	2	1	3	17
7550	-4912	2208	15168	10	0	10	0	0	0	0	0	16	0	0	0	0	0	0	95	142	2	1	3	20
7551	-4512	2192	15120	10	0	10	0	0	0	0	0	16	0	0	0	0	0	0	95	142	2	1	3	21
7552	-4592	2400	15152	10	0	10	0	0	0	0	0	16	0	0	0	0	0	0	95	142	3	1	3	20
7553	-4528	2384	15136	10	0	10	0	0	0	0	0	16	0	0	0	0	0	0	95	142	4	1	3	18
7554	-4720	2208	15200	10	0	10	0	0	0	0	0	16	0	0	0	0	0	0	95	142	3	1	3	21
7555	-4720	2352	15136	10	0	10	0	0	0	0	0	16	0	0	0	0	0	0	95	142	3	1	3	21
7556	-4528	2416	15104	10	0	10	0	0	0	0	0	16	0	0	0	0	0	0	95	142	3	1	3	20
7557	-4544	2400	15184	10	0	10	0	0	0	0	0	16	0	0	0	0	0	0	95	142	3	1	3	20
7558	-4560	2384	15184	10	0	10	0	0	0	0	0	16	0	0	0	0	0	0	95	142	2	1	2	20
7559	-4592	2384	15152	10	0	10	0	0	0	0	0	16	0	0	0	0	0	0	95	142	3	1	3	21
7560	-4528	2176	15168	10	0	10	0	0	0	0	0	16	0	0	0	0	0	0	95	142	3	1	3	20
7561	-4528	2384	15216	10	0	10	0	0	0	0	0	16	0	0	0	0	0	0	95	142	3	1	3	18
7562	-4496	2176	15168	10	0	10	0	0	0	0	0	16	0	0	0	0	0	0	95	142	3	1	3	18
7563	-4560	2176	15168	10	0	10	0	0	0	0	0	16	0	0	0	0	0	0	95	142	3	1	3	20
7564	-4576	2400	15136	10	0	10	0	0	0	0	0	16	0	0	0	0	0	0	95	142	4	1	3	20
7565	-4576	2384	15104	10	0	10	0	0	0	0	0	16	0	0	0	0	0	0	95	142	5	1	3	20
7566	-4608	2208	15104	10	0	10	0	0	0	0	0	16	0	0	0	0	0	0	95	142	5	1	3	19
7567	-4528	2192	15136	10	0	10	0	0	0	0	0	16	0	0	0	0	0	0	95	142	4	1	3	20
7568	-4496	2176	15152	10	0	10	0	0	0	0	0	16	0	0	0	0	0	0	95	142	3	1	3	325
7569	-4704	2208	14784	10	0	10	0	0	0	0	0	16	0	0	0	0	0	0	95	142	9	8	23	860
7570	-4576	2336	14832	10	0	10	0	0	0	0	0	16	0	0	0	0	0	0	95	142	1566	218	141	951
7571	-4496	2400	14976	10	0	10	0	0	0	0	0	16	0	0	0	0	0	0	95	142	1689	312	171	2098
7572	-4576	2192	15184	10	0	10	0	0	0	0	0	16	0	0	0	0	0	0	95	142	2574	817	380	3070
7573	-4528	2288	15200	10	0	10	0	0	0	0	0	16	0	0	0	0	0	0	95	142	9824	2836	926	3713
7574	-4592	2240	14768	10	0	10	0	0	0	0	0	16	0	0	0	0	0	0	95	142	11067	3013	1095	3894
7575	-4912	2352	15136	10	0	10	0	0	0	0	0	16	0	0	0	0	0	0	95	142	13534	3210	1244	3953
7576	-4608	2384	15104	10	0	10	0	0	0	0	0	16	0	0	0	0	0	0	95	142	13636	3282	1306	4368
7577	-4896	2224	15152	10	0	10	0	0	0	0	0	16	0	0	0	0	0	0	95	142	14485	3334	1361	3940
7578	-4608	2176	15168	10	0	10	0	0	0	0	0	16	0	0	0	0	0	0	95	142	13220	3311	1281	3699
7579	-4576	2384	15136	10	0	10	0	0	0	0	0	16	0	0	0	0	0	0	95	142	16085	3364	1437	3054
7580	-4592	2416	15152	10	0	10	0	0	0	0	0	16	0	0	0	0	0	0	95	142	15305	2892	1251	2297
7581	-4896	2352	15136	10	0	10	0	0	0	0	0	16	0	0	0	0	0	0	95	142	8265	945	718	1545
7582	-4576	2368	15120	10	0	10	0	0	0	0	0	16	0	0	0	0	0	0	95	142	7021	768	549	976
7583	-4512	2384	15104	10	0	10	0	0	0	0	0	16	0	8	0	0	0	0	95	142	4555	571	400	597
7584	-4560	2352	15136	10	0	10	0	0	0	0	0	16	0	0	0	0	0	0	95	142	4453	499	337	363
7585	-4544	2384	15120	10	0	10	0	0	0	0	0	16	0	0	0	0	0	0	95	142	3600	441	262	242
7586	-4544	2192	15168	10	0	10	0	0	0	0	0	16	0	0	0	0	0	3	95	142	3309	254	225	199
7587	-4592	2416	15168	10	0	10	0	0	0	0	0	16	0	0	0	0	0	11	95	142	330	110	42	205
7588	-4608	2400	15168	10	0	10	0	0	0	0	0	20	0	8	0	0	0	21	95	142	235	80	23	202
7589	-4576	2416	15168	10	0	10	0	0	0	0	0	16	0	0	0	0	0	27	95	142	28	9	13	194
7590	-4592	2352	15152	10	0	10	0	0	0	0	0	16	0	0	0	0	0	36	95	142	31	14	15	186
7591	-4544	2320	15168	10	0	10	0	0	0	0	0	16	0	0	0	0	0	30	95	142	42	17	16	170
7592	-4544	2384	15104	10	0	10	0	0	0	0	0	16	0	0	0	0	0	21	95	142	47	21	18	156
7593	-4880	2384	15120	10	0	10	0	0	0	0	0	16	0	8	0	0	8	13	95	142	47	21	19	137
7594	-4576	2368	15136	10	0	10	0	0	0	0	0	16	0	0	0	0	35	4	95	142	46	22	19	128
7595	-4544	2400	15168	10	0	10	0	0	0	0	0	16	0	0	0	0	45	0	95	142	40	21	18	118
7596	-4560	2336	15184	10	0	10	0	0	0	0	0	16	1	0	0	0	80	0	95	142	29	20	14	101
7597	-4608	2336	15168	10	0	10	0	0	0	0	0	16	0	0	0	0	95	0	95	142	27	20	12	87
7598	-4912	2384	15136	10	0	10	0	0	0	0	0	16	0	0	0	0	97	0	95	142	25	14	9	76
7599	-4592	2192	14832	10	0	10	0	0	0	0	0	16	0	0	0	0	98	0	95	142	14	11	8	64
7600	-4912	2416	15104	10	0	10	0	0	0	0	0	16	0	0	0	0	96	0	95	142	9	8	6	51
7601	-4560	2368	15136	10	0	10	0	0	0	0	0	16	0	0	0	0	92	0	95	142	9	7	5	44
7602	-4496	2416	15168	10	0	10	0	0	0	0	0	16	0	0	0	0	83	0	95	142	8	6	5	40
7603	-4544	2368	15184	10	0	10	0	0	0	0	0	16	0	0	0	0	77	0	95	142	6	3	3	34
7604	-4608	2384	15152	10	0	10	0	0	0	0	0	16	0	0	0	0	70	0	95	142	6	2	3	29
7605	-4592	2208	15152	10	0	10	0	0	0	0	0	16	0	0	0	0	52	0	95	142	5	2	3	25
7606	-4576	2400	15104	10	0	10	0	0	0	0	0	16	0	0	0	0	37	0	95	142	3	1	2	23
7607	-4560	2384	14832	10	0	10	0	0	0	0	0	16	0	0	0	3	28	0	95	142	3	1	2	23
7608	-4544	2352	15104	10	0	10	0	0	0	0	0	16	0	0	0	56	36	0	95	142	4	1	2	21
7609	-4560	2384	15136	10	0	10	0	0	0	0	0	16	0	0	0	57	40	0	95	142	3	1	2	19
7610	-4608	2176	15104	10	0	10	0	0	0	0	0	16	0	0	0	59	14	0	95	142	4	1	2	16
7611	-4896	2176	15120	10	0	10	0	0	0	0	0	16	4	0	0	26	8	0	125	142	2	1	2	17
7612	-4576	2208	14816	10	0	10	0	0	0	0	0	16	0	0	0	6	5	0	95	142	3	1	2	19
7613	-4592	2176	15104	10	0	10	0	0	0	0	0	16	0	0	0	0	3	0	95	142	3	1	2	18
7614	-4560	2224	15120	10	0	10	0	0	0	0	0	16	0	0	0	0	0	0	95	142	3	1	2	18
7615	-4544	2400	15152	10	0	10	0	0	0	0	0	16	0	0	0	0	0	0	95	142	3	1	2	18
7616	-4512	2336	15104	10	0	10	0	0	0	0	0	16	0	0	0	0	0	0	95	142	3	1	3	17
7617	-4496	2208	15136	10	0	10	0	0	0	0	0	16	0	0	0	0	0	0	95	142	3	1	3	20
7618	-4736	2416	15200	10	0	10	0	0	0	0	0	16	0	0	0	0	0	0	95	142	3	1	3	19
7619	-4736	2400	15168	10	0	10	0	0	0	0	0	16	0	0	0	0	0	0	95	142	3	1	3	19
7620	-4576	2176	15152	10	0	10	0	0	0	0	0	16	0	0	0	0	0	0	95	142	2	1	3	19
7621	-4512	2400	15136	10	0	10	0	0	0	0	0	16	0	0	0	0	0	0	95	142	3	1	3	19
7622	-4608	2400	14832	10	0	10	0	0	0	0	0	16	0	0	0	0	0	0	95	142	2	1	3	17
7623	-4592	2352	15120	10	0	10	0	0	0	0	0	16	0	0	0	0	0	0	95	142	2	1	3	15
7624	-4560	2352	15184	10	0	10	0	0	0	0	0	16	0	0	0	0	0	0	95	142	3	1	3	16
7625	-4592	2368	15120	10	0	10	0	0	0	0	0	16	0	0	0	0	0	0	95	142	3	1	3	17
7626	-4592	2176	15120	10	0	10	0	0	0	0	0	16	0	0	0	0	0	0	95	142	2	1	3	18
7627	-4880	2416	15104	10	0	10	0	0	0	0	0	16	0	0	0	0	0	0	95	142	3	1	3	20
7628	-4608	2384	15120	10	0	10	0	0	0	0	0	16	0	0	0	0	0	0	95	142	3	1	3	26
7629	-4576	2192	15168	10	0	10	0	0	0	0	0	16	0	0	0	0	0	0	95	142	3	1	4	39
7630	-4512	2400	15152	10	0	10	0	0	0	0	0	16	0	0	0	0	0	0	95	142	3	12	14	55
7631	-4592	2384	15120	10	0	10	0	0	0	0	0	16	0	0	0	0	0	0	95	142	4	14	17	86
7632	-4528	2224	15168	10	0	10	0	0	0	0	0	16	0	0	0	0	0	0	95	142	5	20	22	105
7633	-4528	2224	14832	10	0	10	0	0	0	0	0	16	0	0	0	0	0	0	95	142	8	37	39	189
7634	-4576	2224	15152	10	0	10	0	0	0	0	0	16	0	0	0	0	0	0	95	142	71	127	145	320
7635	-4560	2208	15168	10	0	10	0	0	0	0	0	16	0	0	0	0	0	0	95	142	74	136	152	429
7636	-4880	2176	15152	10	0	10	0	0	0	0	0	16	0	0	0	0	0	0	95	142	74	144	162	643
7637	-4528	2400	15200	10	0	10	0	0	0	0	0	16	0	0	0	0	0	0	95	142	88	157	180	1134
7638	-4592	2352	14736	10	0	10	0	0	0	0	0	16	0	0	0	0	0	0	95	142	120	173	191	1829
7639	-4608	2352	14864	10	0	10	0	0	0	0	0	16	0	0	0	0	0	0	95	142	1678	832	285	2402
7640	-4960	1984	14576	10	0	10	0	0	0	0	0	16	0	0	0	0	0	0	95	142	3336	1127	534	2582
7641	-4960	2304	14736	10	0	10	0	0	0	0	0	16	0	0	0	0	0	0	95	142	4084	1406	809	2121
7642	-4608	2192	14752	10	0	10	0	0	0	0	0	16	0	0	0	0	0	0	95	142	4042	1338	722	2078
7643	-4960	1968	14768	10	0	10	0	0	0	0	0	16	0	0	0	0	0	0	95	142	4253	1641	970	1668
7644	-4912	2304	15120	10	0	10	0	0	0	0	0	16	0	0	0	0	0	0	95	142	4258	1755	985	1246
7645	-4912	2000	15136	10	0	10	0	0	0	0	0	16	0	0	0	0	0	0	95	142	4246	1749	972	955
7646	-4880	2336	15104	10	0	10	0	0	0	0	0	16	0	0	0	0	0	0	95	142	4297	1791	1043	660
7647	-4592	2304	14800	10	0	10	0	0	0	0	0	16	0	0	0	0	0	1	95	142	2738	1133	949	424
7648	-4592	2384	14784	10	0	10	0	0	0	0	0	16	0	8	0	0	0	1	95	142	1080	833	694	264
7649	-4592	2368	15104	10	0	10	0	0	0	0	0	16	0	0	0	0	0	2	95	142	328	538	403	166
7650	-4608	2176	15120	10	0	10	0	0	0	0	0	16	0	0	0	0	0	4	95	142	307	515	384	123
7651	-4576	2416	15104	10	0	10	0	0	0	0	0	16	0	0	0	0	0	14	95	142	94	203	128	105
7652	-4608	2272	15120	10	0	10	0	0	0	0	0	16	0	0	0	0	0	28	95	142	91	82	105	100
7653	-4560	2272	15168	10	0	10	0	0	0	0	0	20	0	8	0	0	0	38	95	142	91	79	100	100
7654	-4912	2416	15168	10	0	10	0	0	0	0	0	16	0	0	0	0	0	42	95	142	12	11	9	101
7655	-4944	2176	15152	10	0	10	0	0	0	0	0	16	0	0	0	0	0	66	95	142	13	9	7	92
7656	-4576	2192	15168	10	0	10	0	0	0	0	0	16	0	0	0	0	0	68	95	142	14	10	7	79
7657	-4608	2416	14816	10	0	10	0	0	0	0	0	16	0	0	0	0	0	71	95	142	15	10	8	70
7658	-4608	2400	15152	10	0	10	0	0	0	0	0	16	0	8	0	0	5	53	95	142	16	10	8	59
7659	-4896	2416	14832	10	0	10	0	0	0	0	0	16	0	0	0	0	37	0	95	142	15	10	7	50
7660	-4896	2384	15120	10	0	10	0	0	0	0	0	16	0	0	0	0	44	0	95	142	14	9	6	42
7661	-4880	2416	15168	10	0	10	0	0	0	0	0	16	0	0	0	0	44	0	95	142	11	4	5	35
7662	-4592	2224	15120	10	0	10	0	0	0	0	0	16	0	0	0	0	44	0	95	142	6	3	4	29
7663	-4608	2400	15152	10	0	10	0	0	0	0	0	16	0	0	0	0	46	0	95	142	5	2	3	25
7664	-4896	2352	15152	10	0	10	0	0	0	0	0	16	1	0	0	0	71	0	95	142	5	2	3	22
7665	-4944	2368	15168	10	0	10	0	0	0	0	0	16	0	0	0	1	83	0	95	142	4	1	3	22
7666	-4880	2208	15136	10	0	10	0	0	0	0	0	16	0	0	0	1	67	0	95	142	4	1	3	20
7667	-4912	2176	15136	10	0	10	0	0	0	0	0	16	0	0	0	1	36	0	95	142	4	1	3	20
7668	-4576	2384	15104	10	0	10	0	0	0	0	0	16	0	0	0	0	21	0	95	142	3	1	2	21
7669	-4576	2400	14832	10	0	10	0	0	0	0	0	16	0	0	0	0	17	0	95	142	3	1	2	22
7670	-4592	2320	15168	10	0	10	0	0	0	0	0	16	0	0	0	0	9	0	95	142	3	1	2	20
7671	-4880	2320	15168	10	0	10	0	0	0	0	0	16	0	0	0	0	6	0	95	142	3	1	2	19
7672	-4896	2336	15136	10	0	10	0	0	0	0	0	16	0	0	0	0	5	0	95	142	3	1	3	18
7673	-4912	2384	15136	10	0	10	0	0	0	0	0	16	0	0	0	1	4	0	95	142	3	1	2	20
7674	-4880	2384	15136	10	0	10	0	0	0	0	0	16	0	0	0	0	0	0	95	142	3	1	2	20
7675	-4896	2224	14800	10	0	10	0	0	0	0	0	16	0	0	0	0	0	0	95	142	2	1	2	19
7676	-4576	2192	14832	10	0	10	0	0	0	0	0	16	0	0	0	1	0	0	95	142	2	1	2	19
7677	-4592	2176	14816	10	0	10	0	0	0	0	0	16	0	0	0	0	0	0	95	142	3	1	2	18
7678	-4592	2176	15136	10	0	10	0	0	0	0	0	16	0	0	0	0	0	0	95	142	3	1	3	18
7679	-4544	2176	15184	10	0	10	0	0	0	0	0	16	0	0	0	0	0	0	95	142	3	1	3	20
7680	-4512	2208	15168	10	0	10	0	0	0	0	0	16	0	0	0	0	0	0	95	142	3	1	2	20
7681	-4544	2368	15168	10	0	10	0	0	0	0	0	16	0	0	0	0	0	0	95	142	3	1	2	19
7682	-4560	2384	15152	10	0	10	0	0	0	0	0	16	0	0	0	0	0	0	95	142	2	1	3	18
7683	-4544	2400	15136	10	0	10	0	0	0	0	0	16	0	0	0	0	0	0	95	142	2	1	2	19
7684	-4528	2368	15200	10	0	10	0	0	0	0	0	16	0	0	0	0	0	0	95	142	3	1	3	21
7685	-4592	2416	15184	10	0	10	0	0	0	0	0	16	0	0	0	0	0	0	95	142	3	1	3	21
7686	-4560	2256	15152	10	0	10	0	0	0	0	0	16	0	0	0	0	0	0	95	142	3	1	3	19
7687	-4560	2240	15120	10	0	10	0	0	0	0	0	16	0	0	0	0	0	0	95	142	3	1	3	17
7688	-4560	2256	15152	10	0	10	0	0	0	0	0	16	0	0	0	0	0	0	95	142	3	1	3	19
7689	-4576	2384	15120	10	0	10	0	0	0	0	0	16	0	0	0	0	0	0	95	142	3	1	3	19
7690	-4544	2368	15152	10	0	10	0	0	0	0	0	16	0	0	0	0	0	0	95	142	3	1	3	17
7691	-4544	2416	15152	10	0	10	0	0	0	0	0	16	0	0	0	0	0	0	95	142	4	1	3	16
7692	-4608	2384	15120	10	0	10	0	0	0	0	0	16	0	0	0	0	0	0	95	142	3	1	3	16
7693	-4608	2352	14832	10	0	10	0	0	0	0	0	16	0	0	0	0	0	0	95	142	4	1	3	17
7694	-4880	2192	15104	10	0	10	0	0	0	0	0	16	0	0	0	0	0	0	95	142	3	1	3	21
7695	-4592	2416	15152	10	0	10	0	0	0	0	0	16	0	0	0	0	0	0	95	142	3	1	2	31
7696	-4592	2208	15152	10	0	10	0	0	0	0	0	16	0	0	0	0	0	0	95	142	3	2	3	330
7697	-4528	2256	15184	10	0	10	0	0	0	0	0	16	0	0	0	0	0	0	95	142	177	46	36	668
7698	-4688	2208	15008	10	0	10	0	0	0	0	0	16	0	0	0	0	0	0	95	142	358	72	71	1373
7699	-4512	2208	14800	10	0	10	0	0	0	0	0	16	0	0	0	0	0	0	95	142	1442	507	308	2218
7700	-4576	2384	14944	10	0	10	0	0	0	0	0	16	0	0	0	0	0	0	95	142	5817	1090	881	2555
7701	-4736	2272	14768	10	0	10	0	0	0	0	0	16	0	0	0	0	0	0	95	142	7153	1461	1022	2821
7702	-4528	2416	15120	10	0	10	0	0	0	0	0	16	0	0	0	0	0	0	95	142	12175	3373	1558	3287
7703	-4736	2240	15056	10	0	10	0	0	0	0	0	16	0	0	0	0	0	0	95	142	17558	5173	2032	3525
7704	-4512	2384	15200	10	0	10	0	0	0	0	0	16	0	0	0	0	0	0	95	142	20264	6238	2357	3218
7705	-4592	2384	14832	10	0	10	0	0	0	0	0	16	0	0	0	0	0	0	95	142	20178	6252	2373	2928
7706	-4880	2352	15136	10	0	10	0	0	0	0	0	16	0	0	0	0	0	0	95	142	20310	6323	2371	2143
7707	-4592	2336	15136	10	0	10	0	0	0	0	0	16	0	0	0	0	0	0	95	142	19227	5891	2136	1416
7708	-4576	2320	15104	10	0	10	0	0	0	0	0	16	0	0	0	0	0	0	95	142	14852	5308	1563	893
7709	-4528	2384	15104	10	0	10	0	0	0	0	0	16	0	0	0	0	0	0	95	142	13515	4936	1422	545
7710	-4544	2400	15120	10	0	10	0	0	0	0	0	16	0	8	0	0	0	0	95	142	8493	3024	886	327
7711	-4560	2384	15184	10	0	10	0	0	0	0	0	16	0	0	0	0	0	0	95	142	3110	1224	412	200
7712	-4576	2416	15184	10	0	10	0	0	0	0	0	16	0	0	0	0	0	1	95	142	404	159	86	124
7713	-4544	2224	15184	10	0	10	0	0	0	0	0	16	0	0	0	0	0	4	95	142	317	101	38	78
7714	-4592	2224	15184	10	0	10	0	0	0	0	0	16	0	0	0	0	0	16	95	142	3	3	5	52
7715	-4608	2224	15152	10	0	10	0	0	0	0	0	20	0	8	0	0	0	47	95	142	2	1	3	38
7716	-4512	2416	15104	10	0	10	0	0	0	0	0	16	0	0	0	0	0	67	95	142	2	1	3	29
7717	-4560	2256	15152	10	0	10	0	0	0	0	0	16	0	0	0	0	0	78	95	142	2	1	3	25
7718	-4560	2560	15136	10	0	10	0	0	0	0	0	16	0	0	0	0	0	87	95	142	2	1	3	22
7719	-4528	2208	15104	10	0	10	0	0	0	0	0	16	0	0	0	0	0	86	95	142	2	1	3	21
7720	-4496	2256	15104	10	0	10	0	0	0	0	0	16	0	8	0	0	9	17	95	142	2	1	3	26
7721	-4544	2208	14816	10	0	10	0	0	0	0	0	16	0	0	0	0	40	1	95	142	2	1	3	27
7722	-4560	2384	14800	10	0	10	0	0	0	0	0	16	0	0	0	0	46	0	95	142	2	1	3	27
7723	-4720	2192	15136	10	0	10	0	0	0	0	0	16	0	0	0	0	47	0	95	142	2	1	3	24
7724	-4720	2656	15152	10	0	10	0	0	0	0	0	16	1	0	0	0	74	0	95	142	2	1	3	23
7725	-4528	2576	14832	10	0	10	0	0	0	0	0	16	0	0	0	0	94	0	95	142	3	1	3	57
7726	-4528	2192	15120	10	0	10	0	0	0	0	0	16	0	0	0	0	94	0	95	142	5	8	27	93
7727	-4592	2240	15168	10	0	10	0	0	0	0	0	16	0	0	0	0	91	0	95	142	8	15	55	138
7728	-4608	2272	15152	10	0	10	0	0	0	0	0	16	0	0	0	0	85	0	95	142	19	22	65	173
7729	-4592	2176	14832	10	0	10	0	0	0	0	0	16	0	0	0	0	69	0	95	142	25	26	73	179
7730	-4880	2176	15104	10	0	10	0	0	0	0	0	16	0	0	0	0	32	0	95	142	38	39	84	158
7731	-4576	2192	14832	10	0	10	0	0	0	0	0	16	0	0	0	0	17	0	95	142	41	43	88	163
7732	-4560	2224	14832	10	0	10	0	0	0	0	0	16	0	0	0	0	7	0	95	142	42	45	90	153
7733	-4880	2208	15104	10	0	10	0	0	0	0	0	16	0	0	0	0	4	0	95	142	45	49	91	136
7734	-4560	2256	15120	10	0	10	0	0	0	0	0	16	0	0	0	0	2	0	95	142	45	43	68	119
7735	-4608	2176	15168	10	0	10	0	0	0	0	0	16	0	0	0	0	1	0	95	142	44	37	40	99
7736	-4592	2400	15184	10	0	10	0	0	0	0	0	16	0	0	0	0	2	0	95	142	32	30	29	84
7737	-4896	2416	15152	10	0	10	0	0	0	0	0	16	0	0	0	0	0	0	95	142	28	26	21	74
7738	-4912	2416	15168	10	0	10	0	0	0	0	0	16	0	0	0	0	0	0	95	142	16	14	11	64
7739	-4576	2176	14832	10	0	10	0	0	0	0	0	16	0	0	0	0	0	0	95	142	14	10	7	58
7740	-4896	2240	14832	10	0	10	0	0	0	0	0	16	0	0	0	0	0	0	95	142	12	8	5	50
7741	-4880	2416	15104	10	0	10	0	0	0	0	0	16	0	0	0	0	0	0	95	142	10	4	5	46
7742	-4576	2176	14816	10	0	10	0	0	0	0	0	16	0	0	0	0	0	0	95	142	8	3	3	49
7743	-4592	2192	14816	10	0	10	0	0	0	0	0	16	0	0	0	0	0	0	95	142	7	3	3	45
7744	-4592	2208	15104	10	0	10	0	0	0	0	0	16	0	0	0	0	0	0	95	142	8	3	4	36
7745	-4608	2208	14832	10	0	10	0	0	0	0	0	16	0	0	0	0	0	0	95	142	8	2	4	29
7746	-4560	2208	15152	10	0	10	0	0	0	0	0	16	0	0	0	0	0	0	95	142	7	2	3	26
7747	-4880	2224	15136	10	0	10	0	0	0	0	0	16	0	0	0	0	0	0	95	142	7	2	3	24
7748	-4608	2240	15136	10	0	10	0	0	0	0	0	16	0	0	0	0	0	0	95	142	7	2	3	25
7749	-4608	2192	15152	10	0	10	0	0	0	0	0	16	0	0	0	0	0	0	95	142	8	2	3	23
7750	-4576	2400	15184	10	0	10	0	0	0	0	0	16	0	0	0	0	0	0	95	142	7	2	3	23
7751	-4608	2208	15168	10	0	10	0	0	0	0	0	16	0	0	0	0	0	0	95	142	6	1	3	23
7752	-4560	2368	15152	10	0	10	0	0	0	0	0	16	0	0	0	0	0	0	95	142	6	1	3	21
7753	-4528	2208	15136	10	0	10	0	0	0	0	0	16	0	0	0	0	0	0	95	142	5	1	4	20
7754	-4560	2208	15168	10	0	10	0	0	0	0	0	16	0	0	0	0	0	0	95	142	6	1	4	19
7755	-4512	2384	15120	10	0	10	0	0	0	0	0	16	0	0	0	0	0	0	95	142	5	1	4	20
7756	-4512	2320	15136	10	0	10	0	0	0	0	0	16	0	0	0	0	0	0	95	142	4	1	4	19
7757	-4576	2000	15136	10	0	10	0	0	0	0	0	16	0	0	0	0	0	0	95	142	4	1	4	30
7758	-4608	2000	15168	10	0	10	0	0	0	0	0	16	0	0	0	0	0	0	95	142	4	2	6	65
7759	-4512	2192	15136	10	0	10	0	0	0	0	0	16	0	0	0	0	0	0	95	142	5	6	31	175
7760	-4720	2352	15040	10	0	10	0	0	0	0	0	16	0	0	0	0	0	0	95	142	15	21	112	452
7761	-4560	2384	15104	10	0	10	0	0	0	0	0	16	0	0	0	0	0	0	95	142	67	68	283	1158
7762	-4576	2368	15184	10	0	10	0	0	0	0	0	16	0	0	0	0	0	0	95	142	3032	2320	957	2026
7763	-4896	2000	14880	10	0	10	0	0	0	0	0	16	0	0	0	0	0	0	95	142	3048	2372	1056	3490
7764	-4896	2032	14896	10	0	10	0	0	0	0	0	16	0	0	0	0	0	0	95	142	16955	3378	1373	4753
7765	-4976	2304	14944	10	0	10	0	0	0	0	0	16	0	0	0	0	0	0	95	142	26253	6076	1954	4804
7766	-4496	2400	14992	10	0	10	0	0	0	0	0	16	0	0	0	0	0	0	95	142	28574	7453	2214	4463
7767	-4512	2416	15184	10	0	10	0	0	0	0	0	16	0	0	0	0	0	0	95	142	28809	7593	2237	3911
7768	-4512	2224	15104	10	0	10	0	0	0	0	0	16	0	0	0	0	0	0	95	142	29134	7749	2371	2877
7769	-4896	2400	15104	10	0	10	0	0	0	0	0	16	0	0	0	0	0	0	95	142	29096	7767	2225	1907
7770	-4592	2336	14816	10	0	10	0	0	0	0	0	16	0	0	0	0	0	0	95	142	26130	5515	1552	1193
7771	-4576	2176	15168	10	0	10	0	0	0	0	0	16	0	0	0	0	0	0	95	142	26113	5463	1453	720
7772	-4592	2400	15136	10	0	10	0	0	0	0	0	16	0	0	0	0	0	0	95	142	12207	4457	1135	426
7773	-4560	2400	15136	10	0	10	0	0	0	0	0	16	0	8	0	0	0	0	95	142	2908	1760	554	265
7774	-4896	2192	15136	10	0	10	0	0	0	0	0	16	0	0	0	0	0	0	95	142	587	382	293	194
7775	-4592	2400	15136	10	0	10	0	0	0	0	0	16	0	0	0	0	0	1	95	142	359	243	247	149
7776	-4896	2352	15184	10	0	10	0	0	0	0	0	16	0	0	0	0	0	3	95	142	25	74	33	127
7777	-4912	2336	15136	10	0	10	0	0	0	0	0	16	0	0	0	0	0	9	95	142	14	9	6	110
7778	-4592	2400	15168	10	0	10	0	0	0	0	0	20	0	8	0	0	0	36	95	142	16	10	6	93
7779	-4544	2192	15184	10	0	10	0	0	0	0	0	16	0	0	0	0	0	66	95	142	16	11	6	85
7780	-4544	2192	15136	10	0	10	0	0	0	0	0	16	0	0	0	0	0	84	95	142	20	11	6	74
7781	-4880	2352	15104	10	0	10	0	0	0	0	0	16	0	0	0	0	0	85	95	142	21	11	6	61
7782	-4608	2336	14816	10	0	10	0	0	0	0	0	16	0	0	0	0	0	87	95	142	21	11	6	50
7783	-4912	2032	15168	10	0	10	0	0	0	0	0	16	0	8	0	0	0	42	95	142	12	7	5	40
7784	-4608	2336	14816	10	0	10	0	0	0	0	0	16	0	0	0	0	8	0	95	142	12	4	4	31
7785	-4592	2320	14784	10	0	10	0	0	0	0	0	16	0	0	0	0	42	0	95	142	9	3	4	27
7786	-4608	2320	14832	10	0	10	0	0	0	0	0	16	0	0	0	0	46	0	95	142	7	2	4	26
7787	-4928	2368	15152	10	0	10	0	0	0	0	0	16	1	0	0	0	78	0	95	142	8	2	4	23
7788	-4912	2384	15136	10	0	10	0	0	0	0	0	16	0	0	0	0	92	0	95	142	4	1	3	22
7789	-4896	2176	15120	10	0	10	0	0	0	0	0	16	0	0	0	0	96	0	95	142	4	1	3	19
7790	-4544	2416	15168	10	0	10	0	0	0	0	0	16	0	0	0	0	94	0	95	142	4	1	3	19
7791	-4592	2400	15120	10	0	10	0	0	0	0	0	16	0	0	0	0	90	0	95	142	3	1	3	18
7792	-4608	2384	14992	10	0	10	0	0	0	0	0	16	0	0	0	0	82	0	95	142	3	1	3	17
7793	-4576	2384	15168	10	0	10	0	0	0	0	0	16	0	0	0	0	42	0	95	142	3	1	3	16
7794	-4608	2416	15120	10	0	10	0	0	0	0	0	16	0	0	0	0	20	0	95	142	3	1	3	16
7795	-4576	2384	15120	10	0	10	0	0	0	0	0	16	0	0	0	0	8	0	95	142	2	1	2	16
7796	-4576	2352	15152	10	0	10	0	0	0	0	0	16	0	0	0	0	5	0	95	142	2	1	2	17
7797	-4576	2368	15136	10	0	10	0	0	0	0	0	16	0	0	0	0	3	0	95	142	1	1	2	19
7798	-4592	2400	14976	10	0	10	0	0	0	0	0	16	0	0	0	0	4	0	95	142	2	1	2	18
7799	-4592	2400	15184	10	0	10	0	0	0	0	0	16	0	0	0	1	3	0	95	142	2	1	3	20
7800	-4576	2192	15200	10	0	10	0	0	0	0	0	16	0	0	0	0	0	0	95	142	2	1	2	18
7801	-4592	2176	15184	10	0	10	0	0	0	0	0	16	0	0	0	0	0	0	95	142	3	1	2	17
7802	-4592	2352	15104	10	0	10	0	0	0	0	0	16	0	0	0	0	0	0	95	142	3	1	3	17
7803	-4544	2368	15120	10	0	10	0	0	0	0	0	16	0	0	0	0	0	0	95	142	3	1	3	17
7804	-4880	2368	15104	10	0	10	0	0	0	0	0	16	0	0	0	0	0	0	95	142	4	1	3	16
7805	-4560	2400	14816	10	0	10	0	0	0	0	0	16	0	0	0	0	0	0	95	142	3	1	3	17
7806	-4608	2352	15136	10	0	10	0	0	0	0	0	16	0	0	0	0	0	0	95	142	3	1	3	18
7807	-4880	2416	15120	10	0	10	0	0	0	0	0	16	0	0	0	0	0	0	95	142	3	1	3	18
7808	-4560	2368	15104	10	0	10	0	0	0	0	0	16	0	0	0	0	0	0	95	142	3	1	3	19
7809	-4560	2304	15168	10	0	10	0	0	0	0	0	16	0	0	0	0	0	0	95	142	3	1	3	18
7810	-4576	2032	15120	10	0	10	0	0	0	0	0	16	0	0	0	0	0	0	95	142	3	1	3	18
7811	-4560	2352	15120	10	0	10	0	0	0	0	0	16	0	0	0	0	0	0	95	142	3	1	3	18
7812	-4528	2352	15120	10	0	10	0	0	0	0	0	16	0	0	0	0	0	0	95	142	2	1	3	18
7813	-4528	2400	15136	10	0	10	0	0	0	0	0	16	0	0	0	0	0	0	95	142	3	1	3	17
7814	-4528	2192	15152	10	0	10	0	0	0	0	0	16	0	0	0	0	0	0	95	142	2	1	3	15
7815	-4528	2224	15120	10	0	10	0	0	0	0	0	16	0	0	0	0	0	0	95	142	3	1	3	15
7816	-4544	2192	15184	10	0	10	0	0	0	0	0	16	0	0	0	0	0	0	95	142	3	1	3	16
7817	-4576	2416	15152	10	0	10	0	0	0	0	0	16	0	0	0	0	0	0	95	142	3	1	3	16
7818	-4592	2176	15136	10	0	10	0	0	0	0	0	16	0	0	0	0	0	0	95	142	3	1	3	16
7819	-4528	2368	15120	10	0	10	0	0	0	0	0	16	0	0	0	0	0	0	95	142	3	1	3	16
7820	-4560	2176	15184	10	0	10	0	0	0	0	0	16	0	0	0	0	0	0	95	142	2	1	3	18
7821	-4560	2384	15104	10	0	10	0	0	0	0	0	16	0	0	0	0	0	0	95	142	3	1	3	18
7822	-4576	2400	15104	10	0	10	0	0	0	0	0	16	0	0	0	0	0	0	95	142	3	0	3	19
7823	-4896	2320	15136	10	0	10	0	0	0	0	0	16	0	0	0	0	0	0	95	142	2	0	3	21
7824	-4592	2368	15168	10	0	10	0	0	0	0	0	16	0	0	0	0	0	0	95	142	2	0	2	19
7825	-4544	2368	15152	10	0	10	0	0	0	0	0	16	0	0	0	0	0	0	95	142	2	1	2	18
7826	-4544	2352	15200	10	0	10	0	0	0	0	0	16	0	0	0	0	0	0	95	142	2	1	2	18
7827	-4592	2400	15200	10	0	10	0	0	0	0	0	16	0	0	0	0	0	0	95	142	2	1	2	18
7828	-4608	2400	15152	10	0	10	0	0	0	0	0	16	0	0	0	0	0	0	95	142	3	1	2	21
7829	-4544	2320	15184	10	0	10	0	0	0	0	0	16	0	0	0	0	0	0	95	142	2	1	2	21
7830	-4880	2320	15152	10	0	10	0	0	0	0	0	16	0	0	0	0	0	0	95	142	2	1	3	21
7831	-4880	2352	15168	10	0	10	0	0	0	0	0	16	0	0	0	0	0	0	95	142	2	1	3	21
7832	-4912	2368	15200	10	0	10	0	0	0	0	0	16	0	0	0	0	0	0	95	142	3	1	3	23
7833	-4880	2336	15168	10	0	10	0	0	0	0	0	16	0	0	0	0	0	0	95	142	3	1	3	23
7834	-4880	2384	14832	10	0	10	0	0	0	0	0	16	0	0	0	0	0	0	95	142	3	1	3	24
7835	-4608	2176	14832	10	0	10	0	0	0	0	0	16	0	0	0	0	0	0	95	142	3	1	3	24
7836	-4592	2400	15104	10	0	10	0	0	0	0	0	16	0	0	0	0	0	0	95	142	3	1	4	26
7837	-4560	2176	14832	10	0	10	0	0	0	0	0	16	0	0	0	0	0	0	95	142	3	1	3	25
7838	-4592	2384	15104	10	0	10	0	0	0	0	0	16	0	0	0	0	0	0	95	142	3	1	3	23
7839	-4560	2400	15152	10	0	10	0	0	0	0	0	16	0	0	0	0	0	0	95	142	3	1	3	22
7840	-4528	2176	15152	10	0	10	0	0	0	0	0	16	0	0	0	0	0	0	95	142	3	1	3	23
7841	-4560	2400	15168	10	0	10	0	0	0	0	0	16	0	0	0	0	0	0	95	142	3	1	3	22
7842	-4544	2400	15136	10	0	10	0	0	0	0	0	16	0	0	0	0	0	0	95	142	3	1	3	22
7843	-4544	2192	15184	10	0	10	0	0	0	0	0	16	0	0	0	0	0	0	95	142	3	1	3	22
7844	-4576	2400	15168	10	0	10	0	0	0	0	0	16	0	0	0	0	0	0	95	142	3	1	3	23
7845	-4592	2208	15168	10	0	10	0	0	0	0	0	16	0	0	0	0	0	0	95	142	3	1	3	21
7846	-4592	2416	15184	10	0	10	0	0	0	0	0	16	0	0	0	0	0	0	95	142	2	1	3	20
7847	-4560	2416	15200	10	0	10	0	0	0	0	0	16	0	0	0	0	0	0	95	142	3	1	3	20
7848	-4560	2400	15184	10	0	10	0	0	0	0	0	16	0	0	0	0	0	0	95	142	2	1	3	20
7849	-4560	2384	15152	10	0	10	0	0	0	0	0	16	0	0	0	0	0	0	95	142	3	1	4	23
7850	-4576	2368	15136	10	0	10	0	0	0	0	0	16	0	0	0	0	0	0	95	142	3	1	3	26
7851	-4880	2336	15136	10	0	10	0	0	0	0	0	16	0	0	0	0	0	0	95	142	3	1	3	27
7852	-4544	2352	15168	10	0	10	0	0	0	0	0	16	0	0	0	0	0	0	95	142	3	1	4	27
7853	-4512	2368	15152	10	0	10	0	0	0	0	0	16	0	0	0	0	0	0	95	142	3	1	4	27
7854	-4576	2368	15152	10	0	10	0	0	0	0	0	16	0	0	0	0	0	0	95	142	4	1	3	26
7855	-4560	2352	15152	10	0	10	0	0	0	0	0	16	0	0	0	0	0	0	95	142	4	1	3	24
7856	-4560	2384	15136	10	0	10	0	0	0	0	0	16	0	0	0	0	0	0	95	142	4	1	3	23
7857	-4560	2176	15200	10	0	10	0	0	0	0	0	16	0	0	0	0	0	0	95	142	4	1	3	20
7858	-4560	2384	15152	10	0	10	0	0	0	0	0	16	0	0	0	0	0	0	95	142	3	1	3	18
7859	-4544	2384	15152	10	0	10	0	0	0	0	0	16	0	0	0	0	0	0	95	142	3	1	3	21
7860	-4576	2384	15120	10	0	10	0	0	0	0	0	16	0	0	0	0	0	0	95	142	3	2	3	22
7861	-4576	2416	15136	10	0	10	0	0	0	0	0	16	0	0	0	0	0	0	95	142	3	2	2	21
7862	-4928	2400	15104	10	0	10	0	0	0	0	0	16	0	0	0	0	0	0	95	142	2	1	3	19
7863	-4592	2400	14784	10	0	10	0	0	0	0	0	16	0	0	0	0	0	0	95	142	2	1	2	18
7864	-4544	2208	15136	10	0	10	0	0	0	0	0	16	0	0	0	0	0	0	95	142	2	1	2	16
7865	-4592	2384	15168	10	0	10	0	0	0	0	0	16	0	0	0	0	0	0	95	142	3	1	3	16
7866	-4880	2384	15184	10	0	10	0	0	0	0	0	16	0	0	0	0	0	0	95	142	3	1	3	16
7867	-4880	2384	15168	10	0	10	0	0	0	0	0	16	0	0	0	0	0	0	95	142	3	1	3	15
7868	-4592	2384	15152	10	0	10	0	0	0	0	0	16	0	0	0	0	0	0	95	142	3	1	3	16
7869	-4592	2368	15136	10	0	10	0	0	0	0	0	16	0	0	0	0	0	0	95	142	3	1	3	18
7870	-4544	2400	14800	10	0	10	0	0	0	0	0	16	0	0	0	0	0	0	95	142	3	1	3	18
7871	-4528	2416	15120	10	0	10	0	0	0	0	0	16	0	0	0	0	0	0	95	142	4	1	3	18
7872	-4512	2400	15136	10	0	10	0	0	0	0	0	16	0	0	0	0	0	0	95	142	3	1	3	18
7873	-4560	2400	15136	10	0	10	0	0	0	0	0	16	0	0	0	0	0	0	95	142	2	1	3	17
7874	-4576	2400	15168	10	0	10	0	0	0	0	0	16	0	0	0	0	0	0	95	142	3	1	3	18
7875	-4592	2368	15136	10	0	10	0	0	0	0	0	16	0	0	0	1	0	0	95	142	3	1	3	17
7876	-4592	2368	14800	10	0	10	0	0	0	0	0	16	0	0	0	0	0	0	95	142	2	1	3	16
7877	-4608	2416	14800	10	0	10	0	0	0	0	0	16	0	0	0	0	0	0	95	142	2	1	3	15
7878	-4608	2208	15120	10	0	10	0	0	0	0	0	16	0	0	0	0	0	0	95	142	3	1	3	16
7879	-4896	2384	15104	10	0	10	0	0	0	0	0	16	0	0	0	0	0	0	95	142	2	1	3	17
7880	-4928	2416	15120	10	0	10	0	0	0	0	0	16	0	0	0	0	0	0	95	142	3	1	3	18
7881	-4912	2400	15168	10	0	10	0	0	0	0	0	16	0	0	0	0	0	0	95	142	3	1	3	20
7882	-4880	2192	15136	10	0	10	0	0	0	0	0	16	0	0	0	0	0	0	95	142	3	1	3	21
7883	-4560	2352	14816	10	0	10	0	0	0	0	0	16	0	0	0	0	0	0	95	142	3	1	3	24
7884	-4576	2368	15136	10	0	10	0	0	0	0	0	16	0	0	0	0	0	0	95	142	3	1	3	24
7885	-4576	2336	15168	10	0	10	0	0	0	0	0	16	0	0	0	0	0	0	95	142	3	1	3	27
7886	-4592	2288	14832	10	0	10	0	0	0	0	0	16	0	0	0	0	0	0	95	142	3	2	4	29
7887	-4944	2384	14832	10	0	10	0	0	0	0	0	16	0	0	0	0	0	0	95	142	4	3	5	34
7888	-4848	2576	14784	10	0	10	0	0	0	0	0	16	0	0	0	0	0	0	95	142	3	3	6	40
7889	-5168	2256	14752	10	0	10	0	0	0	0	0	16	0	0	0	0	0	0	95	142	4	4	6	43
7890	-5456	2528	14784	10	0	10	0	0	0	0	0	16	0	0	0	0	0	0	95	142	5	5	8	51
7891	-5312	2704	14528	10	0	10	0	0	0	0	0	16	0	0	0	0	0	0	95	142	6	5	9	56
7892	-5760	3200	14288	10	0	10	0	0	0	0	0	16	0	0	0	0	0	0	95	142	7	6	11	66
7893	-5648	4080	14112	10	0	10	0	0	0	0	0	18	8192	0	0	0	0	0	95	142	7	6	15	295
7894	-5376	4880	13696	10	0	10	0	0	0	0	0	16	8192	0	0	0	0	0	95	142	759	321	41	328
7895	-4944	6000	13648	10	0	10	0	0	0	0	0	16	8192	0	0	0	0	0	95	142	768	323	50	296
7896	-4864	7712	13072	10	0	10	0	0	0	0	0	1040	16384	0	0	0	0	0	95	142	770	328	67	272
7897	-5440	10416	12160	10	0	10	0	0	0	0	0	16	16384	0	0	0	0	0	95	142	775	335	78	336
7898	-2672	11184	11936	10	0	10	0	0	0	0	0	16	32768	0	0	0	0	0	95	142	776	348	135	1055
7899	-5104	8640	11568	10	0	10	0	0	0	0	0	16	32768	0	0	0	0	0	95	142	848	394	225	1175
7900	-4048	9280	12032	10	0	10	0	0	0	0	0	16	16384	0	0	0	0	0	95	142	868	410	339	1100
7901	-5472	5280	12112	10	0	10	0	0	0	0	0	16	16384	0	0	0	0	0	95	142	1041	469	411	900
7902	-6960	5728	11488	10	0	10	0	0	0	0	0	16	8192	0	0	0	0	0	95	142	304	167	421	818
7903	-6784	6112	11824	10	0	10	0	0	0	0	0	16	8192	0	0	0	0	0	95	142	332	308	437	607
7904	-7184	7392	11200	10	0	10	0	0	0	0	0	16	8192	0	0	0	0	0	95	142	331	304	424	410
7905	-7504	7392	11344	10	0	10	0	0	0	0	0	16	8192	0	0	0	0	0	95	142	325	295	414	265
7906	-7152	7936	10976	10	0	10	0	0	0	0	0	16	8192	0	0	0	0	2	95	142	324	282	356	180
7907	-7312	8528	10848	10	0	10	0	0	0	0	0	16	8192	0	0	0	0	7	95	142	251	235	266	130
7908	-7952	8464	10688	10	0	10	0	0	0	0	0	16	8192	8	0	0	0	6	95	142	231	219	151	106
7909	-7664	8288	11024	10	0	10	0	0	0	0	0	16	16384	0	0	0	0	4	95	142	58	162	80	88
7910	-7568	8464	11376	10	0	10	0	0	0	0	0	16	8192	0	0	0	0	0	95	142	45	148	44	80
7911	-7120	8288	11744	10	0	10	0	0	0	0	0	16	16384	0	0	0	0	2	95	142	8	6	21	76
7912	-6560	8096	12384	10	0	10	0	0	0	0	0	16	16384	0	0	0	0	31	95	142	8	5	17	73
7913	-6096	7728	12880	10	0	10	0	0	0	0	0	20	8192	8	0	0	0	40	95	142	9	7	16	65
7914	-5824	7792	12928	10	0	10	0	0	0	0	0	16	8192	0	0	0	0	47	95	142	11	7	17	57
7915	-5872	7680	13072	10	0	10	0	0	0	0	0	16	8192	0	0	0	0	41	95	142	11	7	16	51
7916	-5632	7408	13088	10	0	10	0	0	0	0	0	16	8192	0	0	0	1	17	95	142	11	8	16	44
7917	-4752	7312	13232	10	0	10	0	0	0	0	0	16	8192	0	0	0	4	0	95	142	10	7	13	42
7918	-3600	7280	14112	10	0	10	0	0	0	0	0	16	8192	0	0	0	13	0	95	142	10	6	11	41
7919	-3008	6352	14064	10	0	10	0	0	0	0	0	16	16384	0	0	0	18	0	95	142	10	5	9	40
7920	-2672	6528	14288	10	0	10	0	0	0	0	0	16	16384	0	0	0	17	0	95	142	9	5	7	39
7921	-2656	6480	14288	10	0	10	0	0	0	0	0	16	16384	0	0	0	16	0	95	142	8	4	7	38
7922	-2544	6336	14384	10	0	10	0	0	0	0	0	16	16384	0	0	0	17	0	95	142	6	4	7	39
7923	-3056	6944	14336	10	0	10	0	0	0	0	0	16	16384	0	0	1	14	0	95	142	6	4	7	41
7924	-3200	6880	13968	10	0	10	0	0	0	0	0	16	16384	0	0	13	7	0	95	142	5	3	7	38
7925	-2992	7248	14128	10	0	10	0	0	0	0	0	16	8192	0	0	34	2	0	95	142	5	3	6	36
7926	-3008	7232	14176	10	0	10	0	0	0	0	0	16	8192	0	0	33	4	0	95	142	5	3	6	37
7927	-2960	6848	13952	10	0	10	0	0	0	0	0	16	8192	0	0	21	3	0	95	142	4	3	5	35
7928	-2752	6832	13984	10	0	10	0	0	0	0	0	16	8192	0	0	10	1	0	95	142	4	2	5	34
7929	-2768	7232	14000	10	0	10	0	0	0	0	0	18	8192	0	0	3	1	0	95	142	4	2	5	34
7930	-3184	6848	14016	10	0	10	0	0	0	0	0	16	8192	0	0	1	1	0	95	142	4	2	4	31
7931	-2960	7024	14048	10	0	10	0	0	0	0	0	16	0	0	0	0	0	0	95	142	4	2	4	30
7932	-3136	7008	14000	10	0	10	0	0	0	0	0	16	0	0	0	0	0	0	95	142	4	1	4	30
7933	-3008	6960	14048	10	0	10	0	0	0	0	0	16	0	0	0	0	0	0	95	142	4	2	3	29
7934	-3008	6928	14048	10	0	10	0	0	0	0	0	16	0	0	0	0	0	0	95	142	4	2	3	29
7935	-3184	6864	14336	10	0	10	0	0	0	0	0	16	0	0	0	0	0	0	95	142	4	2	3	27
7936	-2816	6864	14048	10	0	10	0	0	0	0	0	16	0	0	0	0	0	0	95	142	5	2	2	28
7937	-2528	6848	14400	10	0	10	0	0	0	0	0	16	0	0	0	0	0	0	95	142	5	2	2	28
7938	-3200	6784	14336	10	0	10	0	0	0	0	0	16	0	0	0	0	0	0	95	142	6	2	3	27
7939	-4000	6880	13712	10	0	10	0	0	0	0	0	16	0	0	0	0	0	0	95	142	6	2	3	27
7940	-4272	7264	13520	10	0	10	0	0	0	0	0	16	8192	0	0	0	0	0	95	142	6	2	3	27
7941	-4560	7008	13680	10	0	10	0	0	0	0	0	16	8192	0	0	0	0	0	95	142	7	2	3	29
7942	-4560	6960	13520	10	0	10	0	0	0	0	0	16	8192	0	0	0	0	0	95	142	6	2	3	27
7943	-4672	6976	13840	10	0	10	0	0	0	0	0	16	8192	0	0	0	0	0	95	142	6	2	3	25
7944	-4320	6784	13904	10	0	10	0	0	0	0	0	16	8192	0	0	0	0	0	95	142	5	2	4	22
7945	-4256	6784	13920	10	0	10	0	0	0	0	0	16	8192	0	0	0	0	0	95	142	6	2	3	21
7946	-4304	6992	13856	10	0	10	0	0	0	0	0	16	8192	0	0	0	0	0	95	142	5	2	3	19
7947	-4464	7024	13824	10	0	10	0	0	0	0	0	16	8192	0	0	0	0	0	95	142	4	2	3	17
7948	-4400	6944	13824	10	0	10	0	0	0	0	0	16	8192	0	0	0	0	0	95	142	4	1	3	17
7949	-4336	6640	13536	10	0	10	0	0	0	0	0	16	8192	0	0	0	0	0	95	142	3	1	3	17
7950	-4272	6912	13824	10	0	10	0	0	0	0	0	16	0	0	0	0	0	0	95	142	3	1	3	17
7951	-4224	6768	13744	10	0	10	0	0	0	0	0	16	0	0	0	0	0	0	95	142	3	2	3	16
7952	-4160	6592	14080	10	0	10	0	0	0	0	0	16	0	0	0	0	0	0	95	142	3	1	3	15
7953	-4208	6592	13776	10	0	10	0	0	0	0	0	16	0	0	0	0	0	0	95	142	2	1	3	15
7954	-4016	6592	13776	10	0	10	0	0	0	0	0	16	0	0	0	0	0	0	95	142	2	1	3	16
7955	-4160	6768	13808	10	0	10	0	0	0	0	0	16	0	0	0	0	0	0	95	142	3	1	4	16
7956	-4208	6576	14096	10	0	10	0	0	0	0	0	16	0	0	0	0	0	0	95	142	3	1	4	17
7957	-4208	6528	14096	10	0	10	0	0	0	0	0	16	0	0	0	0	0	0	95	142	3	1	4	17
7958	-4224	6768	13792	10	0	10	0	0	0	0	0	16	0	0	0	0	0	0	95	142	2	1	3	21
7959	-4032	6720	14144	10	0	10	0	0	0	0	0	16	0	0	0	0	0	0	95	142	2	1	3	21
7960	-4016	6304	13968	10	0	10	0	0	0	0	0	16	0	0	0	0	0	0	95	142	3	1	3	18
7961	-4032	6304	13984	10	0	10	0	0	0	0	0	16	0	0	0	0	0	0	95	142	3	1	3	17
7962	-4064	6752	14192	10	0	10	0	0	0	0	0	16	0	0	0	0	0	0	95	142	3	1	3	18
7963	-4080	6336	13952	10	0	10	0	0	0	0	0	16	0	0	0	0	0	0	95	142	3	1	3	20
7964	-4480	6272	14192	10	0	10	0	0	0	0	0	16	0	0	0	0	0	0	95	142	3	1	3	21
7965	-4272	6448	14176	10	0	10	0	0	0	0	0	16	0	0	0	0	0	0	95	142	4	2	3	20
7966	-4640	6112	13728	10	0	10	0	0	0	0	0	16	0	0	0	0	0	0	95	142	4	1	3	20
7967	-4608	5792	13648	10	0	10	0	0	0	0	0	16	0	0	0	0	0	0	95	142	5	1	3	22
7968	-5136	5552	13824	10	0	10	0	0	0	0	0	16	0	0	0	0	0	0	95	142	5	1	4	25
7969	-4864	4496	13984	10	0	10	0	0	0	0	0	18	8192	0	0	0	0	0	95	142	5	1	7	30
7970	-5456	3696	14304	10	0	10	0	0	0	0	0	16	8192	0	0	0	0	0	95	142	6	2	12	38
7971	-5408	2816	14704	10	0	10	0	0	0	0	0	16	8192	0	0	0	0	0	95	142	7	2	15	41
7972	-5392	2352	14928	10	0	10	0	0	0	0	0	1040	16384	0	0	0	0	0	95	142	7	3	19	43
7973	-5248	1632	14768	10	0	10	0	0	0	0	0	16	16384	0	0	0	0	0	95	142	7	3	20	42
7974	-5248	672	14720	10	0	10	0	0	0	0	0	16	16384	0	0	0	0	0	95	142	6	3	22	40
7975	-4528	960	14928	10	0	10	0	0	0	0	0	16	16384	0	0	0	0	0	95	142	6	3	25	89
7976	-4464	2128	14896	10	0	10	0	0	0	0	0	16	16384	0	0	0	0	0	95	142	9	24	39	118
7977	-4416	2560	14688	10	0	10	0	0	0	0	0	16	16384	0	0	0	0	0	95	142	14	35	43	109
7978	-5600	976	14496	10	0	10	0	0	0	0	0	16	16384	0	0	0	0	0	95	142	15	34	38	113
7979	-4944	-2480	15216	10	0	10	0	0	0	0	0	16	16384	0	0	0	0	0	95	142	15	34	36	100
7980	-4896	-3712	15200	10	0	10	0	0	0	0	0	16	16384	0	0	0	0	0	95	142	16	35	33	92
7981	-3056	-3344	15008	10	0	10	0	0	0	0	0	16	16384	0	0	0	0	0	95	142	17	37	32	82
7982	-3232	-2880	15680	10	0	10	0	0	0	0	0	16	16384	0	0	0	0	0	95	142	19	39	31	73
7983	-3904	-2256	15472	10	0	10	0	0	0	0	0	16	16384	0	0	0	0	0	95	142	20	39	30	69
7984	-4656	-1584	14736	10	0	10	0	0	0	0	0	16	16384	0	0	0	0	0	95	142	17	20	16	66
7985	-4992	-800	14832	10	0	10	0	0	0	0	0	16	8192	0	0	0	0	0	95	142	12	9	11	56
7986	-5968	-864	14960	10	0	10	0	0	0	0	0	16	8192	0	0	0	0	0	95	142	11	8	10	48
7987	-5984	-512	14768	10	0	10	0	0	0	0	0	16	8192	0	0	0	0	0	95	142	8	7	9	42
7988	-6288	-576	14304	10	0	10	0	0	0	0	0	16	16384	0	0	0	0	0	95	142	8	7	9	39
7989	-5808	-272	14656	10	0	10	0	0	0	0	0	16	8192	0	0	0	0	0	95	142	6	4	8	42
7990	-5264	-416	14512	10	0	10	0	0	0	0	0	16	8192	0	0	0	0	0	95	142	4	3	7	65
7991	-4960	-1584	14752	10	0	10	0	0	0	0	0	16	16384	0	0	0	0	0	95	142	5	7	7	68
7992	-5200	-2064	14992	10	0	10	0	0	0	0	0	16	8192	0	0	0	0	0	95	142	4	6	5	59
7993	-5280	-1024	15072	10	0	10	0	0	0	0	0	16	8192	0	0	0	0	0	95	142	4	6	5	86
7994	-5200	-736	14752	10	0	10	0	0	0	0	0	16	8192	0	0	0	0	0	95	142	17	15	21	101
7995	-5504	-1232	14752	10	0	10	0	0	0	0	0	16	8192	0	0	1	0	0	95	142	19	16	34	97
7996	-5280	-1376	14736	10	0	10	0	0	0	0	0	16	0	0	0	0	0	0	95	142	19	18	41	89
7997	-6224	-912	14960	10	0	10	0	0	0	0	0	16	0	0	0	1	0	0	95	142	20	20	42	79
7998	-5296	-1552	14768	10	0	10	0	0	0	0	0	16	0	0	0	2	0	0	95	142	21	20	44	65
7999	-5408	-2240	14464	10	0	10	0	0	0	0	0	16	8192	0	0	3	0	0	95	142	19	16	42	57
8000	-5072	-1984	14208	10	0	10	0	0	0	0	0	16	8192	0	0	6	0	0	95	142	19	16	43	51
8001	-5632	-2016	14272	10	0	10	0	0	0	0	0	16	8192	0	0	10	0	0	95	142	19	16	43	49
8002	-5920	-1248	14816	10	0	10	0	0	0	0	0	16	0	0	0	18	0	0	95	142	8	7	27	45
8003	-6000	-1120	14576	10	0	10	0	0	0	0	0	18	8192	0	0	38	0	0	95	142	6	6	14	44
8004	-6208	-2528	15200	10	0	10	0	0	0	0	0	16	0	0	0	46	0	0	95	142	6	5	8	40
8005	-7184	-2064	14576	10	0	10	0	0	0	0	0	16	8192	0	0	28	0	0	95	142	6	4	6	38
8006	-6288	-1296	14480	10	0	10	0	0	0	0	0	16	8192	0	0	1	0	0	95	142	6	3	4	38
8007	-5424	-960	14704	10	0	10	0	0	0	0	0	16	8192	0	0	0	0	0	95	142	6	3	4	38
8008	-4752	-960	14496	10	0	10	0	0	0	0	0	16	8192	0	0	0	0	0	95	142	5	3	4	38
8009	-5104	-1568	15104	10	0	10	0	0	0	0	0	16	0	0	0	0	0	0	95	142	5	3	4	37
8010	-5104	-1488	14928	10	0	10	0	0	0	0	0	16	0	0	0	0	0	0	95	142	4	2	4	35
8011	-4976	-1968	14480	10	0	10	0	0	0	0	0	16	0	0	0	0	0	0	95	142	4	2	4	34
8012	-5472	-2944	14848	10	0	10	0	0	0	0	0	16	0	0	0	0	0	0	95	142	4	2	4	36
8013	-5216	-2528	14816	10	0	10	0	0	0	0	0	16	8192	0	0	1	0	0	95	142	5	2	4	34
8014	-5248	-3424	14640	10	0	10	0	0	0	0	0	16	8192	0	0	4	0	0	95	142	5	2	5	42
8015	-5440	-2512	14016	10	0	10	0	0	0	0	0	16	8192	0	0	24	0	0	95	142	5	3	6	56
8016	-6192	-2272	14928	10	0	10	0	0	0	0	0	16	8192	0	0	36	0	0	95	142	7	6	10	156
8017	-5152	736	17072	10	0	10	0	0	0	0	0	16	8192	0	0	47	0	0	95	142	25	22	16	219
8018	-5344	-1328	16160	10	0	10	0	0	0	0	0	16	8192	0	0	37	0	0	95	142	38	29	58	297
8019	-6336	-1504	14560	10	0	10	0	0	0	0	0	16	8192	0	0	13	0	0	95	142	118	105	146	365
8020	-7696	-1104	14112	10	0	10	0	0	0	0	0	16	8192	0	0	0	0	0	95	142	134	124	200	466
8021	-6976	1344	13808	10	0	10	0	0	0	0	0	16	8192	0	0	0	0	0	95	142	160	171	349	480
8022	-7952	4544	13264	10	0	10	0	0	0	0	0	1040	16384	0	0	0	0	0	95	142	241	231	402	580
8023	-7328	6464	12512	10	0	10	0	0	0	0	0	16	16384	0	0	0	0	0	95	142	277	302	501	517
8024	-7472	6736	12640	10	0	10	0	0	0	0	0	16	32768	0	0	0	0	0	95	142	288	307	508	497
8025	-7424	7152	11424	10	0	10	0	0	0	0	0	16	32768	0	0	0	0	0	95	142	359	302	514	401
8026	-7792	7584	11248	10	0	10	0	0	0	0	0	16	32768	0	0	0	0	0	95	142	351	297	472	379
8027	-6400	8256	12400	10	0	10	0	0	0	0	0	16	32768	0	0	0	0	0	95	142	298	258	391	356
8028	-7248	7616	13024	10	0	10	0	0	0	0	0	16	16384	0	0	0	0	0	95	142	301	320	363	339
8029	-5760	9024	13584	10	0	10	0	0	0	0	0	16	32768	0	0	0	0	0	95	142	288	288	217	346
8030	-3680	10608	10960	10	0	10	0	0	0	0	0	16	32768	0	0	0	0	0	95	142	216	234	169	349
8031	-3744	11616	9280	10	0	10	0	0	0	0	0	16	32768	0	0	0	0	0	95	142	187	187	104	293
8032	-4688	10176	9776	10	0	10	0	0	0	0	0	16	32768	8	0	0	0	0	95	142	178	180	99	233
8033	-5456	7824	11120	10	0	10	0	0	0	0	0	16	16384	0	0	0	0	0	95	142	92	171	90	196
8034	-6656	5248	12208	10	0	10	0	0	0	0	0	16	8192	0	0	0	0	2	95	142	90	172	96	203
8035	-7536	3536	13168	10	0	10	0	0	0	0	0	16	8192	0	0	0	0	3	95	142	73	145	97	224
8036	-8144	2048	14448	10	0	10	0	0	0	0	0	16	16384	0	0	0	0	3	95	142	63	67	77	236
8037	-7600	2112	14240	10	0	10	0	0	0	0	0	16	16384	0	0	0	0	7	95	142	62	57	76	220
8038	-6400	3120	14064	10	0	10	0	0	0	0	0	16	16384	0	0	0	0	2	95	142	55	52	72	229
8039	-5328	3344	14592	10	0	10	0	0	0	0	0	20	16384	8	0	0	0	0	95	142	75	34	53	221
8040	-5472	3328	14528	10	0	10	0	0	0	0	0	16	16384	0	0	0	0	0	95	142	75	38	49	195
8041	-4144	3408	15008	10	0	10	0	0	0	0	0	16	16384	0	0	0	0	0	95	142	76	38	47	169
8042	-5280	3808	15216	10	0	10	0	0	0	0	0	16	32768	0	0	0	0	0	95	142	76	36	41	141
8043	-6224	5344	14336	10	0	10	0	0	0	0	0	16	16384	0	0	3	0	0	95	142	65	26	34	239
8044	-6880	5120	12752	10	0	10	0	0	0	0	0	16	16384	0	0	1	0	0	95	142	123	101	48	457
8045	-7216	2784	13312	10	0	10	0	0	0	0	0	16	0	0	0	0	0	0	95	142	157	172	170	718
8046	-7424	2752	13232	10	0	10	0	0	0	0	0	16	8192	0	0	0	0	0	95	142	307	938	1443	1030
8047	-6192	3168	13888	10	0	10	0	0	0	0	0	16	8192	0	0	0	0	0	95	142	362	1267	3416	1169
8048	-5536	2512	14336	10	0	10	0	0	0	0	0	16	8192	0	0	0	0	0	95	142	470	1751	4699	1199
8049	-5584	3392	14400	10	0	10	0	0	0	0	0	16	8192	0	0	0	0	0	95	142	552	1810	5040	1141
8050	-5264	2368	15120	10	0	10	0	0	0	0	0	16	0	0	0	0	0	0	95	142	692	2255	6047	1110
8051	-6048	3696	14224	10	0	10	0	0	0	0	0	16	8192	0	0	0	0	0	95	142	783	2586	7271	1094
8052	-6528	4512	14336	10	0	10	0	0	0	0	0	16	8192	0	0	0	0	0	95	142	749	2955	7789	1039
8053	-6576	4944	13824	10	0	10	0	0	0	0	0	16	8192	0	0	0	0	0	95	142	749	3090	8038	953
8054	-7600	4560	12944	10	0	10	0	0	0	0	0	16	0	0	0	0	0	0	95	142	661	2385	6877	843
8055	-8032	3728	13104	10	0	10	0	0	0	0	0	16	0	0	0	0	0	0	95	142	600	2147	4996	744
8056	-5456	4176	13456	10	0	10	0	0	0	0	0	16	8192	0	0	0	0	0	95	142	538	1691	3795	686
8057	-4128	3952	15216	10	0	10	0	0	0	0	0	16	8192	8	0	0	0	0	95	142	569	1697	3531	617
8058	-3568	3712	15456	10	0	10	0	0	0	0	0	16	8192	0	0	0	0	0	95	142	487	1298	2557	551
8059	-5968	3856	14304	10	0	10	0	0	0	0	0	16	8192	0	0	0	0	0	95	142	446	1076	1382	544
8060	-7600	5120	13600	10	0	10	0	0	0	0	0	16	0	0	0	0	0	0	95	142	428	649	874	517
8061	-7744	5328	13376	10	0	10	0	0	0	0	0	16	8192	0	0	0	0	0	95	142	397	464	511	478
8062	-6928	4880	13920	10	0	10	0	0	0	0	0	20	8192	8	0	0	0	0	95	142	419	442	432	473
8063	-5088	4208	14224	10	0	10	0	0	0	0	0	16	0	0	0	0	0	3	95	142	413	356	338	429
8064	-4720	2800	14496	10	0	10	0	0	0	0	0	16	8192	0	0	0	0	1	95	142	372	342	265	399
8065	-4512	1968	14944	10	0	10	0	0	0	0	0	16	8192	0	0	0	0	3	95	142	270	282	192	350
8066	-5920	2640	14400	10	0	10	0	0	0	0	0	16	16384	0	0	1	0	1	95	142	217	247	162	306
8067	-6640	2608	14000	10	0	10	0	0	0	0	0	16	8192	8	0	57	0	1	95	142	178	144	116	263
8068	-7024	3104	14160	10	0	10	0	0	0	0	0	16	8192	0	0	67	0	0	95	142	165	125	89	215
8069	-6688	3200	14000	10	0	10	0	0	0	0	0	16	16384	0	0	72	0	0	95	142	154	104	79	183
8070	-5104	3072	14896	10	0	10	0	0	0	0	0	16	4	0	0	71	1	0	125	142	75	67	45	149
8071	-3024	2624	15632	10	0	10	0	0	0	0	0	16	8192	0	0	66	0	0	95	142	59	55	30	118
8072	-3040	2528	15472	10	0	10	0	0	0	0	0	1044	16384	8	0	51	1	0	95	142	54	36	20	98
8073	-4624	2784	14960	10	0	10	0	0	0	0	0	16	16384	0	0	59	1	0	95	142	38	29	16	105
8074	-6784	2992	14064	10	0	10	0	0	0	0	0	16	8192	0	0	14	10	0	95	142	33	18	12	97
8075	-6080	2944	14240	10	0	10	0	0	0	0	0	16	8192	0	0	0	11	0	95	142	23	12	9	203
8076	-5680	2960	14560	10	0	10	0	0	0	0	0	16	8192	0	0	0	42	0	95	142	21	11	16	257
8077	-5280	3008	14544	10	0	10	0	0	0	0	0	16	1	0	0	0	52	0	95	142	64	244	1925	343
8078	-5072	3024	14528	10	0	10	0	0	0	0	0	16	8192	0	0	0	73	0	95	142	73	308	2409	335
8079	-5136	2960	14464	10	0	10	0	0	0	0	0	16	8192	0	0	0	41	0	95	142	77	310	2744	260
8080	-6176	3168	14208	10	0	10	0	0	0	0	0	16	8192	0	0	0	29	0	95	142	77	310	2745	186
8081	-7200	2784	13776	10	0	10	0	0	0	0	0	16	8192	0	0	0	6	0	95	142	75	310	2744	128
8082	-6848	2752	13744	10	0	10	0	0	0	0	0	16	16384	0	0	0	11	0	95	142	74	309	2744	87
8083	-6160	3136	14400	10	0	10	0	0	0	0	0	16	16384	0	0	1	0	0	95	142	73	309	2744	63
8084	-5184	3168	14512	10	0	10	0	0	0	0	0	16	8192	0	0	1	0	0	95	142	74	308	2734	45
8085	-5056	3040	14848	10	0	10	0	0	0	0	0	16	8192	0	0	0	0	0	95	142	26	71	825	35
8086	-5648	3024	14672	10	0	10	0	0	0	0	0	16	8192	8	0	0	1	0	95	142	9	4	338	34
8087	-5648	3008	14704	10	0	10	0	0	0	0	0	16	0	0	0	0	0	0	95	142	5	2	4	33
8088	-5360	3328	14496	10	0	10	0	0	0	0	0	16	0	0	0	0	1	0	95	142	5	2	3	30
8089	-5360	2960	14656	10	0	10	0	0	0	0	0	16	0	0	0	0	1	0	95	142	5	2	3	27
8090	-5744	3008	14256	10	0	10	0	0	0	0	0	16	0	0	0	0	1	0	95	142	5	2	3	55
8091	-5728	2688	14640	10	0	10	0	0	0	0	0	16	0	0	0	0	0	0	95	142	8	5	5	58
8092	-4496	2848	14976	10	0	10	0	0	0	0	0	16	8192	0	0	0	0	0	95	142	7	5	5	79
8093	-3952	2672	15408	10	0	10	0	0	0	0	0	16	8192	0	0	0	0	0	95	142	7	5	5	78
8094	-4496	2544	15120	10	0	10	0	0	0	0	0	16	8192	0	0	0	0	0	95	142	10	6	5	71
8095	-5488	3088	14480	10	0	10	0	0	0	0	0	16	0	0	0	0	0	0	95	142	11	6	6	136
8096	-5296	3024	14464	10	0	10	0	0	0	0	0	16	0	0	0	0	0	0	95	142	10	7	22	204
8097	-5184	3408	14560	10	0	10	0	0	0	0	0	16	0	0	0	0	0	0	95	142	14	17	38	265
8098	-5216	2992	14560	10	0	10	0	0	0	0	0	16	0	0	0	0	0	0	95	142	30	41	52	279
8099	-5424	2960	14512	10	0	10	0	0	0	0	0	16	0	0	0	0	0	0	95	142	35	41	53	269
8100	-5088	3184	14480	10	0	10	0	0	0	0	0	16	0	0	0	0	0	0	95	142	36	52	55	240
8101	-5088	2944	14512	10	0	10	0	0	0	0	0	16	0	0	0	0	0	0	95	142	45	58	59	221
8102	-5104	3136	14528	10	0	10	0	0	0	0	0	16	0	0	0	0	0	0	95	142	48	66	59	198
8103	-5424	2960	14512	10	0	10	0	0	0	0	0	16	0	0	0	0	0	0	95	142	51	67	60	166
8104	-5392	2944	14544	10	0	10	0	0	0	0	0	18	8192	0	0	0	0	0	95	142	54	67	44	145
8105	-5120	2992	14880	10	0	10	0	0	0	0	0	16	8192	0	0	0	0	0	95	142	55	64	29	121
8106	-5104	3168	14848	10	0	10	0	0	0	0	0	16	0	0	0	0	0	0	95	142	40	40	14	102
8107	-5088	3136	14496	10	0	10	0	0	0	0	0	16	0	0	0	0	0	0	95	142	32	37	12	84
8108	-5424	3152	14496	10	0	10	0	0	0	0	0	20	0	8	0	0	0	0	95	142	31	26	9	68
8109	-5392	3104	14480	10	0	10	0	0	0	0	0	16	0	0	0	0	0	0	95	142	21	21	5	62
8110	-5104	3120	14528	10	0	10	0	0	0	0	0	16	0	0	0	0	0	0	95	142	16	13	5	56
8111	-5408	3184	14496	10	0	10	0	0	0	0	0	16	0	0	0	0	0	0	95	142	15	11	4	46
8112	-5072	2944	14480	10	0	10	0	0	0	0	0	16	0	0	0	0	0	0	95	142	12	9	4	37
8113	-5392	2992	14544	10	0	10	0	0	0	0	0	16	0	0	0	0	0	0	95	142	6	3	3	37
8114	-5392	3056	14528	10	0	10	0	0	0	0	0	16	0	0	0	0	0	0	95	142	7	3	4	34
8115	-5392	3024	14560	10	0	10	0	0	0	0	0	16	0	0	0	0	0	0	95	142	5	2	4	30
8116	-5392	2992	14496	10	0	10	0	0	0	0	0	16	0	0	0	0	0	0	95	142	5	2	4	25
8117	-5392	3008	14512	10	0	10	0	0	0	0	0	16	0	0	0	0	0	0	95	142	6	2	4	25
8118	-5408	3024	14848	10	0	10	0	0	0	0	0	16	0	0	0	0	0	0	95	142	5	2	4	24
8119	-5120	3184	14528	10	0	10	0	0	0	0	0	16	0	0	0	0	0	0	95	142	3	2	4	24
8120	-5456	3184	14528	10	0	10	0	0	0	0	0	16	0	0	0	0	0	0	95	142	3	2	5	22
8121	-5440	3152	14560	10	0	10	0	0	0	0	0	16	0	0	0	0	0	0	95	142	3	1	4	21
8122	-5408	2976	14544	10	0	10	0	0	0	0	0	16	0	0	0	0	0	0	95	142	2	1	4	20
8123	-5408	2976	14496	10	0	10	0	0	0	0	0	16	0	0	0	0	0	0	95	142	3	1	4	18
8124	-5408	2944	14528	10	0	10	0	0	0	0	0	16	0	0	0	3	0	0	95	142	2	1	3	16
8125	-5088	3152	14544	10	0	10	0	0	0	0	0	16	0	0	0	4	0	0	95	142	2	1	3	18
8126	-5408	3152	14560	10	0	10	0	0	0	0	0	16	0	0	0	0	0	0	95	142	3	1	3	18
8127	-5120	2960	14560	10	0	10	0	0	0	0	0	16	0	0	0	0	0	0	95	142	4	1	3	19
8128	-5104	3184	14576	10	0	10	0	0	0	0	0	16	0	0	0	0	0	0	95	142	4	1	3	20
8129	-5120	3152	14544	10	0	10	0	0	0	0	0	16	0	0	0	0	0	0	95	142	4	1	3	20
8130	-5088	2960	14576	10	0	10	0	0	0	0	0	16	0	0	0	0	0	0	95	142	5	1	3	21
8131	-5120	2960	14880	10	0	10	0	0	0	0	0	16	0	0	0	0	0	0	95	142	5	1	3	21
8132	-5120	2992	14864	10	0	10	0	0	0	0	0	16	0	0	0	0	0	0	95	142	5	1	3	21
8133	-5456	3024	14544	10	0	10	0	0	0	0	0	16	0	0	0	0	0	0	95	142	6	1	3	23
8134	-5440	2960	14576	10	0	10	0	0	0	0	0	16	0	0	0	0	0	0	95	142	5	1	3	24
8135	-5392	3184	14576	10	0	10	0	0	0	0	0	16	0	0	0	0	0	0	95	142	5	1	3	21
8136	-5424	3184	14528	10	0	10	0	0	0	0	0	16	0	0	0	0	0	0	95	142	5	1	3	19
8137	-5408	3008	14864	10	0	10	0	0	0	0	0	16	0	0	0	0	0	0	95	142	4	1	3	18
8138	-5408	2992	14560	10	0	10	0	0	0	0	0	16	0	0	0	0	0	0	95	142	4	1	3	20
8139	-5440	3168	14576	10	0	10	0	0	0	0	0	16	0	0	0	0	0	0	95	142	4	1	3	23
8140	-5408	3008	14528	10	0	10	0	0	0	0	0	16	0	0	0	0	0	0	95	142	3	1	3	28
8141	-5120	3024	14544	10	0	10	0	0	0	0	0	16	0	0	0	0	0	0	95	142	3	1	3	29
8142	-5424	3328	14544	10	0	10	0	0	0	0	0	16	0	0	0	0	0	0	95	142	3	1	3	30
8143	-5392	3056	14528	10	0	10	0	0	0	0	0	16	0	0	0	0	0	0	95	142	2	1	3	34
8144	-5456	3328	14496	10	0	10	0	0	0	0	0	16	0	0	0	0	0	0	95	142	2	1	3	37
8145	-5408	3328	14704	10	0	10	0	0	0	0	0	16	0	0	0	0	0	0	95	142	3	2	4	38
8146	-5408	3328	14464	10	0	10	0	0	0	0	0	16	0	0	0	0	0	0	95	142	3	2	4	37
8147	-5392	3008	14496	10	0	10	0	0	0	0	0	16	0	0	0	0	0	0	95	142	3	2	4	36
8148	-5392	3008	14528	10	0	10	0	0	0	0	0	16	0	0	0	0	0	0	95	142	3	2	4	34
8149	-5104	3008	14560	10	0	10	0	0	0	0	0	16	0	0	0	0	0	0	95	142	3	2	4	31
8150	-5104	3184	14528	10	0	10	0	0	0	0	0	16	0	0	0	0	0	0	95	142	4	2	4	30
8151	-5104	3008	14496	10	0	10	0	0	0	0	0	16	0	0	0	0	0	0	95	142	4	2	4	30
8152	-5424	3328	14560	10	0	10	0	0	0	0	0	16	0	0	0	0	0	0	95	142	4	2	4	29
8153	-5120	3328	14496	10	0	10	0	0	0	0	0	16	0	0	0	0	0	0	95	142	4	2	3	28
8154	-5120	3024	14496	10	0	10	0	0	0	0	0	16	0	0	0	0	0	0	95	142	4	2	4	25
8155	-5120	3040	14496	10	0	10	0	0	0	0	0	16	0	0	0	0	0	0	95	142	3	1	3	23
8156	-5408	3024	14480	10	0	10	0	0	0	0	0	16	0	0	0	0	0	0	95	142	3	1	3	24
8157	-5040	3344	14464	10	0	10	0	0	0	0	0	16	0	0	0	0	0	0	95	142	4	1	3	23
8158	-5072	3328	14464	10	0	10	0	0	0	0	0	16	0	0	0	0	0	0	95	142	3	1	3	20
8159	-5104	3360	14480	10	0	10	0	0	0	0	0	16	0	0	0	0	0	0	95	142	3	1	3	21
8160	-5088	2976	14496	10	0	10	0	0	0	0	0	16	0	0	0	0	0	0	95	142	3	1	3	22
8161	-5104	3040	14480	10	0	10	0	0	0	0	0	16	0	0	0	0	0	0	95	142	3	1	3	23
8162	-5104	2992	14512	10	0	10	0	0	0	0	0	16	0	0	0	0	0	0	95	142	3	1	3	24
8163	-5104	2976	14544	10	0	10	0	0	0	0	0	16	0	0	0	0	0	0	95	142	3	1	4	24
8164	-5104	3008	14560	10	0	10	0	0	0	0	0	16	0	0	0	0	0	0	95	142	3	1	4	26
8165	-5040	3056	14848	10	0	10	0	0	0	0	0	16	0	0	0	0	0	0	95	142	3	1	4	27
8166	-5072	3008	14864	10	0	10	0	0	0	0	0	16	0	0	0	0	0	0	95	142	3	1	4	27
8167	-5072	3328	14576	10	0	10	0	0	0	0	0	16	0	0	0	0	0	0	95	142	3	1	4	28
8168	-5120	2992	14848	10	0	10	0	0	0	0	0	16	0	0	0	0	0	0	95	142	3	1	3	29
8169	-5072	2976	14576	10	0	10	0	0	0	0	0	16	0	0	0	0	0	0	95	142	3	1	3	27
8170	-5088	2992	14576	10	0	10	0	0	0	0	0	16	0	0	0	1	0	0	95	142	3	1	3	24
8171	-5104	3008	14576	10	0	10	0	0	0	0	0	16	0	0	0	1	0	0	95	142	3	1	3	24
8172	-5392	2960	14512	10	0	10	0	0	0	0	0	16	0	0	0	0	0	0	95	142	3	1	3	24
8173	-5104	2976	14544	10	0	10	0	0	0	0	0	16	0	0	0	0	0	0	95	142	3	1	2	25
8174	-5088	3168	14544	10	0	10	0	0	0	0	0	16	0	0	0	0	0	0	95	142	3	1	2	24
8175	-5056	3184	14544	10	0	10	0	0	0	0	0	16	0	0	0	0	0	0	95	142	3	1	3	21
8176	-5104	2976	14880	10	0	10	0	0	0	0	0	16	0	0	0	0	0	0	95	142	4	1	3	20
8177	-5392	3008	14848	10	0	10	0	0	0	0	0	16	0	0	0	0	0	0	95	142	3	1	3	20
8178	-5120	3024	14544	10	0	10	0	0	0	0	0	16	0	0	0	0	0	0	95	142	3	1	3	22
8179	-5072	3344	14528	10	0	10	0	0	0	0	0	16	0	0	0	0	0	0	95	142	4	1	3	21
8180	-5120	3056	14544	10	0	10	0	0	0	0	0	16	0	0	0	0	0	0	95	142	4	1	3	20
8181	-5088	3344	14496	10	0	10	0	0	0	0	0	16	0	0	0	0	0	0	95	142	3	1	3	21
8182	-5104	3376	14496	10	0	10	0	0	0	0	0	16	0	0	0	0	0	0	95	142	3	1	3	19
8183	-5120	3040	14496	10	0	10	0	0	0	0	0	16	0	0	0	0	0	0	95	142	3	1	3	19
8184	-5120	2960	14528	10	0	10	0	0	0	0	0	16	0	0	0	0	0	0	95	142	3	1	3	20
8185	-5072	2992	14512	10	0	10	0	0	0	0	0	16	0	0	0	1	0	0	95	142	4	1	3	21
8186	-5104	2976	14864	10	0	10	0	0	0	0	0	16	0	0	0	1	0	0	95	142	3	1	3	23
8187	-5024	3024	14560	10	0	10	0	0	0	0	0	16	0	0	0	1	0	0	95	142	3	1	3	22
8188	-5056	2976	14544	10	0	10	0	0	0	0	0	16	0	0	0	1	0	0	95	142	3	1	3	21
8189	-5088	3008	14560	10	0	10	0	0	0	0	0	16	0	0	0	1	0	0	95	142	3	1	3	19
8190	-5120	3008	14576	10	0	10	0	0	0	0	0	16	0	0	0	1	0	0	95	142	3	1	3	21
8191	-5408	3008	14560	10	0	10	0	0	0	0	0	16	0	0	0	1	0	0	95	142	2	1	2	23
8192	-5408	3024	14528	10	0	10	0	0	0	0	0	16	0	0	0	1	0	0	95	142	3	1	2	23
8193	-5440	3008	14512	10	0	10	0	0	0	0	0	16	0	0	0	0	0	0	95	142	2	1	3	21
8194	-5424	3328	14544	10	0	10	0	0	0	0	0	16	0	0	0	0	0	0	95	142	2	1	3	19
8195	-5392	3008	14560	10	0	10	0	0	0	0	0	16	0	0	0	0	0	0	95	142	2	1	3	19
8196	-5104	3024	14464	10	0	10	0	0	0	0	0	16	0	0	0	0	0	0	95	142	2	1	3	20
8197	-5088	2976	14528	10	0	10	0	0	0	0	0	16	0	0	0	0	0	0	95	142	2	1	3	20
8198	-5104	2960	14560	10	0	10	0	0	0	0	0	16	0	0	0	0	0	0	95	142	2	1	3	19
8199	-5088	3168	14480	10	0	10	0	0	0	0	0	16	0	0	0	0	0	0	95	142	2	1	3	19
8200	-5120	3184	14496	10	0	10	0	0	0	0	0	16	0	0	0	0	0	0	95	142	1	1	3	21
8201	-5072	2960	14560	10	0	10	0	0	0	0	0	16	0	0	0	0	0	0	95	142	2	1	3	20
8202	-5088	3168	14528	10	0	10	0	0	0	0	0	16	0	0	0	0	0	0	95	142	2	1	3	20
8203	-5088	3104	14464	10	0	10	0	0	0	0	0	16	0	0	0	0	0	0	95	142	2	1	3	22
8204	-5040	3120	14496	10	0	10	0	0	0	0	0	16	0	0	0	0	0	0	95	142	2	1	3	25
8205	-5072	3152	14528	10	0	10	0	0	0	0	0	16	0	0	0	0	0	0	95	142	3	1	3	27
8206	-5072	2960	14544	10	0	10	0	0	0	0	0	16	0	0	0	0	0	0	95	142	3	1	3	26
8207	-5072	2976	14576	10	0	10	0	0	0	0	0	16	0	0	0	0	0	0	95	142	3	1	3	23
8208	-5392	2976	14512	10	0	10	0	0	0	0	0	16	0	0	0	0	0	0	95	142	3	1	3	20
8209	-5072	2976	14544	10	0	10	0	0	0	0	0	16	0	0	0	0	0	0	95	142	3	1	3	20
8210	-5104	3024	14560	10	0	10	0	0	0	0	0	16	0	0	0	0	0	0	95	142	3	1	3	19
8211	-5120	3056	14544	10	0	10	0	0	0	0	0	16	0	0	0	0	0	0	95	142	3	1	3	19
8212	-5120	2992	14528	10	0	10	0	0	0	0	0	16	0	0	0	0	0	0	95	142	3	1	3	19
8213	-5408	3056	14544	10	0	10	0	0	0	0	0	16	0	0	0	0	0	0	95	142	3	1	3	20
8214	-5392	3024	14544	10	0	10	0	0	0	0	0	16	0	0	0	0	0	0	95	142	3	1	3	22
8215	-5072	2944	14560	10	0	10	0	0	0	0	0	16	0	0	0	0	0	0	95	142	3	1	3	23
8216	-5088	2976	14512	10	0	10	0	0	0	0	0	16	0	0	0	0	0	0	95	142	3	1	3	23
8217	-5072	2944	14528	10	0	10	0	0	0	0	0	16	0	0	0	0	0	0	95	142	3	1	3	25
8218	-5120	3184	14544	10	0	10	0	0	0	0	0	16	0	0	0	0	0	0	95	142	3	1	3	26
8219	-5392	3168	14544	10	0	10	0	0	0	0	0	16	0	0	0	0	0	0	95	142	3	1	3	25
8220	-5120	3184	14512	10	0	10	0	0	0	0	0	16	0	0	0	0	0	0	95	142	4	1	3	25
8221	-5120	2976	14560	10	0	10	0	0	0	0	0	16	0	0	0	0	0	0	95	142	3	1	3	23
8222	-5088	2960	14544	10	0	10	0	0	0	0	0	16	0	0	0	0	0	0	95	142	3	1	3	22
8223	-5104	3184	14544	10	0	10	0	0	0	0	0	16	0	0	0	0	0	0	95	142	3	1	3	24
8224	-5104	2960	14512	10	0	10	0	0	0	0	0	16	0	0	0	0	0	0	95	142	4	1	3	23
8225	-5104	3168	14512	10	0	10	0	0	0	0	0	16	0	0	0	0	0	0	95	142	3	1	3	25
8226	-5072	3152	14848	10	0	10	0	0	0	0	0	16	0	0	0	0	0	0	95	142	3	1	3	25
8227	-5040	2976	14544	10	0	10	0	0	0	0	0	16	0	0	0	0	0	0	95	142	3	1	3	25
8228	-5072	2976	14512	10	0	10	0	0	0	0	0	16	0	0	0	0	0	0	95	142	3	1	3	24
8229	-5040	3008	14528	10	0	10	0	0	0	0	0	16	0	0	0	0	0	0	95	142	3	1	3	25
8230	-5008	3008	14528	10	0	10	0	0	0	0	0	16	0	0	0	0	0	0	95	142	2	1	2	26
8231	-5024	3008	14544	10	0	10	0	0	0	0	0	16	0	0	0	0	0	0	95	142	2	1	3	25
8232	-5072	3024	14560	10	0	10	0	0	0	0	0	16	0	0	0	0	0	0	95	142	2	1	3	23
8233	-5120	3056	14560	10	0	10	0	0	0	0	0	16	0	0	0	0	0	0	95	142	2	1	3	26
8234	-5120	3344	14544	10	0	10	0	0	0	0	0	16	0	0	0	0	0	0	95	142	2	1	3	29
8235	-5072	3040	14560	10	0	10	0	0	0	0	0	16	0	0	0	0	0	0	95	142	2	1	3	28
8236	-5024	3024	14848	10	0	10	0	0	0	0	0	16	0	0	0	0	0	0	95	142	2	1	3	28
8237	-5024	3024	14560	10	0	10	0	0	0	0	0	16	0	0	0	0	0	0	95	142	2	1	3	26
8238	-5024	3024	14528	10	0	10	0	0	0	0	0	16	0	0	0	0	0	0	95	142	3	2	4	27
8239	-5120	3024	14544	10	0	10	0	0	0	0	0	16	0	0	0	0	0	0	95	142	3	1	4	28
8240	-5072	3040	14576	10	0	10	0	0	0	0	0	16	0	0	0	0	0	0	95	142	3	2	4	27
8241	-5024	3008	14848	10	0	10	0	0	0	0	0	16	0	0	0	0	0	0	95	142	4	2	4	25
8242	-5040	3024	14544	10	0	10	0	0	0	0	0	16	0	0	0	0	0	0	95	142	3	2	4	27
8243	-5232	2976	14528	10	0	10	0	0	0	0	0	16	0	0	0	0	0	0	95	142	3	1	4	29
8244	-5040	2976	14496	10	0	10	0	0	0	0	0	16	0	0	0	0	0	0	95	142	4	2	4	30
8245	-5072	2976	14544	10	0	10	0	0	0	0	0	16	0	0	0	0	0	0	95	142	4	2	4	31
8246	-5072	3024	14496	10	0	10	0	0	0	0	0	16	0	0	0	0	0	0	95	142	4	1	4	29
8247	-5024	3024	14464	10	0	10	0	0	0	0	0	16	0	0	0	0	0	0	95	142	4	1	4	28
8248	-5056	3040	14480	10	0	10	0	0	0	0	0	16	0	0	0	0	0	0	95	142	5	1	4	27
8249	-5024	3040	14544	10	0	10	0	0	0	0	0	16	0	0	0	0	0	0	95	142	4	1	3	25
8250	-5056	3328	14880	10	0	10	0	0	0	0	0	16	0	0	0	0	0	0	95	142	4	1	3	26
8251	-5056	3024	14576	10	0	10	0	0	0	0	0	16	0	0	0	0	0	0	95	142	5	1	3	26
8252	-5024	3024	14544	10	0	10	0	0	0	0	0	16	0	0	0	0	0	0	95	142	3	1	3	27
8253	-5008	3040	14544	10	0	10	0	0	0	0	0	16	0	0	0	0	0	0	95	142	3	1	3	27
8254	-5040	3056	14544	10	0	10	0	0	0	0	0	16	0	0	0	0	0	0	95	142	3	1	3	29
8255	-5232	2960	14576	10	0	10	0	0	0	0	0	16	0	0	0	0	0	0	95	142	3	1	3	31
8256	-5232	3024	14864	10	0	10	0	0	0	0	0	16	0	0	0	0	0	0	95	142	2	1	3	32
8257	-5072	3040	14848	10	0	10	0	0	0	0	0	16	0	0	0	0	0	0	95	142	2	1	3	29
8258	-5056	3024	14848	10	0	10	0	0	0	0	0	16	0	0	0	0	0	0	95	142	3	1	3	28
8259	-5088	2992	14576	10	0	10	0	0	0	0	0	16	0	0	0	0	0	0	95	142	3	1	3	25
8260	-5072	3008	14512	10	0	10	0	0	0	0	0	16	0	0	0	0	0	0	95	142	4	1	4	24
8261	-5024	3040	14560	10	0	10	0	0	0	0	0	16	0	0	0	0	0	0	95	142	4	1	3	21
8262	-5232	2960	14496	10	0	10	0	0	0	0	0	16	0	0	0	0	0	0	95	142	4	1	3	22
8263	-5040	3024	14496	10	0	10	0	0	0	0	0	16	0	0	0	0	0	0	95	142	4	1	3	22
8264	-5088	3024	14496	10	0	10	0	0	0	0	0	16	0	0	0	0	0	0	95	142	4	1	3	21
8265	-5024	2976	14560	10	0	10	0	0	0	0	0	16	0	0	0	0	0	0	95	142	5	2	3	21
8266	-5024	3184	14848	10	0	10	0	0	0	0	0	16	0	0	0	0	0	0	95	142	4	2	3	24
8267	-5040	3008	14544	10	0	10	0	0	0	0	0	16	0	0	0	0	0	0	95	142	4	2	2	23
8268	-5008	2992	14512	10	0	10	0	0	0	0	0	16	0	0	0	0	0	0	95	142	4	2	2	21
8269	-5056	2960	14848	10	0	10	0	0	0	0	0	16	0	0	0	0	0	0	95	142	3	2	2	19
8270	-5056	2960	14576	10	0	10	0	0	0	0	0	16	0	0	0	0	0	0	95	142	3	2	2	17
8271	-5056	2976	14864	10	0	10	0	0	0	0	0	16	0	0	0	0	0	0	95	142	3	1	2	17
8272	-5072	2992	14864	10	0	10	0	0	0	0	0	16	0	0	0	0	0	0	95	142	3	1	3	20
8273	-5056	3152	14880	10	0	10	0	0	0	0	0	16	0	0	0	0	0	0	95	142	3	1	3	22
8274	-5248	2944	14880	10	0	10	0	0	0	0	0	16	0	0	0	0	0	0	95	142	3	1	3	22
8275	-5056	2944	14864	10	0	10	0	0	0	0	0	16	0	0	0	0	0	0	95	142	3	1	3	23
8276	-5072	2944	14576	10	0	10	0	0	0	0	0	16	0	0	0	0	0	0	95	142	2	1	3	22
8277	-5072	3008	14880	10	0	10	0	0	0	0	0	16	0	0	0	0	0	0	95	142	3	1	3	23
8278	-5072	3184	14544	10	0	10	0	0	0	0	0	16	0	0	0	0	0	0	95	142	3	1	3	26
8279	-5056	2960	14576	10	0	10	0	0	0	0	0	16	0	0	0	0	0	0	95	142	3	1	3	26
8280	-5008	2976	14528	10	0	10	0	0	0	0	0	16	0	0	0	0	0	0	95	142	3	1	3	24
8281	-5024	2960	14544	10	0	10	0	0	0	0	0	16	0	0	0	0	0	0	95	142	3	1	3	44
8282	-5040	3008	14928	10	0	10	0	0	0	0	0	16	0	0	0	0	0	0	95	142	3	3	4	1367
8283	-5248	3168	14912	10	0	10	0	0	0	0	0	16	0	0	0	0	0	0	95	142	2042	147	122	3244
8284	-5024	3040	14912	10	0	10	0	0	0	0	0	16	0	0	0	0	0	0	95	142	5172	389	241	4698
8285	-5072	3056	14544	10	0	10	0	0	0	0	0	16	0	0	0	0	0	0	95	142	15402	1180	795	5338
8286	-5104	3376	14528	10	0	10	0	0	0	0	0	16	0	0	0	0	0	0	95	142	25119	3387	1731	6492
8287	-5088	2960	14528	10	0	10	0	0	0	0	0	16	0	0	0	0	0	0	95	142	28277	4296	2098	6367
8288	-5104	3056	14512	10	0	10	0	0	0	0	0	16	0	0	0	0	0	0	95	142	29387	4511	2322	6144
8289	-5088	3376	14928	10	0	10	0	0	0	0	0	16	0	0	0	0	0	0	95	142	43613	5885	2405	6731
8290	-5088	3376	14896	10	0	10	0	0	0	0	0	16	0	0	0	0	0	0	95	142	49037	7268	3050	6838
8291	-5232	3024	14528	10	0	10	0	0	0	0	0	16	0	0	0	0	0	0	95	142	52769	7868	3095	6556
8292	-5056	2992	14512	10	0	10	0	0	0	0	0	16	0	0	0	0	0	0	95	142	52081	8027	3167	5815
8293	-5216	3024	14480	10	0	10	0	0	0	0	0	16	0	0	0	0	0	0	95	142	43305	7825	2930	5291
8294	-5232	3056	14864	10	0	10	0	0	0	0	0	16	0	0	0	0	0	0	95	142	36128	6250	2313	4722
8295	-5232	3024	14576	10	0	10	0	0	0	0	0	16	0	0	0	0	0	0	95	142	34393	5589	2287	3962
8296	-5248	3056	14944	10	0	10	0	0	0	0	0	16	0	8	0	0	0	0	95	142	33799	5512	2148	3049
8297	-5216	3056	14848	10	0	10	0	0	0	0	0	16	0	0	0	0	0	0	95	142	19609	4158	2089	2076
8298	-5056	3040	14560	10	0	10	0	0	0	0	0	16	0	0	0	0	0	0	95	142	14185	2776	1444	1321
8299	-5008	3056	14576	10	0	10	0	0	0	0	0	16	0	0	0	0	0	0	95	142	8415	2032	1281	806
8300	-5024	3056	14576	10	0	10	0	0	0	0	0	16	0	0	0	0	0	5	95	142	5973	1630	1091	668
8301	-5040	3344	14864	10	0	10	0	0	0	0	0	20	0	8	0	0	0	8	95	142	4742	1443	966	480
8302	-5040	3024	14896	10	0	10	0	0	0	0	0	16	0	0	0	0	0	2	95	142	2202	812	648	334
8303	-5232	2960	14896	10	0	10	0	0	0	0	0	16	0	0	0	0	0	0	95	142	781	565	307	259
8304	-5232	3184	14848	10	0	10	0	0	0	0	0	16	0	0	0	0	0	0	95	142	266	433	226	210
8305	-5248	3168	14576	10	0	10	0	0	0	0	0	16	0	0	0	0	0	0	95	142	231	416	204	173
8306	-5184	2960	14848	10	0	10	0	0	0	0	0	16	0	8	0	0	1	0	95	142	232	419	207	130
8307	-5232	2976	14864	10	0	10	0	0	0	0	0	16	0	0	0	0	34	0	95	142	232	418	207	95
8308	-5216	3024	14864	10	0	10	0	0	0	0	0	16	0	0	0	0	46	0	95	142	232	418	208	76
8309	-5216	2976	14848	10	0	10	0	0	0	0	0	16	1	0	0	0	91	1	95	142	9	17	16	70
8310	-5200	2944	14896	10	0	10	0	0	0	0	0	16	0	0	0	0	98	0	95	142	10	17	17	64
8311	-5200	3152	14896	10	0	10	0	0	0	0	0	20	0	8	0	0	98	0	95	142	9	16	17	57
8312	-5056	2944	14928	10	0	10	0	0	0	0	0	16	0	0	0	0	98	0	95	142	8	10	13	51
8313	-5008	2944	14880	10	0	10	0	0	0	0	0	16	0	0	0	0	98	0	95	142	7	8	12	45
8314	-5216	3184	14880	10	0	10	0	0	0	0	0	16	0	0	0	0	98	0	95	142	8	3	8	40
8315	-5248	2976	14864	10	0	10	0	0	0	0	0	16	0	0	0	0	91	0	95	142	7	3	8	34
8316	-5232	2944	14848	10	0	10	0	0	0	0	0	16	0	0	0	0	87	0	95	142	7	3	7	32
8317	-5024	3168	14560	10	0	10	0	0	0	0	0	16	0	0	0	0	86	0	95	142	5	3	6	31
8318	-5008	3152	14560	10	0	10	0	0	0	0	0	16	0	0	0	0	88	0	95	142	4	2	5	29
8319	-5232	3184	14864	10	0	10	0	0	0	0	0	16	0	0	0	0	89	0	95	142	4	2	5	26
8320	-5232	3152	14560	10	0	10	0	0	0	0	0	16	0	0	0	1	87	0	95	142	4	1	4	24
8321	-5008	3152	14880	10	0	10	0	0	0	0	0	16	0	0	0	22	78	0	95	142	3	1	3	26
8322	-5184	3136	14848	10	0	10	0	0	0	0	0	16	0	0	0	28	67	0	95	142	2	1	3	26
8323	-5216	3152	14864	10	0	10	0	0	0	0	0	16	0	0	0	48	29	0	95	142	2	1	3	25
8324	-5216	3152	14880	10	0	10	0	0	0	0	0	16	0	0	0	23	43	0	95	142	2	1	3	22
8325	-5216	2944	14912	10	0	10	0	0	0	0	0	16	0	0	0	7	33	0	95	142	2	1	3	19
8326	-5024	2944	14880	10	0	10	0	0	0	0	0	16	0	0	0	0	29	0	95	142	2	1	3	20
8327	-5040	3184	14912	10	0	10	0	0	0	0	0	16	0	0	0	0	18	0	95	142	3	1	3	19
8328	-5232	3168	14896	10	0	10	0	0	0	0	0	16	0	0	0	0	4	0	95	142	2	1	3	21
8329	-5200	2976	14928	10	0	10	0	0	0	0	0	16	0	0	0	0	0	0	95	142	3	1	3	20
8330	-5216	3152	14880	10	0	10	0	0	0	0	0	16	0	0	0	0	0	0	95	142	2	1	3	20
8331	-5168	2944	14864	10	0	10	0	0	0	0	0	16	0	0	0	0	0	0	95	142	2	1	3	20
8332	-5152	3152	14576	10	0	10	0	0	0	0	0	16	0	0	0	0	0	0	95	142	3	1	2	20
8333	-5216	2960	14896	10	0	10	0	0	0	0	0	16	0	0	0	0	0	0	95	142	3	1	2	21
8334	-5232	3008	14912	10	0	10	0	0	0	0	0	16	0	0	0	0	0	0	95	142	3	1	2	22
8335	-5184	3024	14896	10	0	10	0	0	0	0	0	16	0	0	0	0	0	0	95	142	4	1	2	21
8336	-5216	3008	14880	10	0	10	0	0	0	0	0	16	0	0	0	0	0	0	95	142	4	1	2	22
8337	-5168	2944	14896	10	0	10	0	0	0	0	0	16	0	0	0	0	0	0	95	142	4	1	2	21
8338	-5200	3184	14576	10	0	10	0	0	0	0	0	16	0	0	0	0	0	0	95	142	4	1	2	22
8339	-5232	2944	14912	10	0	10	0	0	0	0	0	16	0	0	0	0	0	0	95	142	5	1	2	191
8340	-5200	3120	14576	10	0	10	0	0	0	0	0	16	0	0	0	0	0	0	95	142	21	5	7	864
8341	-5152	3136	14528	10	0	10	0	0	0	0	0	16	0	0	0	0	0	0	95	142	231	75	58	1902
8342	-5008	2992	14736	10	0	10	0	0	0	0	0	16	0	0	0	0	0	0	95	142	497	127	86	2692
8343	-5184	2960	14848	10	0	10	0	0	0	0	0	16	0	0	0	0	0	0	95	142	3371	367	152	2856
8344	-5008	2976	14480	10	0	10	0	0	0	0	0	16	0	0	0	0	0	0	95	142	3710	543	211	2275
8345	-5216	2944	14576	10	0	10	0	0	0	0	0	16	0	0	0	0	0	0	95	142	3748	578	242	2413
8346	-5232	3104	14688	10	0	10	0	0	0	0	0	16	0	0	0	0	0	0	95	142	3869	668	383	2948
8347	-5200	3152	14640	10	0	10	0	0	0	0	0	16	0	0	0	0	0	0	95	142	7254	1410	1124	3313
8348	-5184	3088	14496	10	0	10	0	0	0	0	0	16	0	0	0	0	0	0	95	142	8645	1525	1247	2689
8349	-5216	3104	14512	10	0	10	0	0	0	0	0	16	0	0	0	0	0	0	95	142	8498	1595	1277	2116
8350	-5200	3120	14560	10	0	10	0	0	0	0	0	16	0	0	0	0	0	0	95	142	8364	1578	1428	1882
8351	-5168	3152	14560	10	0	10	0	0	0	0	0	16	0	0	0	0	0	0	95	142	5980	1440	1520	2102
8352	-5200	2800	14944	10	0	10	0	0	0	0	0	16	0	8	0	0	0	0	95	142	7642	1594	1810	1824
8353	-5040	3120	14960	10	0	10	0	0	0	0	0	16	0	0	0	0	0	0	95	142	7607	1569	1790	1403
8354	-5040	2944	14896	10	0	10	0	0	0	0	0	16	0	0	0	0	0	0	95	142	7517	1497	1722	1018
8355	-5248	2992	14864	10	0	10	0	0	0	0	0	16	0	0	0	0	0	0	95	142	4135	764	1005	689
8356	-5008	2960	14576	10	0	10	0	0	0	0	0	16	0	0	0	0	0	0	95	142	2729	648	883	441
8357	-5008	2960	14576	10	0	10	0	0	0	0	0	20	0	8	0	0	0	0	95	142	2666	508	802	274
8358	-5232	3168	14848	10	0	10	0	0	0	0	0	16	0	0	0	0	0	10	95	142	2533	473	623	169
8359	-5200	2960	14848	10	0	10	0	0	0	0	0	16	0	0	0	0	0	23	95	142	2042	371	465	105
8360	-5200	3168	14896	10	0	10	0	0	0	0	0	16	0	0	0	0	0	36	95	142	42	40	116	69
8361	-5232	2960	14848	10	0	10	0	0	0	0	0	16	0	0	0	0	0	39	95	142	38	30	105	47
8362	-5216	2960	14560	10	0	10	0	0	0	0	0	16	0	8	0	0	0	32	95	142	8	13	32	36
8363	-5008	2960	14576	10	0	10	0	0	0	0	0	16	0	0	0	0	0	3	95	142	3	4	8	30
8364	-5248	2944	14496	10	0	10	0	0	0	0	0	16	0	0	0	0	7	8	95	142	2	1	3	35
8365	-5200	2960	14496	10	0	10	0	0	0	0	0	16	0	0	0	0	41	0	95	142	3	2	3	51
8366	-5184	3152	14544	10	0	10	0	0	0	0	0	16	0	0	0	0	49	0	95	142	5	3	4	62
8367	-5248	3184	14560	10	0	10	0	0	0	0	0	20	1	8	0	0	87	0	95	142	7	6	7	73
8368	-5200	2944	14576	10	0	10	0	0	0	0	0	16	0	0	0	0	98	0	95	142	10	8	8	95
8369	-5248	3120	14576	10	0	10	0	0	0	0	0	16	0	0	0	0	98	0	95	142	12	11	23	113
8370	-5216	3088	14576	10	0	10	0	0	0	0	0	16	0	0	0	0	97	0	95	142	16	16	37	110
8371	-5200	3168	14928	10	0	10	0	0	0	0	0	16	0	0	0	0	97	0	95	142	17	17	37	125
8372	-5184	3136	14896	10	0	10	0	0	0	0	0	16	0	0	0	0	91	0	95	142	17	17	44	119
8373	-5216	3104	14880	10	0	10	0	0	0	0	0	16	0	0	0	0	76	0	95	142	17	18	45	110
8374	-5008	3184	14864	10	0	10	0	0	0	0	0	16	0	0	0	0	67	0	95	142	16	19	52	149
8375	-5024	3168	14560	10	0	10	0	0	0	0	0	16	0	0	0	0	57	0	95	142	20	28	64	216
8376	-5248	3088	14896	10	0	10	0	0	0	0	0	16	0	0	0	0	51	0	95	142	33	29	66	321
8377	-5184	3088	14912	10	0	10	0	0	0	0	0	16	0	0	0	0	46	0	95	142	105	52	66	395
8378	-5136	3152	14896	10	0	10	0	0	0	0	0	16	0	0	0	14	31	0	95	142	108	47	61	424
8379	-5200	2944	14928	10	0	10	0	0	0	0	0	16	0	0	0	14	30	0	95	142	168	65	69	426
8380	-5184	2944	14928	10	0	10	0	0	0	0	0	16	0	0	0	0	4	0	95	142	178	72	67	447
8381	-5232	3168	14864	10	0	10	0	0	0	0	0	16	0	0	0	0	0	0	95	142	189	72	72	434
8382	-5200	3152	14864	10	0	10	0	0	0	0	0	16	0	0	0	0	2	0	95	142	214	83	73	361
8383	-5184	3184	14864	10	0	10	0	0	0	0	0	16	0	0	0	0	1	0	95	142	209	71	60	267
8384	-5216	3136	14896	10	0	10	0	0	0	0	0	16	0	0	0	0	2	0	95	142	193	71	63	187
8385	-5200	3184	14880	10	0	10	0	0	0	0	0	16	0	0	0	0	0	0	95	142	120	46	48	131
8386	-5168	2944	14880	10	0	10	0	0	0	0	0	16	0	0	0	0	0	0	95	142	114	47	42	98
8387	-5184	2992	14560	10	0	10	0	0	0	0	0	16	0	8	0	0	0	0	95	142	53	29	35	73
8388	-5152	3008	14576	10	0	10	0	0	0	0	0	16	0	0	0	0	0	0	95	142	43	22	31	56
8389	-5168	2976	14880	10	0	10	0	0	0	0	0	16	0	0	0	0	0	0	95	142	31	20	24	45
8390	-5200	3184	14576	10	0	10	0	0	0	0	0	16	0	0	0	0	0	0	95	142	6	8	17	37
8391	-5136	3152	14864	10	0	10	0	0	0	0	0	16	0	0	0	0	0	0	95	142	4	7	15	32
8392	-5200	3136	14864	10	0	10	0	0	0	0	0	20	0	8	0	0	0	0	95	142	4	5	9	27
8393	-5200	3120	14896	10	0	10	0	0	0	0	0	16	0	0	0	0	0	0	95	142	3	4	9	24
8394	-5248	3136	14928	10	0	10	0	0	0	0	0	16	0	0	0	0	0	0	95	142	3	3	5	23
8395	-5216	3168	14896	10	0	10	0	0	0	0	0	16	0	0	0	0	0	0	95	142	3	2	4	22
8396	-5232	3120	14960	10	0	10	0	0	0	0	0	16	0	0	0	0	0	0	95	142	3	1	3	23
8397	-5216	3136	14720	10	0	10	0	0	0	0	0	16	0	0	0	0	0	0	95	142	3	1	3	21
8398	-5200	3104	14912	10	0	10	0	0	0	0	0	16	0	0	0	0	0	0	95	142	3	1	3	21
8399	-5184	3120	14928	10	0	10	0	0	0	0	0	16	0	0	0	0	0	0	95	142	3	1	3	21
8400	-5152	3152	14944	10	0	10	0	0	0	0	0	16	0	0	0	0	0	0	95	142	3	1	2	21
8401	-5168	2960	14912	10	0	10	0	0	0	0	0	16	0	0	0	0	0	0	95	142	3	1	3	20
8402	-5136	2944	14944	10	0	10	0	0	0	0	0	16	0	0	0	0	0	0	95	142	3	1	3	20
8403	-4864	3120	14912	10	0	10	0	0	0	0	0	16	0	0	0	0	0	0	95	142	3	1	3	20
8404	-4864	3088	14864	10	0	10	0	0	0	0	0	16	0	0	0	0	0	0	95	142	2	1	3	21
8405	-5168	3152	14896	10	0	10	0	0	0	0	0	16	0	0	0	0	0	0	95	142	3	1	3	24
8406	-5232	3120	14912	10	0	10	0	0	0	0	0	16	0	0	0	0	0	0	95	142	2	1	3	23
8407	-5200	3088	14576	10	0	10	0	0	0	0	0	16	0	0	0	0	0	0	95	142	2	1	3	22
8408	-5184	3168	14560	10	0	10	0	0	0	0	0	16	0	0	0	0	0	0	95	142	2	1	3	23
8409	-5136	3136	14544	10	0	10	0	0	0	0	0	16	0	0	0	0	0	0	95	142	3	1	3	40
8410	-5168	2800	14560	10	0	10	0	0	0	0	0	16	0	0	0	0	0	0	95	142	3	2	4	373
8411	-4864	3152	14928	10	0	10	0	0	0	0	0	16	0	0	0	0	0	0	95	142	100	39	14	1007
8412	-5136	2944	14560	10	0	10	0	0	0	0	0	16	0	0	0	0	0	0	95	142	117	80	39	1310
8413	-5216	3168	14896	10	0	10	0	0	0	0	0	16	0	0	0	0	0	0	95	142	1844	400	287	1214
8414	-5152	3088	14816	10	0	10	0	0	0	0	0	16	0	0	0	0	0	0	95	142	1848	429	317	1531
8415	-5200	2944	14720	10	0	10	0	0	0	0	0	16	0	0	0	0	0	0	95	142	3973	2352	885	2312
8416	-5104	3184	14896	10	0	10	0	0	0	0	0	16	0	0	0	0	0	0	95	142	4500	4580	2259	2889
8417	-5248	3408	14512	10	0	10	0	0	0	0	0	16	0	0	0	0	0	0	95	142	4582	4627	2312	3096
8418	-4848	3024	14864	10	0	10	0	0	0	0	0	16	0	0	0	0	0	0	95	142	6932	6185	4957	3276
8419	-5200	2752	14928	10	0	10	0	0	0	0	0	16	0	0	0	0	0	0	95	142	10685	10548	5449	3779
8420	-5056	2704	14880	10	0	10	0	0	0	0	0	16	0	0	0	0	0	0	95	142	10686	10569	5485	4343
8421	-5024	3184	14560	10	0	10	0	0	0	0	0	16	0	0	0	0	0	0	95	142	19147	17621	12585	4437
8422	-5008	3136	14512	10	0	10	0	0	0	0	0	16	0	0	0	0	0	0	95	142	19421	17841	12700	3876
8423	-5232	2928	14704	10	0	10	0	0	0	0	0	16	0	0	0	0	0	0	95	142	17346	16027	12300	3033
8424	-5008	2992	14848	10	0	10	0	0	0	0	0	16	0	0	0	0	0	0	95	142	16863	13856	10949	2396
8425	-5184	2976	14528	10	0	10	0	0	0	0	0	16	0	0	0	0	0	0	95	142	16795	13871	10950	1651
8426	-5216	2976	14560	10	0	10	0	0	0	0	0	16	0	0	0	0	0	0	95	142	14445	12312	8307	1062
8427	-5008	2944	14576	10	0	10	0	0	0	0	0	16	0	8	0	0	0	0	95	142	10596	7912	7804	656
8428	-5200	2992	14576	10	0	10	0	0	0	0	0	16	0	0	0	0	0	1	95	142	10578	7851	7744	397
8429	-5216	2992	14848	10	0	10	0	0	0	0	0	16	0	0	0	0	0	5	95	142	389	479	395	236
8430	-4848	2992	14848	10	0	10	0	0	0	0	0	16	0	0	0	0	0	9	95	142	111	230	251	141
8431	-5184	3184	14880	10	0	10	0	0	0	0	0	16	0	0	0	0	0	13	95	142	61	121	82	87
8432	-5200	2960	14944	10	0	10	0	0	0	0	0	20	0	8	0	0	0	12	95	142	18	63	59	62
8433	-5200	2992	14960	10	0	10	0	0	0	0	0	16	0	0	0	0	0	6	95	142	4	2	6	78
8434	-5136	3008	14912	10	0	10	0	0	0	0	0	16	0	0	0	0	0	2	95	142	4	2	3	115
8435	-4864	3120	14848	10	0	10	0	0	0	0	0	16	0	0	0	0	0	3	95	142	5	15	21	137
8436	-5136	3168	14880	10	0	10	0	0	0	0	0	16	0	0	0	0	21	6	95	142	8	24	35	152
8437	-5152	3184	14912	10	0	10	0	0	0	0	0	16	1	8	0	0	67	3	95	142	11	32	53	166
8438	-5152	3168	14912	10	0	10	0	0	0	0	0	16	0	0	0	0	92	0	95	142	17	42	58	167
8439	-5136	3120	14944	10	0	10	0	0	0	0	0	16	0	0	0	0	98	0	95	142	21	46	64	169
8440	-5152	3168	14912	10	0	10	0	0	0	0	0	16	0	0	0	0	98	0	95	142	25	51	81	164
8441	-5136	3168	14848	10	0	10	0	0	0	0	0	16	0	0	0	0	98	0	95	142	26	61	83	148
8442	-4864	3152	14576	10	0	10	0	0	0	0	0	16	0	0	0	0	97	0	95	142	27	62	85	134
8443	-4864	3168	14912	10	0	10	0	0	0	0	0	16	0	0	0	0	94	0	95	142	25	50	68	122
8444	-5184	3152	14896	10	0	10	0	0	0	0	0	16	0	0	0	0	85	0	95	142	25	43	56	105
8445	-5184	3168	14928	10	0	10	0	0	0	0	0	16	0	0	0	0	81	0	95	142	23	36	39	87
8446	-5184	3120	14912	10	0	10	0	0	0	0	0	16	0	0	0	0	81	0	95	142	18	27	34	68
8447	-5200	3072	14912	10	0	10	0	0	0	0	0	16	0	0	0	0	81	0	95	142	14	23	28	53
8448	-5168	3072	14896	10	0	10	0	0	0	0	0	16	0	0	0	1	81	0	95	142	10	18	11	43
8449	-5136	3168	14896	10	0	10	0	0	0	0	0	16	0	0	0	18	78	0	95	142	9	7	9	37
8450	-5136	3168	14912	10	0	10	0	0	0	0	0	16	0	0	0	8	72	0	95	142	9	6	7	35
8451	-4864	3184	14896	10	0	10	0	0	0	0	0	16	0	0	0	4	53	0	95	142	8	5	6	36
8452	-5152	3168	14912	10	0	10	0	0	0	0	0	16	0	0	0	5	48	0	95	142	7	4	4	34
8453	-5168	3088	14912	10	0	10	0	0	0	0	0	16	0	0	0	2	48	0	95	142	5	2	3	30
8454	-5152	3136	14960	10	0	10	0	0	0	0	0	16	0	0	0	10	50	0	95	142	5	2	3	28
8455	-5168	3120	14928	10	0	10	0	0	0	0	0	16	0	0	0	6	42	0	95	142	5	2	3	27
8456	-5152	3136	14928	10	0	10	0	0	0	0	0	16	0	0	0	1	36	0	95	142	5	1	3	26
8457	-4848	3120	14928	10	0	10	0	0	0	0	0	16	0	0	0	0	13	0	95	142	5	1	3	24
8458	-4864	3120	14960	10	0	10	0	0	0	0	0	16	0	0	0	1	2	0	95	142	4	1	3	23
8459	-4864	3168	14960	10	0	10	0	0	0	0	0	16	0	0	0	5	0	0	95	142	4	1	3	21
8460	-4864	3152	14944	10	0	10	0	0	0	0	0	16	0	0	0	0	0	0	95	142	3	1	3	20
8461	-5168	3104	14928	10	0	10	0	0	0	0	0	16	0	0	0	0	0	0	95	142	4	1	3	20
8462	-4864	3136	14864	10	0	10	0	0	0	0	0	16	0	0	0	0	0	0	95	142	4	1	3	20
8463	-5152	3120	14896	10	0	10	0	0	0	0	0	16	0	0	0	0	0	0	95	142	4	1	3	19
8464	-5184	3104	14912	10	0	10	0	0	0	0	0	16	0	0	0	0	0	0	95	142	4	1	3	22
8465	-5136	3104	14928	10	0	10	0	0	0	0	0	16	0	0	0	0	0	0	95	142	4	1	3	23
8466	-5136	3136	14896	10	0	10	0	0	0	0	0	16	0	0	0	0	0	0	95	142	4	1	3	24
8467	-5136	3136	14912	10	0	10	0	0	0	0	0	16	0	0	0	0	0	0	95	142	4	1	3	24
8468	-5168	3136	14864	10	0	10	0	0	0	0	0	16	0	0	0	0	0	0	95	142	5	1	3	24
8469	-5184	3120	14880	10	0	10	0	0	0	0	0	16	0	0	0	0	0	0	95	142	4	1	3	24
8470	-5216	2768	14576	10	0	10	0	0	0	0	0	16	0	0	0	0	0	0	95	142	4	1	3	23
8471	-5216	3088	14896	10	0	10	0	0	0	0	0	16	0	0	0	0	0	0	95	142	4	1	3	22
8472	-5216	3104	14912	10	0	10	0	0	0	0	0	16	0	0	0	0	0	0	95	142	3	1	3	24
8473	-5184	3136	14896	10	0	10	0	0	0	0	0	16	0	0	0	0	0	0	95	142	3	1	2	23
8474	-5152	3136	14864	10	0	10	0	0	0	0	0	16	0	0	0	0	0	0	95	142	2	1	2	22
8475	-4864	3168	14880	10	0	10	0	0	0	0	0	16	0	0	0	0	0	0	95	142	2	1	2	24
8476	-5152	3152	14576	10	0	10	0	0	0	0	0	16	0	0	0	0	0	0	95	142	2	1	2	22
8477	-5136	3072	14848	10	0	10	0	0	0	0	0	16	0	0	0	0	0	0	95	142	2	1	2	23
8478	-4864	3120	14912	10	0	10	0	0	0	0	0	16	0	0	0	0	0	0	95	142	2	1	2	34
8479	-5184	3168	14896	10	0	10	0	0	0	0	0	16	0	0	0	0	0	0	95	142	3	3	4	155
8480	-5168	2960	14560	10	0	10	0	0	0	0	0	16	0	0	0	0	0	0	95	142	6	29	34	1480
8481	-5072	2928	14848	10	0	10	0	0	0	0	0	16	0	0	0	0	0	0	95	142	42	45	63	2453
8482	-5200	3040	14848	10	0	10	0	0	0	0	0	16	0	0	0	0	0	0	95	142	5783	1239	2383	2663
8483	-4752	3200	14928	10	0	10	0	0	0	0	0	16	0	0	0	0	0	0	95	142	5851	1897	2767	3198
8484	-4992	3424	14880	10	0	10	0	0	0	0	0	16	0	0	0	0	0	0	95	142	6372	2039	2886	3695
8485	-4960	3216	14864	10	0	10	0	0	0	0	0	16	0	0	0	0	0	0	95	142	6459	2253	2978	3746
8486	-4768	3216	14944	10	0	10	0	0	0	0	0	16	0	0	0	0	0	0	95	142	6656	2369	3099	3377
8487	-4848	3216	14880	10	0	10	0	0	0	0	0	16	0	0	0	0	0	0	95	142	7311	2553	3473	2922
8488	-5136	3024	14512	10	0	10	0	0	0	0	0	16	0	0	0	0	0	0	95	142	10019	3937	4849	2555
8489	-5136	3104	14896	10	0	10	0	0	0	0	0	16	0	0	0	0	0	0	95	142	10115	4120	4920	2218
8490	-4848	3072	14896	10	0	10	0	0	0	0	0	16	0	0	0	0	0	0	95	142	4929	3275	3878	1984
8491	-4832	2800	14896	10	0	10	0	0	0	0	0	16	0	0	0	0	0	0	95	142	4890	2639	3525	1450
8492	-4800	3120	14880	10	0	10	0	0	0	0	0	16	0	0	0	0	0	0	95	142	4369	2502	3418	962
8493	-4864	3168	14576	10	0	10	0	0	0	0	0	16	0	8	0	0	0	0	95	142	4282	2288	3326	604
8494	-5136	3152	14880	10	0	10	0	0	0	0	0	16	0	0	0	0	0	0	95	142	4086	2172	3206	369
8495	-5152	3184	14912	10	0	10	0	0	0	0	0	16	0	0	0	0	0	0	95	142	3430	1986	2830	224
8496	-5152	2976	14912	10	0	10	0	0	0	0	0	16	0	0	0	0	0	0	95	142	719	576	1423	136
8497	-5168	3040	14912	10	0	10	0	0	0	0	0	16	0	0	0	0	0	7	95	142	588	377	1323	85
8498	-5152	2992	14928	10	0	10	0	0	0	0	0	20	0	8	0	0	0	45	95	142	33	28	46	61
8499	-5152	3008	14944	10	0	10	0	0	0	0	0	16	0	0	0	0	0	53	95	142	5	7	15	65
8500	-5200	3008	14944	10	0	10	0	0	0	0	0	16	0	0	0	0	0	69	95	142	7	5	8	102
8501	-5168	3184	14928	10	0	10	0	0	0	0	0	16	0	0	0	0	0	86	95	142	21	15	24	130
8502	-5152	2992	14928	10	0	10	0	0	0	0	0	16	0	0	0	0	0	66	95	142	25	29	63	131
8503	-4864	3024	14960	10	0	10	0	0	0	0	0	16	0	8	0	0	3	28	95	142	25	31	72	132
8504	-5152	3184	14720	10	0	10	0	0	0	0	0	16	0	0	0	0	41	23	95	142	25	34	77	118
8505	-5168	2960	14896	10	0	10	0	0	0	0	0	16	0	0	0	0	46	0	95	142	28	35	78	101
8506	-5152	3136	14896	10	0	10	0	0	0	0	0	16	1	0	0	0	73	0	95	142	29	36	80	92
8507	-5136	3088	14896	10	0	10	0	0	0	0	0	16	0	0	0	0	96	0	95	142	29	36	81	81
8508	-4848	3088	14576	10	0	10	0	0	0	0	0	16	0	0	0	0	98	0	95	142	27	33	78	70
8509	-4864	3104	14912	10	0	10	0	0	0	0	0	16	0	0	0	0	98	0	95	142	13	24	61	66
8510	-4848	3152	14944	10	0	10	0	0	0	0	0	16	0	0	0	0	97	0	95	142	10	10	22	62
8511	-4864	3168	14912	10	0	10	0	0	0	0	0	16	0	0	0	0	96	0	95	142	9	7	13	55
8512	-5136	3120	14928	10	0	10	0	0	0	0	0	16	0	0	0	0	89	0	95	142	10	4	8	49
8513	-5152	3136	14896	10	0	10	0	0	0	0	0	16	0	0	0	0	68	0	95	142	8	3	7	42
8514	-5184	3152	14896	10	0	10	0	0	0	0	0	16	0	0	0	0	54	0	95	142	7	3	5	37
8515	-4864	3152	14928	10	0	10	0	0	0	0	0	16	0	0	0	0	36	0	95	142	6	2	5	31
8516	-5168	3072	14720	10	0	10	0	0	0	0	0	16	0	0	0	0	15	0	95	142	7	2	4	29
8517	-5136	3136	14928	10	0	10	0	0	0	0	0	16	0	0	0	0	22	0	95	142	5	2	3	26
8518	-5136	3088	14896	10	0	10	0	0	0	0	0	16	0	0	0	1	36	0	95	142	4	2	3	25
8519	-5168	3072	14912	10	0	10	0	0	0	0	0	16	0	0	0	1	34	0	95	142	4	1	3	22
8520	-5168	3072	14864	10	0	10	0	0	0	0	0	16	0	0	0	1	10	0	95	142	3	1	3	22
8521	-5184	3104	14848	10	0	10	0	0	0	0	0	16	0	0	0	0	3	0	95	142	2	1	3	22
8522	-5152	3136	14880	10	0	10	0	0	0	0	0	16	0	0	0	0	4	0	95	142	3	1	3	23
8523	-5152	2800	14880	10	0	10	0	0	0	0	0	16	0	0	0	0	2	0	95	142	3	1	3	22
8524	-5152	3088	14848	10	0	10	0	0	0	0	0	16	0	0	0	0	1	0	95	142	3	1	3	19
8525	-5216	3104	14928	10	0	10	0	0	0	0	0	16	0	0	0	0	0	0	95	142	3	1	3	18
8526	-4832	3104	14928	10	0	10	0	0	0	0	0	16	0	0	0	0	0	0	95	142	2	1	3	19
8527	-5168	3152	14880	10	0	10	0	0	0	0	0	16	0	0	0	0	0	0	95	142	3	1	3	19
8528	-5168	3136	14880	10	0	10	0	0	0	0	0	16	0	0	0	0	0	0	95	142	3	1	3	20
8529	-5184	3088	14912	10	0	10	0	0	0	0	0	16	0	0	0	0	0	0	95	142	3	1	3	21
8530	-5184	3104	14896	10	0	10	0	0	0	0	0	16	0	0	0	0	0	0	95	142	3	1	3	26
8531	-5184	3136	14960	10	0	10	0	0	0	0	0	16	0	0	0	0	0	0	95	142	4	1	3	26
8532	-5168	3136	14912	10	0	10	0	0	0	0	0	16	0	0	0	0	0	0	95	142	3	1	3	25
8533	-5168	2944	14944	10	0	10	0	0	0	0	0	16	0	0	0	0	0	0	95	142	3	1	3	24
8534	-5152	3184	14944	10	0	10	0	0	0	0	0	16	0	0	0	0	0	0	95	142	4	1	3	21
8535	-5152	3120	14880	10	0	10	0	0	0	0	0	16	0	0	0	0	0	0	95	142	4	1	3	22
8536	-4864	3088	14864	10	0	10	0	0	0	0	0	16	0	0	0	0	0	0	95	142	4	1	3	22
8537	-5136	3184	14896	10	0	10	0	0	0	0	0	16	0	0	0	0	0	0	95	142	4	1	3	21
8538	-5152	3120	14880	10	0	10	0	0	0	0	0	16	0	0	0	0	0	0	95	142	4	1	2	20
8539	-5136	3120	14896	10	0	10	0	0	0	0	0	16	0	0	0	0	0	0	95	142	4	1	3	19
8540	-4848	3088	14928	10	0	10	0	0	0	0	0	16	0	0	0	0	0	0	95	142	3	1	3	18
8541	-4848	3088	14928	10	0	10	0	0	0	0	0	16	0	0	0	0	0	0	95	142	4	1	3	19
8542	-5152	3104	14928	10	0	10	0	0	0	0	0	16	0	0	0	0	0	0	95	142	3	1	3	20
8543	-4848	2768	14896	10	0	10	0	0	0	0	0	16	0	0	0	0	0	0	95	142	3	1	3	21
8544	-4864	3152	14928	10	0	10	0	0	0	0	0	16	0	0	0	0	0	0	95	142	3	1	3	40
8545	-5168	3184	14720	10	0	10	0	0	0	0	0	16	0	0	0	0	0	0	95	142	5	4	7	392
8546	-4816	3008	14880	10	0	10	0	0	0	0	0	16	0	0	0	0	0	0	95	142	594	200	133	793
8547	-4784	3184	14544	10	0	10	0	0	0	0	0	16	0	0	0	0	0	0	95	142	625	263	164	1011
8548	-4784	2944	14912	10	0	10	0	0	0	0	0	16	0	0	0	0	0	0	95	142	745	340	203	1048
8549	-4816	2944	14960	10	0	10	0	0	0	0	0	16	0	0	0	0	0	0	95	142	930	380	243	1125
8550	-4816	3168	14864	10	0	10	0	0	0	0	0	16	0	0	0	0	0	0	95	142	951	430	263	1524
8551	-4848	2960	14912	10	0	10	0	0	0	0	0	16	0	0	0	0	0	0	95	142	2325	555	297	1804
8552	-4864	2944	14928	10	0	10	0	0	0	0	0	16	0	0	0	0	0	0	95	142	2595	613	385	2054
8553	-5168	3168	14496	10	0	10	0	0	0	0	0	16	0	0	0	0	0	0	95	142	3378	969	599	2593
8554	-4864	3120	14688	10	0	10	0	0	0	0	0	16	0	0	0	0	0	0	95	142	2851	806	509	2727
8555	-5152	3120	14672	10	0	10	0	0	0	0	0	16	0	0	0	0	0	0	95	142	3020	997	562	2817
8556	-5152	3072	14496	10	0	10	0	0	0	0	0	16	0	0	0	0	0	0	95	142	3653	1071	587	2967
8557	-5136	3104	14544	10	0	10	0	0	0	0	0	16	0	0	0	0	0	0	95	142	5579	1182	685	3497
8558	-5152	3104	14512	10	0	10	0	0	0	0	0	16	0	0	0	0	0	0	95	142	8189	1545	856	3318
8559	-5152	3184	14512	10	0	10	0	0	0	0	0	16	0	0	0	0	0	0	95	142	6944	1473	842	2692
8560	-4864	2944	14880	10	0	10	0	0	0	0	0	16	0	0	0	0	0	0	95	142	6982	1442	783	1878
8561	-4864	3120	14864	10	0	10	0	0	0	0	0	16	0	0	0	0	0	0	95	142	6198	1084	567	1210
8562	-4784	3136	14960	10	0	10	0	0	0	0	0	16	0	0	0	0	0	0	95	142	6137	1051	531	745
8563	-4784	3136	14944	10	0	10	0	0	0	0	0	16	0	8	0	0	0	1	95	142	5937	796	447	478
8564	-4848	3088	14880	10	0	10	0	0	0	0	0	16	0	0	0	0	0	4	95	142	5186	650	390	296
8565	-5152	3120	14880	10	0	10	0	0	0	0	0	16	0	0	0	0	0	6	95	142	3074	498	252	184
8566	-4832	3152	14864	10	0	10	0	0	0	0	0	16	0	0	0	0	0	7	95	142	444	86	61	130
8567	-4864	3168	14944	10	0	10	0	0	0	0	0	16	0	0	0	0	0	8	95	142	316	33	43	123
8568	-5168	3168	14944	10	0	10	0	0	0	0	0	20	0	8	0	0	0	6	95	142	9	8	14	117
8569	-4864	3168	14928	10	0	10	0	0	0	0	0	16	0	0	0	0	0	4	95	142	10	8	15	109
8570	-4848	3152	14912	10	0	10	0	0	0	0	0	16	0	0	0	0	2	4	95	142	12	10	15	103
8571	-4816	3136	14896	10	0	10	0	0	0	0	0	16	0	0	0	0	28	6	95	142	14	11	16	90
8572	-4848	3104	14912	10	0	10	0	0	0	0	0	16	0	0	0	0	41	4	95	142	12	8	9	77
8573	-4832	3104	14896	10	0	10	0	0	0	0	0	16	1	8	0	0	66	1	95	142	14	8	9	67
8574	-4816	3120	14896	10	0	10	0	0	0	0	0	16	0	0	0	0	89	0	95	142	15	8	8	59
8575	-4848	3136	14928	10	0	10	0	0	0	0	0	16	0	0	0	0	93	0	95	142	14	7	7	55
8576	-5152	2768	14928	10	0	10	0	0	0	0	0	16	0	0	0	0	96	0	95	142	11	6	6	51
8577	-5152	3104	14864	10	0	10	0	0	0	0	0	16	0	0	0	0	96	0	95	142	10	6	5	50
8578	-5136	2800	14960	10	0	10	0	0	0	0	0	16	0	0	0	0	93	0	95	142	9	4	4	47
8579	-4800	2800	14752	10	0	10	0	0	0	0	0	16	0	0	0	0	85	0	95	142	7	4	3	43
8580	-4800	2768	14944	10	0	10	0	0	0	0	0	16	0	0	0	0	82	0	95	142	7	3	3	39
8581	-4752	3104	14880	10	0	10	0	0	0	0	0	16	0	0	0	0	77	0	95	142	5	3	4	36
8582	-4784	3072	14880	10	0	10	0	0	0	0	0	16	0	0	0	0	70	0	95	142	5	3	4	33
8583	-4864	3072	14928	10	0	10	0	0	0	0	0	16	0	0	0	0	66	0	95	142	6	3	4	30
8584	-5136	3072	14880	10	0	10	0	0	0	0	0	16	0	0	0	18	63	0	95	142	6	3	4	28
8585	-4832	3072	14928	10	0	10	0	0	0	0	0	16	0	0	0	53	55	0	95	142	4	2	3	24
8586	-4832	2800	14912	10	0	10	0	0	0	0	0	16	0	0	0	60	45	0	95	142	4	2	3	22
8587	-5136	3088	14864	10	0	10	0	0	0	0	0	16	4	0	0	55	32	0	125	142	3	2	3	23
8588	-5136	2800	14880	10	0	10	0	0	0	0	0	16	0	0	0	18	37	0	95	142	4	1	3	22
8589	-4848	2784	14912	10	0	10	0	0	0	0	0	16	0	0	0	3	28	0	95	142	4	1	2	22
8590	-5152	2768	14928	10	0	10	0	0	0	0	0	16	0	0	0	0	22	0	95	142	4	1	2	22
8591	-5136	3104	14960	10	0	10	0	0	0	0	0	16	0	0	0	0	10	0	95	142	3	1	2	24
8592	-5136	3072	14960	10	0	10	0	0	0	0	0	16	0	0	0	0	2	0	95	142	3	1	2	23
8593	-4848	2800	14944	10	0	10	0	0	0	0	0	16	0	0	0	0	0	0	95	142	3	1	2	22
8594	-4864	3088	14960	10	0	10	0	0	0	0	0	16	0	0	0	0	0	0	95	142	4	1	2	21
8595	-5136	3120	14944	10	0	10	0	0	0	0	0	16	0	0	0	0	0	0	95	142	4	1	2	22
8596	-5184	3152	14896	10	0	10	0	0	0	0	0	16	0	0	0	0	0	0	95	142	3	1	2	22
8597	-5168	3120	14912	10	0	10	0	0	0	0	0	16	0	0	0	0	0	0	95	142	3	1	2	22
8598	-5216	3104	14944	10	0	10	0	0	0	0	0	16	0	0	0	0	0	0	95	142	3	1	3	24
8599	-5216	3072	14896	10	0	10	0	0	0	0	0	16	0	0	0	0	0	0	95	142	4	1	3	24
8600	-5232	3088	14896	10	0	10	0	0	0	0	0	16	0	0	0	0	0	0	95	142	3	1	3	22
8601	-4864	3152	14880	10	0	10	0	0	0	0	0	16	0	0	0	0	0	0	95	142	3	1	3	20
8602	-4832	3136	14864	10	0	10	0	0	0	0	0	16	0	0	0	0	0	0	95	142	2	1	3	23
8603	-4832	3184	14880	10	0	10	0	0	0	0	0	16	0	0	0	0	0	0	95	142	3	1	3	23
8604	-4864	3152	14880	10	0	10	0	0	0	0	0	16	0	0	0	0	0	0	95	142	3	1	3	22
8605	-4864	3152	14864	10	0	10	0	0	0	0	0	16	0	0	0	0	0	0	95	142	3	1	3	20
8606	-5152	3136	14928	10	0	10	0	0	0	0	0	16	0	0	0	0	0	0	95	142	3	1	3	21
8607	-5168	3136	14960	10	0	10	0	0	0	0	0	16	0	0	0	0	0	0	95	142	3	1	3	21
8608	-4832	2800	14720	10	0	10	0	0	0	0	0	16	0	0	0	0	0	0	95	142	4	1	3	19
8609	-4784	3120	14944	10	0	10	0	0	0	0	0	16	0	0	0	0	0	0	95	142	4	1	3	19
8610	-5136	3072	14880	10	0	10	0	0	0	0	0	16	0	0	0	0	0	0	95	142	4	1	3	20
8611	-5136	3104	14880	10	0	10	0	0	0	0	0	16	0	0	0	0	0	0	95	142	4	1	3	20
8612	-4848	3120	14912	10	0	10	0	0	0	0	0	16	0	0	0	0	0	0	95	142	5	1	3	23
8613	-4848	2800	14912	10	0	10	0	0	0	0	0	16	0	0	0	0	0	0	95	142	5	1	3	22
8614	-4832	3104	14928	10	0	10	0	0	0	0	0	16	0	0	0	0	0	0	95	142	5	1	3	21
8615	-4832	3104	14896	10	0	10	0	0	0	0	0	16	0	0	0	0	0	0	95	142	4	1	3	21
8616	-4848	3088	14896	10	0	10	0	0	0	0	0	16	0	0	0	0	0	0	95	142	5	1	3	23
8617	-4832	3104	14928	10	0	10	0	0	0	0	0	16	0	0	0	0	0	0	95	142	5	1	3	23
8618	-4816	3088	14896	10	0	10	0	0	0	0	0	16	0	0	0	0	0	0	95	142	4	1	3	22
8619	-4784	3072	14880	10	0	10	0	0	0	0	0	16	0	0	0	0	0	0	95	142	4	1	3	27
8620	-4864	3072	14912	10	0	10	0	0	0	0	0	16	0	0	0	0	0	0	95	142	5	2	4	289
8621	-5168	3088	14880	10	0	10	0	0	0	0	0	16	0	0	0	0	0	0	95	142	156	13	10	629
8622	-4800	3104	14928	10	0	10	0	0	0	0	0	16	0	0	0	0	0	0	95	142	558	133	68	1518
8623	-5136	2960	14960	10	0	10	0	0	0	0	0	16	0	0	0	0	0	0	95	142	2918	544	220	2051
8624	-4832	2752	14576	10	0	10	0	0	0	0	0	16	0	0	0	0	0	0	95	142	4923	597	268	3028
8625	-4784	3440	14912	10	0	10	0	0	0	0	0	16	0	0	0	0	0	0	95	142	15011	3047	1288	3457
8626	-4928	3632	14928	10	0	10	0	0	0	0	0	16	0	0	0	0	0	0	95	142	17772	3780	1813	4091
8627	-5168	2704	14720	10	0	10	0	0	0	0	0	16	0	0	0	0	0	0	95	142	17973	3831	1889	3995
8628	-5136	3040	14752	10	0	10	0	0	0	0	0	16	0	0	0	0	0	0	95	142	21602	6227	2309	3723
8629	-4960	3360	14944	10	0	10	0	0	0	0	0	16	0	0	0	0	0	0	95	142	21472	6267	2330	3178
8630	-4928	2944	14896	10	0	10	0	0	0	0	0	16	0	0	0	0	0	0	95	142	21070	6154	2275	2718
8631	-4992	3184	14960	10	0	10	0	0	0	0	0	16	0	0	0	0	0	0	95	142	18712	5744	2126	2233
8632	-4832	3120	14896	10	0	10	0	0	0	0	0	16	0	0	0	0	0	0	95	142	16728	5775	2099	1571
8633	-4848	3168	14880	10	0	10	0	0	0	0	0	16	0	0	0	0	0	0	95	142	6641	3327	1084	1035
8634	-4848	3136	14928	10	0	10	0	0	0	0	0	16	0	8	0	0	0	0	95	142	3881	2594	562	654
8635	-4864	3184	14944	10	0	10	0	0	0	0	0	16	0	0	0	0	0	0	95	142	3680	2544	486	402
8636	-4816	3104	14912	10	0	10	0	0	0	0	0	16	0	0	0	0	0	0	95	142	50	147	65	243
8637	-4832	3104	14752	10	0	10	0	0	0	0	0	16	0	0	0	0	0	1	95	142	29	95	38	148
8638	-4848	3136	14928	10	0	10	0	0	0	0	0	16	0	0	0	0	0	4	95	142	28	89	35	94
8639	-4864	3152	14912	10	0	10	0	0	0	0	0	20	0	8	0	0	0	37	95	142	27	87	32	62
8640	-4832	3120	14912	10	0	10	0	0	0	0	0	16	0	0	0	0	0	52	95	142	4	3	10	47
8641	-4848	3184	14896	10	0	10	0	0	0	0	0	16	0	0	0	0	0	56	95	142	4	1	6	49
8642	-5168	3104	14928	10	0	10	0	0	0	0	0	16	0	0	0	0	0	80	95	142	3	2	4	66
8643	-4864	3104	14912	10	0	10	0	0	0	0	0	16	0	0	0	0	0	80	95	142	7	3	5	75
8644	-4816	3104	14928	10	0	10	0	0	0	0	0	16	0	8	0	0	2	42	95	142	8	4	5	77
8645	-4784	3088	14864	10	0	10	0	0	0	0	0	16	0	0	0	0	34	21	95	142	8	5	6	82
8646	-4832	3104	14928	10	0	10	0	0	0	0	0	16	0	0	0	0	45	0	95	142	10	7	6	87
8647	-4816	3088	14944	10	0	10	0	0	0	0	0	16	1	0	0	0	51	0	95	142	10	7	7	85
8648	-4848	3072	14960	10	0	10	0	0	0	0	0	16	0	0	0	0	81	0	95	142	12	8	7	80
8649	-4864	3088	14752	10	0	10	0	0	0	0	0	16	0	0	0	0	97	0	95	142	13	8	8	70
8650	-4848	3072	14736	10	0	10	0	0	0	0	0	16	0	0	0	0	97	0	95	142	12	8	7	59
8651	-4816	3072	14960	10	0	10	0	0	0	0	0	16	0	0	0	0	96	0	95	142	8	7	6	55
8652	-5136	3088	14944	10	0	10	0	0	0	0	0	16	0	0	0	0	94	0	95	142	7	6	6	51
8653	-5168	3088	14880	10	0	10	0	0	0	0	0	16	0	0	0	0	85	0	95	142	7	5	5	45
8654	-5184	3104	14896	10	0	10	0	0	0	0	0	16	0	0	0	0	66	0	95	142	6	3	5	41
8655	-5168	3104	14928	10	0	10	0	0	0	0	0	16	0	0	0	0	56	0	95	142	5	3	4	36
8656	-4800	3104	14912	10	0	10	0	0	0	0	0	16	0	0	0	0	33	0	95	142	4	2	4	31
8657	-4864	2784	14912	10	0	10	0	0	0	0	0	16	0	0	0	0	15	0	95	142	3	2	4	29
8658	-5136	2768	14928	10	0	10	0	0	0	0	0	16	0	0	0	0	10	0	95	142	3	1	3	26
8659	-4848	3120	14960	10	0	10	0	0	0	0	0	16	0	0	0	1	19	0	95	142	3	1	3	25
8660	-4848	3184	14960	10	0	10	0	0	0	0	0	16	0	0	0	2	32	0	95	142	2	1	3	27
8661	-4864	2800	14960	10	0	10	0	0	0	0	0	16	0	0	0	0	12	0	95	142	3	1	3	25
8662	-4848	2800	14928	10	0	10	0	0	0	0	0	16	0	0	0	0	1	0	95	142	3	1	3	23
8663	-5152	2800	14928	10	0	10	0	0	0	0	0	16	0	0	0	0	1	0	95	142	2	1	3	23
8664	-5136	3104	14720	10	0	10	0	0	0	0	0	16	0	0	0	0	1	0	95	142	2	1	2	22
8665	-4832	3072	14928	10	0	10	0	0	0	0	0	16	0	0	0	0	1	0	95	142	2	1	2	22
8666	-4832	3120	14720	10	0	10	0	0	0	0	0	16	0	0	0	0	0	0	95	142	3	1	2	24
8667	-4832	3120	14752	10	0	10	0	0	0	0	0	16	0	0	0	0	0	0	95	142	3	1	3	23
8668	-5136	3088	14928	10	0	10	0	0	0	0	0	16	0	0	0	0	0	0	95	142	4	1	3	20
8669	-4848	2784	14944	10	0	10	0	0	0	0	0	16	0	0	0	0	0	0	95	142	2	1	2	19
8670	-4848	2800	14944	10	0	10	0	0	0	0	0	16	0	0	0	0	0	0	95	142	2	1	2	20
8671	-4832	3136	14960	10	0	10	0	0	0	0	0	16	0	0	0	0	0	0	95	142	2	1	3	22
8672	-4864	3136	14912	10	0	10	0	0	0	0	0	16	0	0	0	0	0	0	95	142	2	1	3	25
8673	-4800	3168	14896	10	0	10	0	0	0	0	0	16	0	0	0	0	0	0	95	142	2	1	2	24
8674	-4784	3120	14928	10	0	10	0	0	0	0	0	16	0	0	0	0	0	0	95	142	1	1	2	22
8675	-4800	3152	14880	10	0	10	0	0	0	0	0	16	0	0	0	0	0	0	95	142	2	1	2	22
8676	-4864	3104	14912	10	0	10	0	0	0	0	0	16	0	0	0	0	0	0	95	142	1	1	2	22
8677	-4832	3104	14864	10	0	10	0	0	0	0	0	16	0	0	0	0	0	0	95	142	2	1	2	20
8678	-4864	3072	14896	10	0	10	0	0	0	0	0	16	0	0	0	0	0	0	95	142	2	1	2	20
8679	-4848	2784	14720	10	0	10	0	0	0	0	0	16	0	0	0	0	0	0	95	142	2	1	2	20
8680	-4832	2768	14960	10	0	10	0	0	0	0	0	16	0	0	0	0	0	0	95	142	3	1	2	21
8681	-4800	2768	14736	10	0	10	0	0	0	0	0	16	0	0	0	0	0	0	95	142	3	1	2	21
8682	-4816	3088	14928	10	0	10	0	0	0	0	0	16	0	0	0	0	0	0	95	142	3	1	3	21
8683	-4800	3088	14912	10	0	10	0	0	0	0	0	16	0	0	0	0	0	0	95	142	3	1	3	20
8684	-4800	3088	14896	10	0	10	0	0	0	0	0	16	0	0	0	0	0	0	95	142	3	1	3	20
8685	-4848	3104	14896	10	0	10	0	0	0	0	0	16	0	0	0	0	0	0	95	142	4	1	3	21
8686	-4864	3072	14896	10	0	10	0	0	0	0	0	16	0	0	0	0	0	0	95	142	4	1	3	20
8687	-5136	3136	14928	10	0	10	0	0	0	0	0	16	0	0	0	0	0	0	95	142	4	1	3	20
8688	-4832	3104	14944	10	0	10	0	0	0	0	0	16	0	0	0	0	0	0	95	142	4	1	3	19
8689	-4832	3104	14912	10	0	10	0	0	0	0	0	16	0	0	0	0	0	0	95	142	5	1	3	21
8690	-4816	3168	14720	10	0	10	0	0	0	0	0	16	0	0	0	0	0	0	95	142	5	1	3	25
8691	-4832	3168	14736	10	0	10	0	0	0	0	0	16	0	0	0	0	0	0	95	142	5	1	3	32
8692	-4768	3136	14928	10	0	10	0	0	0	0	0	16	0	0	0	0	0	0	95	142	5	1	3	66
8693	-4816	3168	14928	10	0	10	0	0	0	0	0	16	0	0	0	0	0	0	95	142	6	7	6	94
8694	-4816	3168	14928	10	0	10	0	0	0	0	0	16	0	0	0	0	0	0	95	142	12	39	51	105
8695	-4784	3136	14736	10	0	10	0	0	0	0	0	16	0	0	0	0	0	0	95	142	13	40	73	781
8696	-4816	3328	14752	10	0	10	0	0	0	0	0	16	0	0	0	0	0	0	95	142	3646	1017	500	1591
8697	-4864	2944	14864	10	0	10	0	0	0	0	0	16	0	0	0	0	0	0	95	142	4256	1126	752	2414
8698	-5136	3184	14512	10	0	10	0	0	0	0	0	16	0	0	0	0	0	0	95	142	8594	2757	852	3037
8699	-4816	2960	14944	10	0	10	0	0	0	0	0	16	0	0	0	0	0	0	95	142	11188	2999	973	2800
8700	-5136	3120	14944	10	0	10	0	0	0	0	0	16	0	0	0	0	0	0	95	142	11389	3020	1023	2128
8701	-5136	2704	14944	10	0	10	0	0	0	0	0	16	0	0	0	0	0	0	95	142	11461	3066	1063	1836
8702	-4832	3088	14544	10	0	10	0	0	0	0	0	16	0	0	0	0	0	0	95	142	11576	3056	1054	2067
8703	-4816	2736	14896	10	0	10	0	0	0	0	0	16	0	0	0	0	0	0	95	142	11968	4121	1316	1913
8704	-4800	3136	14576	10	0	10	0	0	0	0	0	16	0	0	0	0	0	0	95	142	8525	3197	945	1461
8705	-4864	3152	14912	10	0	10	0	0	0	0	0	16	0	0	0	0	0	0	95	142	7949	3118	707	1037
8706	-5152	3184	14864	10	0	10	0	0	0	0	0	16	0	0	0	0	0	0	95	142	3615	1497	647	687
8707	-5152	3168	14928	10	0	10	0	0	0	0	0	16	0	8	0	0	0	0	95	142	1021	1257	529	432
8708	-4848	3104	14928	10	0	10	0	0	0	0	0	16	0	0	0	0	0	0	95	142	820	1236	479	267
8709	-4768	3072	14912	10	0	10	0	0	0	0	0	16	0	0	0	0	0	0	95	142	748	1184	437	163
8710	-4848	3088	14960	10	0	10	0	0	0	0	0	16	0	0	0	0	0	3	95	142	626	1162	400	103
8711	-4816	3104	14928	10	0	10	0	0	0	0	0	16	0	0	0	0	0	5	95	142	233	96	117	66
8712	-4864	3136	14944	10	0	10	0	0	0	0	0	20	0	8	0	0	0	21	95	142	43	43	61	46
8713	-4864	3136	14944	10	0	10	0	0	0	0	0	16	0	0	0	0	0	53	95	142	9	13	47	34
8714	-4832	3136	14864	10	0	10	0	0	0	0	0	16	0	0	0	0	0	79	95	142	3	3	6	29
8715	-4848	3168	14928	10	0	10	0	0	0	0	0	16	0	0	0	0	0	86	95	142	3	1	3	28
8716	-4816	3088	14960	10	0	10	0	0	0	0	0	16	0	0	0	0	0	91	95	142	3	1	3	37
8717	-4816	2944	14944	10	0	10	0	0	0	0	0	16	0	8	0	0	0	88	95	142	4	2	3	50
8718	-4816	3088	14928	10	0	10	0	0	0	0	0	16	0	0	0	0	11	2	95	142	4	3	4	59
8719	-4816	3120	14720	10	0	10	0	0	0	0	0	16	0	0	0	0	42	1	95	142	4	4	5	62
8720	-4800	3120	14896	10	0	10	0	0	0	0	0	16	0	0	0	0	46	0	95	142	6	5	5	60
8721	-4800	3088	14960	10	0	10	0	0	0	0	0	16	0	0	0	0	47	0	95	142	6	5	7	55
8722	-4864	2784	14944	10	0	10	0	0	0	0	0	16	1	0	0	0	74	0	95	142	7	6	8	48
8723	-4816	2784	14736	10	0	10	0	0	0	0	0	16	0	0	0	0	94	0	95	142	7	6	8	41
8724	-4768	3072	14736	10	0	10	0	0	0	0	0	16	0	0	0	0	94	0	95	142	7	6	9	35
8725	-4800	3088	14960	10	0	10	0	0	0	0	0	16	0	0	0	0	90	0	95	142	7	5	9	31
8726	-4768	3136	14944	10	0	10	0	0	0	0	0	16	0	0	0	0	88	0	95	142	7	4	8	31
8727	-4848	2768	14928	10	0	10	0	0	0	0	0	16	0	0	0	0	72	0	95	142	6	3	6	28
8728	-4848	2768	14928	10	0	10	0	0	0	0	0	16	0	0	0	0	23	0	95	142	4	2	6	25
8729	-5136	2784	14736	10	0	10	0	0	0	0	0	16	0	0	0	0	11	0	95	142	3	2	4	26
8730	-4832	2800	14960	10	0	10	0	0	0	0	0	16	0	0	0	0	5	0	95	142	3	2	4	25
8731	-4832	3088	14896	10	0	10	0	0	0	0	0	16	0	0	0	0	3	0	95	142	3	2	4	24
8732	-4752	3136	14912	10	0	10	0	0	0	0	0	16	0	0	0	0	4	0	95	142	3	1	3	22
8733	-4768	3104	14944	10	0	10	0	0	0	0	0	16	0	0	0	0	5	0	95	142	3	1	3	22
8734	-4816	3088	14928	10	0	10	0	0	0	0	0	16	0	0	0	0	7	0	95	142	3	1	3	20
8735	-4800	3104	14960	10	0	10	0	0	0	0	0	16	0	0	0	0	0	0	95	142	3	1	3	22
8736	-4800	3088	14928	10	0	10	0	0	0	0	0	16	0	0	0	0	0	0	95	142	3	1	3	22
8737	-4816	3072	14960	10	0	10	0	0	0	0	0	16	0	0	0	0	0	0	95	142	3	1	3	23
8738	-4784	3104	14944	10	0	10	0	0	0	0	0	16	0	0	0	0	0	0	95	142	3	1	3	25
8739	-4816	3088	14960	10	0	10	0	0	0	0	0	16	0	0	0	0	0	0	95	142	3	1	3	26
8740	-4832	3104	14960	10	0	10	0	0	0	0	0	16	0	0	0	0	0	0	95	142	3	1	3	23
8741	-4832	3104	14912	10	0	10	0	0	0	0	0	16	0	0	0	0	0	0	95	142	3	1	3	20
8742	-4832	3088	14896	10	0	10	0	0	0	0	0	16	0	0	0	0	0	0	95	142	3	1	3	19
8743	-4800	3088	14736	10	0	10	0	0	0	0	0	16	0	0	0	0	0	0	95	142	3	1	3	21
8744	-4864	3072	14944	10	0	10	0	0	0	0	0	16	0	0	0	0	0	0	95	142	3	1	3	22
8745	-5136	2800	14944	10	0	10	0	0	0	0	0	16	0	0	0	0	0	0	95	142	3	1	3	21
8746	-4848	2800	14944	10	0	10	0	0	0	0	0	16	0	0	0	0	0	0	95	142	2	1	3	18
8747	-4768	3104	14880	10	0	10	0	0	0	0	0	16	0	0	0	0	0	0	95	142	2	1	2	18
8748	-4800	2752	14896	10	0	10	0	0	0	0	0	16	0	0	0	0	0	0	95	142	2	1	2	21
8749	-4832	2784	14928	10	0	10	0	0	0	0	0	16	0	0	0	0	0	0	95	142	2	1	2	23
8750	-4816	2784	14960	10	0	10	0	0	0	0	0	16	0	0	0	0	0	0	95	142	1	1	2	23
8751	-4848	2800	14944	10	0	10	0	0	0	0	0	16	0	0	0	0	0	0	95	142	2	1	2	25
8752	-4816	2800	14960	10	0	10	0	0	0	0	0	16	0	0	0	0	0	0	95	142	2	1	2	22
8753	-4784	3072	14912	10	0	10	0	0	0	0	0	16	0	0	0	0	0	0	95	142	2	1	2	20
8754	-4800	3072	14912	10	0	10	0	0	0	0	0	16	0	0	0	0	0	0	95	142	3	1	3	20
8755	-4800	3088	14912	10	0	10	0	0	0	0	0	16	0	0	0	0	0	0	95	142	3	1	3	19
8756	-4800	3104	14960	10	0	10	0	0	0	0	0	16	0	0	0	0	0	0	95	142	3	1	3	19
8757	-4784	2784	14944	10	0	10	0	0	0	0	0	16	0	0	0	0	0	0	95	142	3	1	3	30
8758	-4768	2784	14720	10	0	10	0	0	0	0	0	16	0	0	0	0	0	0	95	142	3	1	3	59
8759	-4784	2784	14944	10	0	10	0	0	0	0	0	16	0	0	0	0	0	0	95	142	3	10	17	82
8760	-4864	3184	14576	10	0	10	0	0	0	0	0	16	0	0	0	0	0	0	95	142	8	14	23	1104
8761	-5168	2992	14560	10	0	10	0	0	0	0	0	16	0	0	0	0	0	0	95	142	3637	321	101	2182
8762	-4816	2944	14560	10	0	10	0	0	0	0	0	16	0	0	0	0	0	0	95	142	6966	1888	569	2353
8763	-4752	3120	14928	10	0	10	0	0	0	0	0	16	0	0	0	0	0	0	95	142	7281	2037	629	2054
8764	-4832	2752	14576	10	0	10	0	0	0	0	0	16	0	0	0	0	0	0	95	142	7603	2076	670	1667
8765	-4800	3104	14720	10	0	10	0	0	0	0	0	16	0	0	0	0	0	0	95	142	7663	2087	692	2092
8766	-4768	3120	14944	10	0	10	0	0	0	0	0	16	0	0	0	0	0	0	95	142	7828	2774	792	2695
8767	-4976	2800	14928	10	0	10	0	0	0	0	0	16	0	0	0	0	0	0	95	142	9689	2967	1201	3398
8768	-4800	3120	14944	10	0	10	0	0	0	0	0	16	0	0	0	0	0	0	95	142	10597	3364	1388	4493
8769	-5136	3120	14848	10	0	10	0	0	0	0	0	16	0	0	0	0	0	0	95	142	11427	4108	1902	5175
8770	-4848	2784	14544	10	0	10	0	0	0	0	0	16	0	0	0	0	0	0	95	142	17207	3453	2723	5014
8771	-5168	2800	14912	10	0	10	0	0	0	0	0	16	0	0	0	0	0	0	95	142	19194	3787	2988	4337
8772	-4832	3168	14848	10	0	10	0	0	0	0	0	16	0	0	0	0	0	0	95	142	20233	3999	3022	3383
8773	-5152	3136	14512	10	0	10	0	0	0	0	0	16	0	0	0	0	0	0	95	142	20427	4016	3015	2455
8774	-5136	3152	14848	10	0	10	0	0	0	0	0	16	0	0	0	0	0	0	95	142	20332	3338	2920	1630
8775	-4864	3152	14912	10	0	10	0	0	0	0	0	16	0	0	0	0	0	0	95	142	18472	3141	2499	1021
8776	-5136	3104	14720	10	0	10	0	0	0	0	0	16	0	0	0	0	0	0	95	142	17560	2740	2307	617
8777	-4848	3120	14928	10	0	10	0	0	0	0	0	16	0	8	0	0	0	0	95	142	13102	1689	1715	368
8778	-4832	2944	14960	10	0	10	0	0	0	0	0	16	0	0	0	0	0	6	95	142	3991	777	426	220
8779	-4784	3168	14960	10	0	10	0	0	0	0	0	16	0	0	0	0	0	14	95	142	1689	297	107	133
8780	-4768	3088	14896	10	0	10	0	0	0	0	0	16	0	0	0	0	0	19	95	142	329	45	32	83
8781	-4848	3136	14944	10	0	10	0	0	0	0	0	16	0	0	0	0	0	13	95	142	76	18	16	63
8782	-4800	3120	14736	10	0	10	0	0	0	0	0	20	0	8	0	0	0	12	95	142	5	10	12	58
8783	-4832	3136	14720	10	0	10	0	0	0	0	0	16	0	0	0	0	0	2	95	142	5	6	10	61
8784	-4800	3136	14720	10	0	10	0	0	0	0	0	16	0	0	0	0	6	4	95	142	5	10	13	62
8785	-4976	2800	14912	10	0	10	0	0	0	0	0	16	0	0	0	0	38	0	95	142	5	12	14	60
8786	-4992	3072	14928	10	0	10	0	0	0	0	0	16	0	0	0	0	47	0	95	142	5	13	14	59
8787	-4976	2800	14928	10	0	10	0	0	0	0	0	16	1	8	0	0	88	0	95	142	6	15	12	53
8788	-4800	2800	14944	10	0	10	0	0	0	0	0	16	0	0	0	0	98	0	95	142	5	15	13	47
8789	-4848	3104	14912	10	0	10	0	0	0	0	0	16	0	0	0	0	98	0	95	142	5	16	13	39
8790	-5152	3072	14944	10	0	10	0	0	0	0	0	16	0	0	0	0	98	0	95	142	4	15	14	33
8791	-4848	2768	14896	10	0	10	0	0	0	0	0	16	0	0	0	0	98	0	95	142	5	14	13	33
8792	-4832	3072	14912	10	0	10	0	0	0	0	0	16	0	0	0	0	94	0	95	142	4	9	10	30
8793	-4800	2736	14944	10	0	10	0	0	0	0	0	16	0	0	0	0	81	0	95	142	4	8	10	26
8794	-4864	2784	14720	10	0	10	0	0	0	0	0	16	0	0	0	0	74	0	95	142	4	7	9	24
8795	-4800	3072	14928	10	0	10	0	0	0	0	0	16	0	0	0	0	67	0	95	142	3	2	6	23
8796	-4784	3104	14944	10	0	10	0	0	0	0	0	16	0	0	0	0	62	0	95	142	3	2	5	22
8797	-4800	3104	14944	10	0	10	0	0	0	0	0	16	0	0	0	0	60	0	95	142	3	1	5	24
8798	-4832	3088	14720	10	0	10	0	0	0	0	0	16	0	0	0	43	56	0	95	142	3	1	4	21
8799	-4768	3120	14912	10	0	10	0	0	0	0	0	16	0	0	0	51	57	0	95	142	3	1	3	18
8800	-4784	3088	14912	10	0	10	0	0	0	0	0	16	4	0	0	32	21	0	125	142	3	1	3	19
8801	-4800	3088	14912	10	0	10	0	0	0	0	0	16	0	0	0	3	6	0	95	142	3	1	3	23
8802	-4784	2784	14928	10	0	10	0	0	0	0	0	16	0	0	0	0	16	0	95	142	3	1	3	25
8803	-4800	2800	14880	10	0	10	0	0	0	0	0	16	0	0	0	0	19	0	95	142	3	1	3	25
8804	-4832	3104	14880	10	0	10	0	0	0	0	0	16	0	0	0	0	18	0	95	142	3	1	3	27
8805	-4800	3120	14896	10	0	10	0	0	0	0	0	16	0	0	0	0	5	0	95	142	3	1	3	28
8806	-4800	3072	14720	10	0	10	0	0	0	0	0	16	0	0	0	0	0	0	95	142	4	2	3	29
8807	-4800	2768	14960	10	0	10	0	0	0	0	0	16	0	0	0	0	0	0	95	142	4	1	3	28
8808	-4784	2736	14912	10	0	10	0	0	0	0	0	16	0	0	0	0	0	0	95	142	4	1	3	28
8809	-4784	2784	14944	10	0	10	0	0	0	0	0	16	0	0	0	0	0	0	95	142	4	1	3	26
8810	-4800	2784	14736	10	0	10	0	0	0	0	0	16	0	0	0	0	0	0	95	142	4	1	3	23
8811	-4768	2784	14736	10	0	10	0	0	0	0	0	16	0	0	0	0	0	0	95	142	3	1	3	20
8812	-4768	2784	14944	10	0	10	0	0	0	0	0	16	0	0	0	0	0	0	95	142	3	1	3	19
8813	-4784	2800	14752	10	0	10	0	0	0	0	0	16	0	0	0	0	0	0	95	142	3	1	3	20
8814	-4768	2784	14720	10	0	10	0	0	0	0	0	16	0	0	0	0	0	0	95	142	2	1	3	22
8815	-4784	2752	14768	10	0	10	0	0	0	0	0	16	0	0	0	0	0	0	95	142	2	1	3	23
8816	-4832	2784	14736	10	0	10	0	0	0	0	0	16	0	0	0	0	0	0	95	142	2	1	3	23
8817	-4816	3072	14960	10	0	10	0	0	0	0	0	16	0	0	0	0	0	0	95	142	2	1	3	21
8818	-4800	2784	14720	10	0	10	0	0	0	0	0	16	0	0	0	0	0	0	95	142	2	1	3	21
8819	-4816	3088	14944	10	0	10	0	0	0	0	0	16	0	0	0	0	0	0	95	142	2	1	3	19
8820	-4848	3104	14880	10	0	10	0	0	0	0	0	16	0	0	0	0	0	0	95	142	2	1	3	24
8821	-4832	2800	14544	10	0	10	0	0	0	0	0	16	0	0	0	0	0	0	95	142	2	1	2	25
8822	-4832	2784	14912	10	0	10	0	0	0	0	0	16	0	0	0	0	0	0	95	142	2	1	3	24
8823	-4848	2784	14960	10	0	10	0	0	0	0	0	16	0	0	0	0	0	0	95	142	3	1	2	24
8824	-4832	3072	14944	10	0	10	0	0	0	0	0	16	0	0	0	0	0	0	95	142	3	1	2	23
8825	-4784	3072	14912	10	0	10	0	0	0	0	0	16	0	0	0	0	0	0	95	142	3	1	3	22
8826	-4848	2784	14960	10	0	10	0	0	0	0	0	16	0	0	0	0	0	0	95	142	3	1	3	23
8827	-4832	2800	14960	10	0	10	0	0	0	0	0	16	0	0	0	0	0	0	95	142	3	1	2	24
8828	-4768	2784	14944	10	0	10	0	0	0	0	0	16	0	0	0	0	0	0	95	142	3	1	3	22
8829	-4768	2768	14720	10	0	10	0	0	0	0	0	16	0	0	0	0	0	0	95	142	3	1	3	21
8830	-4816	3072	14720	10	0	10	0	0	0	0	0	16	0	0	0	0	0	0	95	142	3	1	3	23
8831	-4816	3104	14736	10	0	10	0	0	0	0	0	16	0	0	0	0	0	0	95	142	3	1	3	22
8832	-4832	3120	14912	10	0	10	0	0	0	0	0	16	0	0	0	0	0	0	95	142	2	1	3	21
8833	-5136	3072	14912	10	0	10	0	0	0	0	0	16	0	0	0	0	0	0	95	142	3	1	3	22
8834	-4848	3104	14928	10	0	10	0	0	0	0	0	16	0	0	0	0	0	0	95	142	2	1	3	21
8835	-4752	2800	14864	10	0	10	0	0	0	0	0	16	0	0	0	0	0	0	95	142	2	1	3	23
8836	-4848	2768	14944	10	0	10	0	0	0	0	0	16	0	0	0	0	0	0	95	142	4	1	3	23
8837	-4832	2800	14896	10	0	10	0	0	0	0	0	16	0	0	0	0	0	0	95	142	4	1	3	22
8838	-5136	3072	14928	10	0	10	0	0	0	0	0	16	0	0	0	0	0	0	95	142	3	1	3	34
8839	-4816	3120	14752	10	0	10	0	0	0	0	0	16	0	0	0	0	0	0	95	142	3	4	5	709
8840	-4816	2720	14896	10	0	10	0	0	0	0	0	16	0	0	0	0	0	0	95	142	137	97	170	1712
8841	-4784	3120	14544	10	0	10	0	0	0	0	0	16	0	0	0	0	0	0	95	142	307	140	199	2474
8842	-4800	2928	14736	10	0	10	0	0	0	0	0	16	0	0	0	0	0	0	95	142	326	155	218	2648
8843	-4784	2720	14944	10	0	10	0	0	0	0	0	16	0	0	0	0	0	0	95	142	333	159	228	2327
8844	-4800	2944	14848	10	0	10	0	0	0	0	0	16	0	0	0	0	0	0	95	142	933	322	305	2450
8845	-4800	3024	14864	10	0	10	0	0	0	0	0	16	0	0	0	0	0	0	95	142	3999	827	670	2682
8846	-4784	3056	14848	10	0	10	0	0	0	0	0	16	0	0	0	0	0	0	95	142	4936	982	851	2363
8847	-4752	2960	14864	10	0	10	0	0	0	0	0	16	0	0	0	0	0	0	95	142	5935	1160	1022	1919
8848	-4800	2976	14928	10	0	10	0	0	0	0	0	16	0	0	0	0	0	0	95	142	6517	1297	949	1630
8849	-4768	2944	14928	10	0	10	0	0	0	0	0	16	0	0	0	0	0	0	95	142	6389	1528	1615	1562
8850	-4800	2800	14896	10	0	10	0	0	0	0	0	16	0	0	0	0	0	0	95	142	6378	1533	1636	1210
8851	-4832	2784	14896	10	0	10	0	0	0	0	0	16	0	8	0	0	0	0	95	142	6378	1539	1630	837
8852	-4768	3088	14960	10	0	10	0	0	0	0	0	16	0	0	0	0	0	0	95	142	5777	1380	1556	553
8853	-4800	2784	14928	10	0	10	0	0	0	0	0	16	0	0	0	0	0	0	95	142	2711	876	1193	354
8854	-4800	3104	14944	10	0	10	0	0	0	0	0	16	0	0	0	0	0	0	95	142	1774	722	1014	225
8855	-4768	2800	14928	10	0	10	0	0	0	0	0	16	0	0	0	0	0	0	95	142	776	541	840	143
8856	-4784	3120	14944	10	0	10	0	0	0	0	0	20	0	8	0	0	0	3	95	142	60	312	748	91
8857	-4784	3072	14928	10	0	10	0	0	0	0	0	16	0	0	0	0	0	37	95	142	18	38	54	62
8858	-4800	3088	14912	10	0	10	0	0	0	0	0	16	0	0	0	0	0	57	95	142	10	18	13	44
8859	-4848	3104	14928	10	0	10	0	0	0	0	0	16	0	0	0	0	0	76	95	142	3	8	9	37
8860	-4832	3104	14960	10	0	10	0	0	0	0	0	16	0	0	0	0	0	87	95	142	2	4	5	35
8861	-4816	3088	14960	10	0	10	0	0	0	0	0	16	0	8	0	0	0	88	95	142	2	2	3	39
8862	-4816	3072	14752	10	0	10	0	0	0	0	0	16	0	0	0	0	1	12	95	142	2	2	2	45
8863	-4848	3088	14736	10	0	10	0	0	0	0	0	16	0	0	0	0	36	13	95	142	2	2	2	59
8864	-4864	3088	14736	10	0	10	0	0	0	0	0	16	0	0	0	0	45	0	95	142	3	3	4	65
8865	-4832	3152	14720	10	0	10	0	0	0	0	0	16	0	0	0	0	48	0	95	142	3	3	5	61
8866	-4800	3088	14736	10	0	10	0	0	0	0	0	16	1	0	0	0	80	0	95	142	5	4	6	56
8867	-4768	3072	14720	10	0	10	0	0	0	0	0	16	0	0	0	0	97	0	95	142	6	4	6	49
8868	-5136	3104	14912	10	0	10	0	0	0	0	0	16	0	0	0	0	97	0	95	142	6	4	7	45
8869	-4784	3088	14896	10	0	10	0	0	0	0	0	16	0	0	0	0	95	0	95	142	6	4	7	42
8870	-4816	3104	14720	10	0	10	0	0	0	0	0	16	0	0	0	0	94	0	95	142	6	3	7	37
8871	-4864	3104	14720	10	0	10	0	0	0	0	0	16	0	0	0	0	86	0	95	142	6	3	7	32
8872	-4832	2800	14960	10	0	10	0	0	0	0	0	16	0	0	0	0	59	0	95	142	6	2	6	28
8873	-4816	3072	14960	10	0	10	0	0	0	0	0	16	0	0	0	0	41	0	95	142	6	2	4	25
8874	-4848	2784	14720	10	0	10	0	0	0	0	0	16	0	0	0	0	15	0	95	142	4	2	4	23
8875	-4800	3072	14720	10	0	10	0	0	0	0	0	16	0	0	0	0	8	0	95	142	3	1	3	21
8876	-4832	3072	14944	10	0	10	0	0	0	0	0	16	0	0	0	0	6	0	95	142	3	1	3	21
8877	-4800	2800	14944	10	0	10	0	0	0	0	0	16	0	0	0	1	8	0	95	142	3	1	3	21
8878	-4784	3104	14960	10	0	10	0	0	0	0	0	16	0	0	0	0	22	0	95	142	3	1	3	22
8879	-4800	2784	14720	10	0	10	0	0	0	0	0	16	0	0	0	0	5	0	95	142	2	1	2	21
8880	-4800	2752	14928	10	0	10	0	0	0	0	0	16	0	0	0	0	0	0	95	142	3	1	3	22
8881	-4848	2800	14896	10	0	10	0	0	0	0	0	16	0	0	0	0	0	0	95	142	3	1	2	22
8882	-4832	2784	14928	10	0	10	0	0	0	0	0	16	0	0	0	0	0	0	95	142	3	1	3	22
8883	-4832	3104	14928	10	0	10	0	0	0	0	0	16	0	0	0	0	0	0	95	142	3	1	3	21
8884	-4816	3072	14960	10	0	10	0	0	0	0	0	16	0	0	0	0	0	0	95	142	3	1	3	21
8885	-4800	3104	14928	10	0	10	0	0	0	0	0	16	0	0	0	0	0	0	95	142	3	1	3	21
8886	-4784	3104	14720	10	0	10	0	0	0	0	0	16	0	0	0	0	0	0	95	142	3	1	3	20
8887	-4784	2752	14720	10	0	10	0	0	0	0	0	16	0	0	0	0	0	0	95	142	3	1	3	22
8888	-4768	2752	14720	10	0	10	0	0	0	0	0	16	0	0	0	0	0	0	95	142	2	1	3	24
8889	-4784	3120	14736	10	0	10	0	0	0	0	0	16	0	0	0	0	0	0	95	142	2	1	3	23
8890	-4784	3072	14720	10	0	10	0	0	0	0	0	16	0	0	0	0	0	0	95	142	1	1	3	24
8891	-4800	3072	14912	10	0	10	0	0	0	0	0	16	0	0	0	0	0	0	95	142	2	1	3	21
8892	-4864	2784	14896	10	0	10	0	0	0	0	0	16	0	0	0	0	0	0	95	142	2	0	2	21
8893	-4816	2768	14944	10	0	10	0	0	0	0	0	16	0	0	0	0	0	0	95	142	2	0	2	21
8894	-4752	2784	14960	10	0	10	0	0	0	0	0	16	0	0	0	0	0	0	95	142	2	0	2	22
8895	-4800	2736	14720	10	0	10	0	0	0	0	0	16	0	0	0	0	0	0	95	142	1	0	2	23
8896	-4768	3072	14928	10	0	10	0	0	0	0	0	16	0	0	0	0	0	0	95	142	2	1	2	24
8897	-4800	2784	14960	10	0	10	0	0	0	0	0	16	0	0	0	0	0	0	95	142	3	1	2	22
8898	-4816	2784	14912	10	0	10	0	0	0	0	0	16	0	0	0	0	0	0	95	142	4	1	2	23
8899	-4800	2800	14960	10	0	10	0	0	0	0	0	16	0	0	0	0	0	0	95	142	3	1	2	25
8900	-4832	2800	14720	10	0	10	0	0	0	0	0	16	0	0	0	0	0	0	95	142	3	1	2	25
8901	-4752	2768	14928	10	0	10	0	0	0	0	0	16	0	0	0	0	0	0	95	142	4	1	3	25
8902	-4992	2752	14944	10	0	10	0	0	0	0	0	16	0	0	0	0	0	0	95	142	4	1	3	23
8903	-4992	2736	14896	10	0	10	0	0	0	0	0	16	0	0	0	0	0	0	95	142	4	1	3	23
8904	-4752	2784	14864	10	0	10	0	0	0	0	0	16	0	0	0	0	0	0	95	142	4	1	3	22
8905	-4816	2800	14928	10	0	10	0	0	0	0	0	16	0	0	0	0	0	0	95	142	2	1	3	21
8906	-4784	2784	14912	10	0	10	0	0	0	0	0	16	0	0	0	0	0	0	95	142	2	1	3	23
8907	-4784	2800	14944	10	0	10	0	0	0	0	0	16	0	0	0	0	0	0	95	142	3	1	3	26
8908	-4800	3072	14928	10	0	10	0	0	0	0	0	16	0	0	0	0	0	0	95	142	3	1	3	24
8909	-4752	3088	14944	10	0	10	0	0	0	0	0	16	0	0	0	0	0	0	95	142	3	1	3	23
8910	-4768	3104	14960	10	0	10	0	0	0	0	0	16	0	0	0	0	0	0	95	142	3	1	3	23
8911	-4976	3088	14928	10	0	10	0	0	0	0	0	16	0	0	0	0	0	0	95	142	3	1	3	24
8912	-4784	3088	14912	10	0	10	0	0	0	0	0	16	0	0	0	0	0	0	95	142	3	1	3	25
8913	-4768	3072	14928	10	0	10	0	0	0	0	0	16	0	0	0	0	0	0	95	142	3	1	3	23
8914	-4800	3120	14944	10	0	10	0	0	0	0	0	16	0	0	0	0	0	0	95	142	3	1	3	37
8915	-4784	3136	14944	10	0	10	0	0	0	0	0	16	0	0	0	0	0	0	95	142	3	3	5	520
8916	-4864	2752	14560	10	0	10	0	0	0	0	0	16	0	0	0	0	0	0	95	142	526	80	41	1293
8917	-4848	2800	14512	10	0	10	0	0	0	0	0	16	0	0	0	0	0	0	95	142	591	109	70	2100
8918	-4832	3104	14736	10	0	10	0	0	0	0	0	16	0	0	0	0	0	0	95	142	914	399	281	3150
8919	-4864	2528	14816	10	0	10	0	0	0	0	0	16	0	0	0	0	0	0	95	142	1015	480	336	3317
8920	-4832	2464	14800	10	0	10	0	0	0	0	0	16	0	0	0	0	0	0	95	142	1398	3373	6911	3046
8921	-4816	2928	14736	10	0	10	0	0	0	0	0	16	0	0	0	0	0	0	95	142	1498	3390	6952	2358
8922	-4800	3072	14960	10	0	10	0	0	0	0	0	16	0	0	0	0	0	0	95	142	1502	3418	7057	1632
8923	-4784	3168	14736	10	0	10	0	0	0	0	0	16	0	0	0	0	0	0	95	142	1504	3420	7071	1085
8924	-4800	3104	14912	10	0	10	0	0	0	0	0	16	0	0	0	0	0	0	95	142	985	3411	7217	713
8925	-4832	3088	14928	10	0	10	0	0	0	0	0	16	0	0	0	0	0	0	95	142	924	3465	7399	467
8926	-4800	3184	14944	10	0	10	0	0	0	0	0	16	0	0	0	0	0	0	95	142	602	3185	7220	301
8927	-4768	3088	14944	10	0	10	0	0	0	0	0	16	0	8	0	0	0	1	95	142	502	3105	7166	192
8928	-4768	3120	14960	10	0	10	0	0	0	0	0	16	0	0	0	0	0	1	95	142	119	212	594	126
8929	-4752	3136	14768	10	0	10	0	0	0	0	0	16	0	0	0	0	0	3	95	142	20	196	553	85
8930	-4784	3136	14768	10	0	10	0	0	0	0	0	16	0	0	0	0	0	12	95	142	16	167	449	58
8931	-4784	3120	14736	10	0	10	0	0	0	0	0	16	0	0	0	0	0	18	95	142	13	163	432	43
8932	-4784	2784	14720	10	0	10	0	0	0	0	0	20	0	8	0	0	0	24	95	142	9	95	250	36
8933	-4768	2800	14720	10	0	10	0	0	0	0	0	16	0	0	0	0	0	56	95	142	6	12	39	31
8934	-4784	2752	14944	10	0	10	0	0	0	0	0	16	0	0	0	0	0	89	95	142	5	3	7	28
8935	-4784	3072	14928	10	0	10	0	0	0	0	0	16	0	0	0	0	0	93	95	142	5	2	6	27
8936	-4816	2784	14960	10	0	10	0	0	0	0	0	16	0	0	0	0	0	94	95	142	4	1	3	31
8937	-4816	3088	14928	10	0	10	0	0	0	0	0	16	0	8	0	0	1	85	95	142	3	1	2	35
8938	-4768	2784	14896	10	0	10	0	0	0	0	0	16	0	0	0	0	13	0	95	142	3	2	3	42
8939	-4800	2800	14928	10	0	10	0	0	0	0	0	16	0	0	0	0	41	0	95	142	4	2	3	43
8940	-4816	2784	14880	10	0	10	0	0	0	0	0	16	0	0	0	0	44	0	95	142	4	2	3	40
8941	-4752	2752	14864	10	0	10	0	0	0	0	0	16	0	0	0	0	47	0	95	142	4	2	4	37
8942	-4816	2768	14928	10	0	10	0	0	0	0	0	16	0	0	0	1	49	0	95	142	3	2	4	34
8943	-4816	2800	14784	10	0	10	0	0	0	0	0	16	1	0	0	2	84	0	95	142	3	2	4	29
8944	-4864	2784	14960	10	0	10	0	0	0	0	0	16	0	0	0	8	88	0	95	142	4	2	4	26
8945	-4848	2800	14960	10	0	10	0	0	0	0	0	16	0	0	0	5	85	0	95	142	4	2	4	24
8946	-4864	2768	14944	10	0	10	0	0	0	0	0	16	0	0	0	2	82	0	95	142	4	2	4	25
8947	-4848	3088	14960	10	0	10	0	0	0	0	0	16	0	0	0	0	63	0	95	142	3	1	3	25
8948	-4816	2784	14784	10	0	10	0	0	0	0	0	16	0	0	0	0	13	0	95	142	3	1	3	26
8949	-4816	3104	14784	10	0	10	0	0	0	0	0	16	0	0	0	0	4	0	95	142	3	1	3	25
8950	-4800	2784	14720	10	0	10	0	0	0	0	0	16	0	0	0	0	2	0	95	142	3	1	3	25
8951	-4768	2752	14752	10	0	10	0	0	0	0	0	16	0	0	0	0	2	0	95	142	3	1	2	25
8952	-4800	2752	14736	10	0	10	0	0	0	0	0	16	0	0	0	0	1	0	95	142	2	1	2	25
8953	-4832	3072	14928	10	0	10	0	0	0	0	0	16	0	0	0	0	0	0	95	142	2	1	2	24
8954	-4800	3088	14736	10	0	10	0	0	0	0	0	16	0	0	0	0	0	0	95	142	2	1	2	23
8955	-4800	3104	14928	10	0	10	0	0	0	0	0	16	0	0	0	0	0	0	95	142	3	1	2	22
8956	-5136	3120	14928	10	0	10	0	0	0	0	0	16	0	0	0	0	0	0	95	142	3	1	2	20
8957	-4800	2800	14720	10	0	10	0	0	0	0	0	16	0	0	0	0	0	0	95	142	2	1	2	18
8958	-4768	3072	14928	10	0	10	0	0	0	0	0	16	0	0	0	0	0	0	95	142	2	1	3	18
8959	-4976	2768	14928	10	0	10	0	0	0	0	0	16	0	0	0	0	0	0	95	142	3	1	3	19
8960	-4752	2784	14960	10	0	10	0	0	0	0	0	16	0	0	0	0	0	0	95	142	4	1	3	20
8961	-4800	2800	14944	10	0	10	0	0	0	0	0	16	0	0	0	0	0	0	95	142	4	1	3	21
8962	-4816	2784	14896	10	0	10	0	0	0	0	0	16	0	0	0	0	0	0	95	142	3	1	3	21
8963	-4800	2784	14928	10	0	10	0	0	0	0	0	16	0	0	0	0	0	0	95	142	3	1	3	22
8964	-4784	2784	14752	10	0	10	0	0	0	0	0	16	0	0	0	0	0	0	95	142	3	1	3	23
8965	-4832	3136	14928	10	0	10	0	0	0	0	0	16	0	0	0	0	0	0	95	142	3	1	3	24
8966	-4800	3120	14720	10	0	10	0	0	0	0	0	16	0	0	0	0	0	0	95	142	3	1	3	29
8967	-4816	3072	14720	10	0	10	0	0	0	0	0	16	0	0	0	0	0	0	95	142	4	1	3	27
8968	-4816	3104	14720	10	0	10	0	0	0	0	0	16	0	0	0	0	0	0	95	142	5	1	2	27
8969	-4976	3072	14720	10	0	10	0	0	0	0	0	16	0	0	0	0	0	0	95	142	5	1	3	27
8970	-4768	2784	14944	10	0	10	0	0	0	0	0	16	0	0	0	0	0	0	95	142	5	1	3	29
8971	-4752	2720	14912	10	0	10	0	0	0	0	0	16	0	0	0	0	0	0	95	142	5	2	3	31
8972	-4784	2784	14720	10	0	10	0	0	0	0	0	16	0	0	0	0	0	0	95	142	5	1	3	33
8973	-4816	2768	14944	10	0	10	0	0	0	0	0	16	0	0	0	0	0	0	95	142	5	1	3	34
8974	-4784	2720	14720	10	0	10	0	0	0	0	0	16	0	0	0	0	0	0	95	142	5	1	3	36
8975	-4768	2752	14944	10	0	10	0	0	0	0	0	16	0	0	0	0	0	0	95	142	4	1	3	33
8976	-4848	2752	14960	10	0	10	0	0	0	0	0	16	0	0	0	0	0	0	95	142	4	1	3	29
8977	-4848	2752	14768	10	0	10	0	0	0	0	0	16	0	0	0	0	0	0	95	142	4	1	3	26
8978	-4800	2736	14912	10	0	10	0	0	0	0	0	16	0	0	0	0	0	0	95	142	4	1	3	23
8979	-4848	3088	14720	10	0	10	0	0	0	0	0	16	0	0	0	0	0	0	95	142	3	1	3	22
8980	-4784	3104	14736	10	0	10	0	0	0	0	0	16	0	0	0	0	0	0	95	142	3	1	3	21
8981	-4816	3072	14960	10	0	10	0	0	0	0	0	16	0	0	0	0	0	0	95	142	2	1	2	24
8982	-4816	2784	14960	10	0	10	0	0	0	0	0	16	0	0	0	0	0	0	95	142	3	1	3	24
8983	-4800	2784	14720	10	0	10	0	0	0	0	0	16	0	0	0	0	0	0	95	142	2	1	2	29
8984	-4784	3104	14752	10	0	11	0	0	0	0	0	16	0	0	0	0	0	0	95	142	4	1	3	27
8985	-4800	3072	14960	11	0	11	0	0	0	0	0	16	0	0	0	0	0	0	95	142	4	1	3	26
8986	-4784	2784	14912	11	0	11	0	0	0	0	0	16	0	0	0	0	0	0	95	142	4	1	3	24
8987	-4768	2784	14736	11	0	11	0	0	0	0	0	16	0	0	0	0	0	0	95	142	4	1	3	26
8988	-4800	2736	14736	11	0	11	0	0	0	0	0	16	0	0	0	0	0	0	95	142	4	1	3	41
8989	-4832	3104	14896	11	0	11	0	0	0	0	0	16	0	0	0	0	0	0	95	142	4	1	4	477
8990	-4816	3184	15152	11	0	11	0	0	0	0	0	16	0	0	0	0	0	0	95	142	244	36	14	899
8991	-4784	3152	15200	11	0	11	0	0	0	0	0	16	0	0	0	0	0	0	95	142	269	112	31	1087
8992	-4768	2704	15152	11	0	11	0	0	0	0	0	16	0	0	0	0	0	0	95	142	511	216	101	1790
8993	-4832	3104	15104	11	0	11	0	0	0	0	0	16	0	0	0	0	0	0	95	142	1507	605	231	2655
8994	-4896	3360	14784	11	0	11	0	0	0	0	0	16	0	0	0	0	0	0	95	142	1540	649	261	2956
8995	-4752	3136	14784	11	0	11	0	0	0	0	0	16	0	0	0	0	0	0	95	142	1746	817	355	2803
8996	-4848	3136	14768	11	0	11	0	0	0	0	0	16	0	0	0	0	0	0	95	142	1839	1168	427	2260
8997	-4816	3104	14960	11	0	11	0	0	0	0	0	16	0	0	0	0	0	0	95	142	1888	1187	443	1590
8998	-4832	3072	14960	11	0	11	0	0	0	0	0	16	0	0	0	0	0	0	95	142	1650	1160	443	1051
8999	-4832	2784	14960	11	0	11	0	0	0	0	0	16	0	0	0	0	0	0	95	142	1628	1090	433	669
9000	-4832	2752	14944	11	0	11	0	0	0	0	0	16	0	0	0	0	0	0	95	142	1384	986	365	413
9001	-4848	2768	14944	11	0	11	0	0	0	0	0	16	0	0	0	0	0	1	95	142	389	597	235	253
9002	-4816	3088	14960	11	0	11	0	0	0	0	0	16	0	8	0	0	0	1	95	142	356	554	205	157
9003	-4784	3088	14720	11	0	11	0	0	0	0	0	16	0	0	0	0	0	2	95	142	149	386	112	98
9004	-4768	3120	14944	11	0	11	0	0	0	0	0	16	0	0	0	0	0	7	95	142	56	35	39	64
9005	-4784	3104	14928	11	0	11	0	0	0	0	0	16	0	0	0	0	0	13	95	142	7	16	23	56
9006	-4768	3072	14768	11	0	11	0	0	0	0	0	16	0	0	0	0	0	23	95	142	6	9	12	59
9007	-4800	2704	14752	11	0	11	0	0	0	0	0	20	0	8	0	0	0	42	95	142	5	4	6	62
9008	-5136	2720	14752	11	0	11	0	0	0	0	0	16	0	0	0	0	0	79	95	142	5	5	8	63
9009	-4848	2704	14752	11	0	11	0	0	0	0	0	16	0	0	0	0	0	88	95	142	6	5	9	60
9010	-4816	2752	14752	11	0	11	0	0	0	0	0	16	0	0	0	0	0	88	95	142	6	6	10	55
9011	-4768	2800	14784	11	0	11	0	0	0	0	0	16	0	0	0	0	0	89	95	142	8	6	11	50
9012	-4768	2768	14736	11	0	11	0	0	0	0	0	16	0	0	0	0	4	13	95	142	8	7	11	45
9013	-4752	3072	14960	11	0	11	0	0	0	0	0	16	0	0	0	0	39	0	95	142	9	7	11	43
9014	-4832	2688	14720	11	0	11	0	0	0	0	0	16	0	0	0	0	44	0	95	142	7	7	12	38
9015	-4816	2704	14928	11	0	11	0	0	0	0	0	16	0	0	0	0	46	0	95	142	6	6	10	33
9016	-4816	2736	14928	11	0	11	0	0	0	0	0	16	0	0	0	0	46	0	95	142	5	4	7	30
9017	-4816	2784	14944	11	0	11	0	0	0	0	0	16	1	0	0	1	59	0	95	142	6	4	5	31
9018	-4784	2720	14720	11	0	11	0	0	0	0	0	16	0	0	0	3	85	0	95	142	5	3	4	28
9019	-4784	2800	14944	11	0	11	0	0	0	0	0	16	0	0	0	5	82	0	95	142	5	3	4	26
9020	-4816	2768	14944	11	0	11	0	0	0	0	0	16	0	0	0	4	82	0	95	142	4	2	3	26
9021	-4800	3072	14944	11	0	11	0	0	0	0	0	16	0	0	0	0	62	0	95	142	4	2	3	28
9022	-4800	2800	14944	11	0	11	0	0	0	0	0	16	0	0	0	0	19	0	95	142	4	2	3	24
9023	-4768	2800	14944	11	0	11	0	0	0	0	0	16	0	0	0	0	7	0	95	142	4	1	3	26
9024	-4992	2800	14944	11	0	11	0	0	0	0	0	16	0	0	0	0	4	0	95	142	4	2	3	25
9025	-4752	2784	14944	11	0	11	0	0	0	0	0	16	0	0	0	0	3	0	95	142	3	1	3	22
9026	-4976	2768	14944	11	0	11	0	0	0	0	0	16	0	0	0	0	3	0	95	142	3	1	3	22
9027	-4992	3088	14944	11	0	11	0	0	0	0	0	16	0	0	0	0	1	0	95	142	2	1	2	24
9028	-4960	2800	14944	11	0	11	0	0	0	0	0	16	0	0	0	0	0	0	95	142	3	1	2	24
9029	-4800	2768	14912	11	0	11	0	0	0	0	0	16	0	0	0	0	0	0	95	142	4	1	3	24
9030	-4800	2800	14928	11	0	11	0	0	0	0	0	16	0	0	0	0	0	0	95	142	4	1	3	26
9031	-4800	2784	14912	11	0	11	0	0	0	0	0	16	0	0	0	0	0	0	95	142	5	1	3	27
9032	-4832	2800	14928	11	0	11	0	0	0	0	0	16	0	0	0	0	0	0	95	142	5	1	3	26
9033	-4784	2768	14720	11	0	11	0	0	0	0	0	16	0	0	0	0	0	0	95	142	5	0	3	24
9034	-4768	2784	14736	11	0	11	0	0	0	0	0	16	0	0	0	0	0	0	95	142	4	1	3	22
9035	-4768	3072	14960	11	0	11	0	0	0	0	0	16	0	0	0	0	0	0	95	142	5	1	3	20
9036	-4768	2784	14944	11	0	11	0	0	0	0	0	16	0	0	0	0	0	0	95	142	4	1	4	22
9037	-4752	3072	14960	11	0	11	0	0	0	0	0	16	0	0	0	0	0	0	95	142	4	1	3	22
9038	-4752	2800	14928	11	0	11	0	0	0	0	0	16	0	0	0	0	0	0	95	142	5	1	3	22
9039	-4800	3072	14960	11	0	11	0	0	0	0	0	16	0	0	0	0	0	0	95	142	4	1	3	24
9040	-4848	2736	14736	11	0	11	0	0	0	0	0	16	0	0	0	0	0	0	95	142	4	1	3	26
9041	-4800	2800	14928	11	0	11	0	0	0	0	0	16	0	0	0	0	0	0	95	142	4	1	3	25
9042	-4992	2768	14960	11	0	11	0	0	0	0	0	16	0	0	0	0	0	0	95	142	5	1	3	25
9043	-4768	2768	14960	11	0	11	0	0	0	0	0	16	0	0	0	0	0	0	95	142	4	1	3	25
9044	-4800	2800	14896	11	0	11	0	0	0	0	0	16	0	0	0	0	0	0	95	142	4	1	3	28
9045	-4800	2768	14928	11	0	11	0	0	0	0	0	16	0	0	0	0	0	0	95	142	3	1	3	27
9046	-4768	2784	14720	11	0	11	0	0	0	0	0	16	0	0	0	0	0	0	95	142	3	1	3	29
9047	-4752	2800	14736	11	0	11	0	0	0	0	0	16	0	0	0	0	0	0	95	142	3	2	3	31
9048	-4848	3104	14928	11	0	11	0	0	0	0	0	16	0	0	0	0	0	0	95	142	3	2	3	30
9049	-4832	2752	14944	11	0	11	0	0	0	0	0	16	0	0	0	0	0	0	95	142	3	1	3	28
9050	-4784	2800	14736	11	0	11	0	0	0	0	0	16	0	0	0	0	0	0	95	142	3	1	3	26
9051	-4848	2768	14960	11	0	11	0	0	0	0	0	16	0	0	0	0	0	0	95	142	3	1	3	24
9052	-4768	2800	14736	11	0	11	0	0	0	0	0	16	0	0	0	0	0	0	95	142	3	1	3	23
9053	-4992	2720	14736	11	0	11	0	0	0	0	0	16	0	0	0	0	0	0	95	142	4	1	3	22
9054	-4816	2720	14752	11	0	11	0	0	0	0	0	16	0	0	0	0	0	0	95	142	3	1	3	21
9055	-4784	2736	14720	11	0	11	0	0	0	0	0	16	0	0	0	0	0	0	95	142	4	1	3	23
9056	-4784	2736	14800	11	0	11	0	0	0	0	0	16	0	0	0	0	0	0	95	142	4	1	3	26
9057	-4768	2752	14960	11	0	11	0	0	0	0	0	16	0	0	0	0	0	0	95	142	4	1	3	26
9058	-4992	2752	14720	11	0	11	0	0	0	0	0	16	0	0	0	0	0	0	95	142	4	1	3	26
9059	-4752	2784	14896	11	0	11	0	0	0	0	0	16	0	0	0	0	0	0	95	142	4	1	3	29
9060	-4752	3088	14928	11	0	11	0	0	0	0	0	16	0	0	0	0	0	0	95	142	4	2	3	442
9061	-4848	3072	14912	11	0	11	0	0	0	0	0	16	0	0	0	0	0	0	95	142	8	15	19	931
9062	-4784	3136	14960	11	0	11	0	0	0	0	0	16	0	0	0	0	0	0	95	142	935	140	63	1471
9063	-5136	2640	14768	11	0	11	0	0	0	0	0	16	0	0	0	0	0	0	95	142	1808	1643	814	2601
9064	-5136	2496	14736	11	0	11	0	0	0	0	0	16	0	0	0	0	0	0	95	142	2560	2123	1012	2785
9065	-4816	2832	14928	11	0	11	0	0	0	0	0	16	0	0	0	0	0	0	95	142	2639	2145	1040	2362
9066	-4768	2912	14928	11	0	11	0	0	0	0	0	16	0	0	0	0	0	0	95	142	2720	2203	1125	1704
9067	-4768	2720	14912	11	0	11	0	0	0	0	0	16	0	0	0	0	0	0	95	142	2720	2209	1140	1156
9068	-4768	3072	14880	11	0	11	0	0	0	0	0	16	0	0	0	0	0	0	95	142	2723	2218	1162	787
9069	-4768	3120	14944	11	0	11	0	0	0	0	0	16	0	0	0	0	0	0	95	142	2720	2313	1227	521
9070	-4768	3168	14960	11	0	11	0	0	0	0	0	16	0	0	0	0	0	0	95	142	1794	2195	1211	332
9071	-4784	3088	14944	11	0	11	0	0	0	0	0	16	0	0	0	0	0	1	95	142	921	691	462	207
9072	-4768	3104	14944	11	0	11	0	0	0	0	0	16	0	8	0	0	0	2	95	142	170	212	263	131
9073	-4752	2768	14944	11	0	11	0	0	0	0	0	16	0	0	0	0	0	4	95	142	89	189	235	87
9074	-4768	2736	14944	11	0	11	0	0	0	0	0	16	0	0	0	0	0	1	95	142	8	131	150	63
9075	-4784	2752	14960	11	0	11	0	0	0	0	0	16	0	0	0	0	0	15	95	142	8	125	135	64
9076	-4800	2768	14736	11	0	11	0	0	0	0	0	16	0	0	0	0	0	16	95	142	7	119	122	83
9077	-4816	2800	14944	11	0	11	0	0	0	0	0	20	0	8	0	0	0	20	95	142	7	15	51	95
9078	-4800	2704	14960	11	0	11	0	0	0	0	0	16	0	0	0	0	0	63	95	142	7	19	62	104
9079	-4944	2720	14720	11	0	11	0	0	0	0	0	16	0	0	0	0	0	91	95	142	12	20	63	102
9080	-4992	2720	14960	11	0	11	0	0	0	0	0	16	0	0	0	0	0	95	95	142	13	24	72	91
9081	-4800	2736	14720	11	0	11	0	0	0	0	0	16	0	0	0	0	0	93	95	142	13	25	74	78
9082	-4800	2784	14752	11	0	11	0	0	0	0	0	16	0	0	0	0	1	92	95	142	14	26	74	63
9083	-4816	2768	14720	11	0	11	0	0	0	0	0	16	0	0	0	0	8	6	95	142	14	26	75	54
9084	-4800	2800	14944	11	0	11	0	0	0	0	0	16	0	0	0	0	41	0	95	142	14	24	66	48
9085	-4752	3072	14960	11	0	11	0	0	0	0	0	16	0	0	0	0	42	0	95	142	11	18	56	45
9086	-4784	2784	14720	11	0	11	0	0	0	0	0	16	0	0	0	0	44	0	95	142	11	8	17	43
9087	-4816	2784	14912	11	0	11	0	0	0	0	0	16	0	0	0	5	45	0	95	142	5	7	15	39
9088	-4784	2784	14944	11	0	11	0	0	0	0	0	16	1	0	0	12	73	0	95	142	4	3	6	36
9089	-4752	2720	14944	11	0	11	0	0	0	0	0	16	0	0	0	72	10	0	95	142	4	2	4	30
9090	-4928	2720	14880	11	0	11	0	0	0	0	0	16	4	0	0	41	81	0	125	142	3	2	4	30
9091	-4768	2912	14720	11	0	11	0	0	0	0	0	16	0	0	0	18	75	0	95	142	3	1	3	29
9092	-4784	2736	14960	11	0	11	0	0	0	0	0	16	0	0	0	1	60	0	95	142	2	1	3	28
9093	-4816	2720	14960	11	0	11	0	0	0	0	0	16	0	0	0	0	15	0	95	142	2	1	3	30
9094	-4816	2784	14752	11	0	11	0	0	0	0	0	16	0	0	0	0	5	0	95	142	2	1	3	32
9095	-4800	3088	14736	11	0	11	0	0	0	0	0	16	0	0	0	0	3	0	95	142	2	1	3	33
9096	-4816	2768	14960	11	0	11	0	0	0	0	0	16	0	0	0	0	2	0	95	142	3	1	3	44
9097	-4800	3072	14768	11	0	11	0	0	0	0	0	16	0	0	0	0	0	0	95	142	3	4	4	215
9098	-4784	2768	14752	11	0	11	0	0	0	0	0	16	0	0	0	0	0	0	95	142	4	4	5	367
9099	-4800	3120	14752	11	0	11	0	0	0	0	0	16	0	0	0	0	0	0	95	142	119	18	13	562
9100	-4768	2736	14752	11	0	11	0	0	0	0	0	16	0	0	0	0	0	0	95	142	423	62	28	1411
9101	-4784	3168	14752	11	0	11	0	0	0	0	0	16	0	0	0	0	0	0	95	142	480	657	286	2038
9102	-4816	3168	14736	11	0	11	0	0	0	0	0	16	0	0	0	0	0	0	95	142	959	1460	760	2499
9103	-5168	2928	14960	11	0	11	0	0	0	0	0	16	0	0	0	0	0	0	95	142	3349	12149	7755	3018
9104	-5136	2896	14928	11	0	11	0	0	0	0	0	16	0	0	0	0	0	0	95	142	3430	12697	8273	3218
9105	-5152	2848	14944	11	0	11	0	0	0	0	0	16	0	0	0	0	0	0	95	142	3488	12854	8338	3008
9106	-4864	2864	14960	11	0	11	0	0	0	0	0	16	0	0	0	0	0	0	95	142	3495	12867	8344	2396
9107	-4992	3072	14784	11	0	11	0	0	0	0	0	16	0	0	0	0	0	0	95	142	3383	12872	8343	1662
9108	-4768	3072	14736	11	0	11	0	0	0	0	0	16	0	0	0	0	0	0	95	142	3080	12829	8330	1074
9109	-4800	2784	14736	11	0	11	0	0	0	0	0	16	0	0	0	0	0	0	95	142	3023	12234	8072	663
9110	-4992	2944	14912	11	0	11	0	0	0	0	0	16	0	0	0	0	0	0	95	142	2544	11431	7599	400
9111	-4944	3072	14944	11	0	11	0	0	0	0	0	16	0	8	0	0	0	0	95	142	155	742	603	242
9112	-4960	2800	14912	11	0	11	0	0	0	0	0	16	0	0	0	0	0	0	95	142	74	194	85	154
9113	-4992	2768	14960	11	0	11	0	0	0	0	0	16	0	0	0	0	0	1	95	142	15	35	21	116
9114	-4976	2784	14944	11	0	11	0	0	0	0	0	16	0	0	0	0	0	4	95	142	9	28	24	117
9115	-4752	2768	14912	11	0	11	0	0	0	0	0	16	0	0	0	0	0	12	95	142	7	33	61	123
9116	-4768	2720	14896	11	0	11	0	0	0	0	0	20	0	8	0	0	0	25	95	142	7	34	64	110
9117	-4800	2720	14944	11	0	11	0	0	0	0	0	16	0	0	0	0	0	51	95	142	8	40	73	96
9118	-4992	2752	14944	11	0	11	0	0	0	0	0	16	0	0	0	0	0	83	95	142	9	49	95	87
9119	-4976	2736	14720	11	0	11	0	0	0	0	0	16	0	0	0	0	0	86	95	142	9	57	120	78
9120	-4976	2768	14720	11	0	11	0	0	0	0	0	16	0	0	0	0	0	86	95	142	10	60	125	66
9121	-4800	2768	14784	11	0	11	0	0	0	0	0	16	0	8	0	0	0	83	95	142	10	60	125	54
9122	-4768	2768	14944	11	0	11	0	0	0	0	0	16	0	0	0	0	0	1	95	142	9	54	114	45
9123	-4832	2752	14896	11	0	11	0	0	0	0	0	16	0	0	0	0	9	0	95	142	7	30	70	37
9124	-4816	2752	14944	11	0	11	0	0	0	0	0	16	0	0	0	0	43	0	95	142	6	28	66	32
9125	-4784	2736	14912	11	0	11	0	0	0	0	0	16	1	0	0	0	52	0	95	142	5	22	57	31
9126	-4992	2720	14736	11	0	11	0	0	0	0	0	16	0	0	0	0	73	0	95	142	4	13	35	29
9127	-4768	2736	14720	11	0	11	0	0	0	0	0	16	0	0	0	0	91	0	95	142	4	5	9	27
9128	-4752	2784	14944	11	0	11	0	0	0	0	0	16	0	0	0	0	92	0	95	142	3	2	4	25
9129	-4752	2784	14752	11	0	11	0	0	0	0	0	16	0	0	0	0	87	0	95	142	3	1	3	23
9130	-4768	2768	14960	11	0	11	0	0	0	0	0	16	0	0	0	0	79	0	95	142	3	1	3	22
9131	-4816	2704	14960	11	0	11	0	0	0	0	0	16	0	0	0	0	58	0	95	142	3	1	3	21
9132	-4784	2768	14768	11	0	11	0	0	0	0	0	16	0	0	0	0	31	0	95	142	4	1	2	24
9133	-4800	2736	14736	11	0	11	0	0	0	0	0	16	0	0	0	0	11	0	95	142	4	1	2	25
9134	-4816	2752	14720	11	0	11	0	0	0	0	0	16	0	0	0	0	6	0	95	142	4	1	2	23
9135	-4992	2720	14960	11	0	11	0	0	0	0	0	16	0	0	0	0	4	0	95	142	4	1	3	22
9136	-4848	2720	14752	11	0	11	0	0	0	0	0	16	0	0	0	0	4	0	95	142	4	1	3	24
9137	-4832	2704	14736	11	0	11	0	0	0	0	0	16	0	0	0	0	2	0	95	142	4	1	3	25
9138	-4800	2768	14720	11	0	11	0	0	0	0	0	16	0	0	0	0	0	0	95	142	4	1	3	25
9139	-4784	2752	14944	11	0	11	0	0	0	0	0	16	0	0	0	0	0	0	95	142	3	1	3	24
9140	-4992	2736	14960	11	0	11	0	0	0	0	0	16	0	0	0	0	0	0	95	142	3	1	3	22
9141	-4768	2768	14736	11	0	11	0	0	0	0	0	16	0	0	0	0	0	0	95	142	3	1	3	20
9142	-4800	2800	14928	11	0	11	0	0	0	0	0	16	0	0	0	0	0	0	95	142	3	1	3	23
9143	-4800	2800	14736	11	0	11	0	0	0	0	0	16	0	0	0	0	0	0	95	142	3	1	3	23
9144	-4784	2752	14960	11	0	11	0	0	0	0	0	16	0	0	0	0	0	0	95	142	3	1	3	23
9145	-4800	2752	14960	11	0	11	0	0	0	0	0	16	0	0	0	0	0	0	95	142	2	1	2	23
9146	-4784	2784	14928	11	0	11	0	0	0	0	0	16	0	0	0	0	0	0	95	142	2	1	3	23
9147	-4752	2752	14752	11	0	11	0	0	0	0	0	16	0	0	0	0	0	0	95	142	3	1	3	21
9148	-4752	2768	14960	11	0	11	0	0	0	0	0	16	0	0	0	0	0	0	95	142	3	1	3	22
9149	-4768	2688	14752	11	0	11	0	0	0	0	0	16	0	0	0	0	0	0	95	142	4	1	3	27
9150	-4784	2688	14720	11	0	11	0	0	0	0	0	16	0	0	0	0	0	0	95	142	4	1	4	295
9151	-4784	2688	14944	11	0	11	0	0	0	0	0	16	0	0	0	0	0	0	95	142	62	17	77	941
9152	-4752	2848	14864	11	0	11	0	0	0	0	0	16	0	0	0	0	0	0	95	142	2510	485	614	1718
9153	-4832	2848	14816	11	0	11	0	0	0	0	0	16	0	0	0	0	0	0	95	142	4666	1107	1299	2093
9154	-4960	3312	14928	11	0	11	0	0	0	0	0	16	0	0	0	0	0	0	95	142	7296	3250	2221	2314
9155	-4992	2784	14944	11	0	11	0	0	0	0	0	16	0	0	0	0	0	0	95	142	7307	3471	2715	2579
9156	-4752	2784	14928	11	0	11	0	0	0	0	0	16	0	0	0	0	0	0	95	142	7355	3571	2934	2152
9157	-4800	2752	14720	11	0	11	0	0	0	0	0	16	0	0	0	0	0	0	95	142	7389	3588	2950	1534
9158	-4816	2736	14752	11	0	11	0	0	0	0	0	16	0	0	0	0	0	0	95	142	7390	3592	2960	1018
9159	-4832	3072	14960	11	0	11	0	0	0	0	0	16	0	0	0	0	0	0	95	142	7332	3580	2892	648
9160	-4800	2752	14736	11	0	11	0	0	0	0	0	16	0	0	0	0	0	0	95	142	4884	3112	2356	399
9161	-4768	2768	14784	11	0	11	0	0	0	0	0	16	0	0	0	0	0	0	95	142	2729	2490	1672	243
9162	-4816	3072	14752	11	0	11	0	0	0	0	0	16	0	8	0	0	0	1	95	142	98	347	749	148
9163	-4800	2800	14768	11	0	11	0	0	0	0	0	16	0	0	0	0	0	2	95	142	87	126	255	92
9164	-4816	2800	14768	11	0	11	0	0	0	0	0	16	0	0	0	0	0	1	95	142	39	26	37	67
9165	-4800	2768	14768	11	0	11	0	0	0	0	0	16	0	0	0	0	0	11	95	142	4	9	21	57
9166	-4816	2784	14784	11	0	11	0	0	0	0	0	16	0	0	0	0	0	18	95	142	3	6	11	54
9167	-4768	2752	14752	11	0	11	0	0	0	0	0	20	0	8	0	0	0	21	95	142	3	5	6	58
9168	-4800	2784	14752	11	0	11	0	0	0	0	0	16	0	0	0	0	0	45	95	142	3	5	5	58
9169	-4832	2784	14736	11	0	11	0	0	0	0	0	16	0	0	0	0	0	88	95	142	4	6	6	57
9170	-4848	2752	14960	11	0	11	0	0	0	0	0	16	0	0	0	0	0	95	95	142	5	7	7	53
9171	-4752	3072	14736	11	0	11	0	0	0	0	0	16	0	0	0	0	0	94	95	142	6	7	8	51
9172	-4768	2752	14960	11	0	11	0	0	0	0	0	16	0	0	0	0	0	90	95	142	6	8	8	44
9173	-4800	2784	14960	11	0	11	0	0	0	0	0	16	0	0	0	0	4	6	95	142	6	8	8	40
9174	-4992	2736	14944	11	0	11	0	0	0	0	0	16	0	0	0	0	42	0	95	142	6	6	8	38
9175	-4752	2720	14896	11	0	11	0	0	0	0	0	16	0	0	0	0	42	0	95	142	6	4	7	32
9176	-4768	2720	14960	11	0	11	0	0	0	0	0	16	0	0	0	0	45	0	95	142	7	4	6	28
9177	-4784	2688	14736	11	0	11	0	0	0	0	0	16	0	0	0	1	46	0	95	142	6	3	5	28
9178	-4784	2704	14944	11	0	11	0	0	0	0	0	16	1	0	0	4	66	0	95	142	5	2	4	26
9179	-4800	2752	14944	11	0	11	0	0	0	0	0	16	0	0	0	23	71	0	95	142	5	1	3	23
9180	-4976	2736	14736	11	0	11	0	0	0	0	0	16	0	0	0	24	84	0	95	142	5	1	3	22
9181	-4752	2736	14720	11	0	11	0	0	0	0	0	16	0	0	0	12	78	0	95	142	4	1	3	22
9182	-4752	3072	14736	11	0	11	0	0	0	0	0	16	0	0	0	1	70	0	95	142	4	1	3	23
9183	-4768	2768	14912	11	0	11	0	0	0	0	0	16	0	0	0	0	20	0	95	142	4	1	3	25
9184	-4832	2688	14912	11	0	11	0	0	0	0	0	16	0	0	0	0	4	0	95	142	3	1	3	26
9185	-4784	2720	14912	11	0	11	0	0	0	0	0	16	0	0	0	0	3	0	95	142	3	1	3	29
9186	-4784	2720	14944	11	0	11	0	0	0	0	0	16	0	0	0	0	2	0	95	142	3	1	3	28
9187	-4784	2768	14928	11	0	11	0	0	0	0	0	16	0	0	0	0	1	0	95	142	3	1	3	27
9188	-4784	2784	14736	11	0	11	0	0	0	0	0	16	0	0	0	0	0	0	95	142	3	1	3	25
9189	-4752	2768	14720	11	0	11	0	0	0	0	0	16	0	0	0	0	0	0	95	142	3	1	3	24
9190	-4800	2768	14960	11	0	11	0	0	0	0	0	16	0	0	0	0	0	0	95	142	4	1	3	25
9191	-4784	2784	14928	11	0	11	0	0	0	0	0	16	0	0	0	0	0	0	95	142	3	1	3	26
9192	-4768	2768	14960	11	0	11	0	0	0	0	0	16	0	0	0	0	0	0	95	142	3	1	3	27
9193	-4768	2928	14720	11	0	11	0	0	0	0	0	16	0	0	0	0	0	0	95	142	4	1	3	30
9194	-4768	2720	14720	11	0	11	0	0	0	0	0	16	0	0	0	0	0	0	95	142	4	1	3	28
9195	-4752	2688	14736	11	0	11	0	0	0	0	0	16	0	0	0	0	0	0	95	142	5	1	3	29
9196	-4752	2704	14960	11	0	11	0	0	0	0	0	16	0	0	0	0	0	0	95	142	4	1	3	31
9197	-4992	2768	14960	11	0	11	0	0	0	0	0	16	0	0	0	0	0	0	95	142	4	1	3	33
9198	-4752	2768	14768	11	0	11	0	0	0	0	0	16	0	0	0	0	0	0	95	142	4	1	3	31
9199	-4768	2704	14960	11	0	11	0	0	0	0	0	16	0	0	0	0	0	0	95	142	4	1	3	31
9200	-4992	3072	14752	11	0	11	0	0	0	0	0	16	0	0	0	0	0	0	95	142	4	1	3	32
9201	-4784	3072	14768	11	0	11	0	0	0	0	0	16	0	0	0	0	0	0	95	142	3	1	3	29
9202	-4992	2784	14752	11	0	11	0	0	0	0	0	16	0	0	0	0	0	0	95	142	3	1	3	26
9203	-4800	2800	14736	11	0	11	0	0	0	0	0	16	0	0	0	0	0	0	95	142	2	1	2	241
9204	-4816	3120	14752	11	0	11	0	0	0	0	0	16	0	0	0	0	0	0	95	142	2	2	3	340
9205	-4784	3152	14768	11	0	11	0	0	0	0	0	16	0	0	0	0	0	0	95	142	15	9	28	358
9206	-4848	2800	14912	11	0	11	0	0	0	0	0	16	0	0	0	0	0	0	95	142	33	48	47	891
9207	-4992	3008	14960	11	0	11	0	0	0	0	0	16	0	0	0	0	0	0	95	142	285	210	117	2406
9208	-4928	3328	14736	11	0	11	0	0	0	0	0	16	0	0	0	0	0	0	95	142	1008	778	280	3451
9209	-4544	3360	14768	11	0	11	0	0	0	0	0	16	0	0	0	0	0	0	95	142	1116	873	350	4068
9210	-4560	3328	14816	11	0	11	0	0	0	0	0	16	0	0	0	0	0	0	95	142	1122	894	375	4047
9211	-4592	2944	14784	11	0	11	0	0	0	0	0	16	0	0	0	0	0	0	95	142	1130	907	386	3498
9212	-4944	2688	14880	11	0	11	0	0	0	0	0	16	0	0	0	0	0	0	95	142	1132	914	401	2867
9213	-4976	2768	14928	11	0	11	0	0	0	0	0	16	0	0	0	0	0	0	95	142	1196	962	406	2049
9214	-4976	3136	14944	11	0	11	0	0	0	0	0	16	0	0	0	0	0	0	95	142	1184	947	435	1341
9215	-4960	3072	14880	11	0	11	0	0	0	0	0	16	0	0	0	0	0	0	95	142	933	787	372	834
9216	-4752	3072	14912	11	0	11	0	0	0	0	0	16	0	0	0	0	0	0	95	142	210	219	209	506
9217	-4944	3088	14944	11	0	11	0	0	0	0	0	16	0	8	0	0	0	0	95	142	102	124	140	303
9218	-4976	2752	14960	11	0	11	0	0	0	0	0	16	0	0	0	0	0	1	95	142	96	103	114	188
9219	-4976	2720	14720	11	0	11	0	0	0	0	0	16	0	0	0	0	0	1	95	142	88	90	104	128
9220	-4976	2784	14720	11	0	11	0	0	0	0	0	16	0	0	0	0	0	3	95	142	87	83	89	95
9221	-4976	2768	14752	11	0	11	0	0	0	0	0	16	0	0	0	0	0	18	95	142	11	29	67	80
9222	-4976	2768	14960	11	0	11	0	0	0	0	0	20	0	8	0	0	0	29	95	142	4	6	20	70
9223	-4816	2768	14736	11	0	11	0	0	0	0	0	16	0	0	0	0	0	46	95	142	5	4	13	64
9224	-4784	2768	14720	11	0	11	0	0	0	0	0	16	0	0	0	0	0	68	95	142	6	5	14	59
9225	-4752	2752	14720	11	0	11	0	0	0	0	0	16	0	0	0	0	0	82	95	142	6	6	15	57
9226	-4976	3088	14720	11	0	11	0	0	0	0	0	16	0	0	0	0	0	84	95	142	6	6	18	53
9227	-4960	2736	14768	11	0	11	0	0	0	0	0	16	0	8	0	0	0	85	95	142	6	7	20	47
9228	-4944	2768	14768	11	0	11	0	0	0	0	0	16	0	0	0	0	12	40	95	142	7	6	19	42
9229	-4992	2736	14768	11	0	11	0	0	0	0	0	16	0	0	0	0	44	0	95	142	8	5	12	39
9230	-4976	2768	14720	11	0	11	0	0	0	0	0	16	0	0	0	0	44	0	95	142	8	4	11	33
9231	-4992	3088	14720	11	0	11	0	0	0	0	0	16	0	0	0	0	46	0	95	142	6	4	11	30
9232	-4976	2752	14944	11	0	11	0	0	0	0	0	16	0	0	0	0	48	0	95	142	6	4	10	28
9233	-4928	2784	14944	11	0	11	0	0	0	0	0	16	1	0	0	0	67	0	95	142	6	2	9	26
9234	-4976	2752	14944	11	0	11	0	0	0	0	0	16	0	0	0	0	88	0	95	142	6	2	7	25
9235	-4912	3072	14928	11	0	11	0	0	0	0	0	16	0	0	0	1	87	0	95	142	6	1	4	25
9236	-4960	2752	14944	11	0	11	0	0	0	0	0	16	0	0	0	0	72	0	95	142	5	1	4	26
9237	-4752	2752	14928	11	0	11	0	0	0	0	0	16	0	0	0	0	57	0	95	142	4	1	4	26
9238	-4752	2688	14944	11	0	11	0	0	0	0	0	16	0	0	0	0	19	0	95	142	4	1	4	26
9239	-4960	2880	14928	11	0	11	0	0	0	0	0	16	0	0	0	0	11	0	95	142	5	1	4	25
9240	-4944	2880	14912	11	0	11	0	0	0	0	0	16	0	0	0	0	5	0	95	142	5	1	4	23
9241	-4928	2752	14720	11	0	11	0	0	0	0	0	16	0	0	0	0	3	0	95	142	4	1	3	23
9242	-4784	2800	14752	11	0	11	0	0	0	0	0	16	0	0	0	0	3	0	95	142	4	1	3	24
9243	-4992	2784	14800	11	0	11	0	0	0	0	0	16	0	0	0	0	3	0	95	142	4	1	3	25
9244	-4768	3088	14768	11	0	11	0	0	0	0	0	16	0	0	0	0	0	0	95	142	4	1	3	27
9245	-4800	3088	14944	11	0	11	0	0	0	0	0	16	0	0	0	0	0	0	95	142	4	1	3	26
9246	-4800	3136	14720	11	0	11	0	0	0	0	0	16	0	0	0	0	0	0	95	142	4	1	3	26
9247	-4832	3072	14960	11	0	11	0	0	0	0	0	16	0	0	0	0	0	0	95	142	4	1	3	26
9248	-4752	2768	14736	11	0	11	0	0	0	0	0	16	0	0	0	0	0	0	95	142	4	1	3	29
9249	-4768	2704	14768	11	0	11	0	0	0	0	0	16	0	0	0	0	0	0	95	142	4	1	3	29
9250	-4768	2752	14720	11	0	11	0	0	0	0	0	16	0	0	0	0	0	0	95	142	5	1	3	29
9251	-4800	2736	14736	11	0	11	0	0	0	0	0	16	0	0	0	0	0	0	95	142	5	1	4	28
9252	-4784	2736	14768	11	0	11	0	0	0	0	0	16	0	0	0	0	0	0	95	142	5	1	3	26
9253	-4784	2736	14752	11	0	11	0	0	0	0	0	16	0	0	0	0	0	0	95	142	4	1	3	25
9254	-4800	2768	14784	11	0	11	0	0	0	0	0	16	0	0	0	0	0	0	95	142	4	1	3	24
9255	-4752	2800	14720	11	0	11	0	0	0	0	0	16	0	0	0	0	0	0	95	142	4	1	3	22
9256	-4768	3104	14944	11	0	11	0	0	0	0	0	16	0	0	0	0	0	0	95	142	3	1	3	21
9257	-4752	3104	14944	11	0	11	0	0	0	0	0	16	0	0	0	0	0	0	95	142	3	1	3	19
9258	-4768	2704	14960	11	0	11	0	0	0	0	0	16	0	0	0	0	0	0	95	142	2	1	3	18
9259	-4768	2768	14752	11	0	11	0	0	0	0	0	16	0	0	0	0	0	0	95	142	2	1	2	16
9260	-4992	3072	14912	11	0	11	0	0	0	0	0	16	0	0	0	0	0	0	95	142	2	1	3	17
9261	-4752	2784	14736	11	0	11	0	0	0	0	0	16	0	0	0	0	0	0	95	142	2	1	3	21
9262	-4768	2768	14736	11	0	11	0	0	0	0	0	16	0	0	0	0	0	0	95	142	2	1	2	21
9263	-4752	2784	14736	11	0	11	0	0	0	0	0	16	0	0	0	0	0	0	95	142	2	1	2	20
9264	-4960	2704	14928	11	0	11	0	0	0	0	0	16	0	0	0	0	0	0	95	142	2	1	3	23
9265	-4912	2736	14960	11	0	11	0	0	0	0	0	16	0	0	0	0	0	0	95	142	3	1	3	25
9266	-4944	2768	14752	11	0	11	0	0	0	0	0	16	0	0	0	0	0	0	95	142	3	1	3	24
9267	-4768	2768	14768	11	0	11	0	0	0	0	0	16	0	0	0	0	0	0	95	142	3	1	3	29
9268	-4768	2736	14960	11	0	11	0	0	0	0	0	16	0	0	0	0	0	0	95	142	3	1	3	27
9269	-4800	2800	14752	11	0	11	0	0	0	0	0	16	0	0	0	0	0	0	95	142	4	1	3	28
9270	-4848	2752	14960	11	0	11	0	0	0	0	0	16	0	0	0	0	0	0	95	142	4	1	3	26
9271	-4816	2688	14720	11	0	11	0	0	0	0	0	16	0	0	0	0	0	0	95	142	4	1	3	24
9272	-4752	2720	14736	11	0	11	0	0	0	0	0	16	0	0	0	0	0	0	95	142	3	1	3	26
9273	-4992	2720	14736	11	0	11	0	0	0	0	0	16	0	0	0	0	0	0	95	142	3	1	3	65
9274	-4944	2720	14784	11	0	11	0	0	0	0	0	16	0	0	0	0	0	0	95	142	4	3	11	1298
9275	-4528	2544	15200	11	0	11	0	0	0	0	0	16	0	0	0	0	0	0	95	142	554	586	77	2378
9276	-4976	2736	14944	11	0	11	0	0	0	0	0	16	0	0	0	0	0	0	95	142	865	691	130	3902
9277	-4960	3088	15104	11	0	11	0	0	0	0	0	16	0	0	0	0	0	0	95	142	5333	1316	533	5248
9278	-4912	2784	15168	11	0	11	0	0	0	0	0	16	0	0	0	0	0	0	95	142	21701	2805	1115	6098
9279	-4912	2752	15136	11	0	11	0	0	0	0	0	16	0	0	0	0	0	0	95	142	37126	4404	1490	5957
9280	-4752	2720	14848	11	0	11	0	0	0	0	0	16	0	0	0	0	0	0	95	142	37343	4622	1560	5530
9281	-4800	2928	14544	11	0	11	0	0	0	0	0	16	0	0	0	0	0	0	95	142	44989	5129	1682	4862
9282	-4976	3136	14832	11	0	11	0	0	0	0	0	16	0	0	0	0	0	0	95	142	47200	5717	1908	4186
9283	-4928	3152	14976	11	0	11	0	0	0	0	0	16	0	0	0	0	0	0	95	142	47103	5166	1867	3511
9284	-4944	3152	14752	11	0	11	0	0	0	0	0	16	0	0	0	0	0	0	95	142	46839	5084	1840	2601
9285	-4784	3120	14832	11	0	11	0	0	0	0	0	16	0	0	0	0	0	0	95	142	42379	4462	1444	1747
9286	-4752	2800	14768	11	0	11	0	0	0	0	0	16	0	0	0	0	0	0	95	142	26014	2980	865	1101
9287	-4992	2784	14784	11	0	11	0	0	0	0	0	16	0	8	0	0	0	0	95	142	10590	1382	490	669
9288	-4960	3072	14752	11	0	11	0	0	0	0	0	16	0	0	0	0	0	0	95	142	10373	1163	419	399
9289	-4784	3088	14720	11	0	11	0	0	0	0	0	16	0	0	0	0	0	0	95	142	2726	656	298	239
9290	-4752	3104	14736	11	0	11	0	0	0	0	0	16	0	0	0	0	0	0	95	142	515	67	64	157
9291	-4960	2800	14768	11	0	11	0	0	0	0	0	16	0	0	0	0	0	3	95	142	63	35	39	123
9292	-4992	2736	14784	11	0	11	0	0	0	0	0	20	0	8	0	0	0	33	95	142	18	13	15	110
9293	-4976	2688	14784	11	0	11	0	0	0	0	0	16	0	0	0	0	0	43	95	142	11	11	7	104
9294	-4976	2720	14768	11	0	11	0	0	0	0	0	16	0	0	0	0	0	53	95	142	11	5	7	99
9295	-4992	2784	14784	11	0	11	0	0	0	0	0	16	0	0	0	0	0	83	95	142	11	6	9	95
9296	-4752	2800	14736	11	0	11	0	0	0	0	0	16	0	0	0	0	0	71	95	142	14	7	10	85
9297	-4752	3088	14720	11	0	11	0	0	0	0	0	16	0	8	0	0	1	16	95	142	14	8	11	76
9298	-4960	2704	14944	11	0	11	0	0	0	0	0	16	0	0	0	0	38	20	95	142	13	8	12	72
9299	-4976	2896	14960	11	0	11	0	0	0	0	0	16	0	0	0	0	46	0	95	142	15	9	12	63
9300	-4784	2928	14944	11	0	11	0	0	0	0	0	16	1	0	0	0	63	0	95	142	13	7	11	57
9301	-4752	2704	14720	11	0	11	0	0	0	0	0	16	0	0	0	0	94	0	95	142	13	7	10	50
9302	-4976	2768	14720	11	0	11	0	0	0	0	0	16	0	0	0	0	98	0	95	142	10	6	8	44
9303	-4944	2752	14928	11	0	11	0	0	0	0	0	16	0	0	0	0	98	0	95	142	11	5	6	38
9304	-4768	2688	14720	11	0	11	0	0	0	0	0	16	0	0	0	0	97	0	95	142	8	5	5	31
9305	-4784	2704	14720	11	0	11	0	0	0	0	0	16	0	0	0	0	97	0	95	142	7	4	4	28
9306	-4768	2720	14928	11	0	11	0	0	0	0	0	16	0	0	0	0	90	0	95	142	6	3	3	25
9307	-4768	2800	14960	11	0	11	0	0	0	0	0	16	0	0	0	0	66	0	95	142	5	3	3	22
9308	-4976	2768	14752	11	0	11	0	0	0	0	0	16	0	0	0	0	56	0	95	142	5	3	3	23
9309	-4976	2752	14768	11	0	11	0	0	0	0	0	16	0	0	0	0	43	0	95	142	4	2	3	22
9310	-4992	2688	14768	11	0	11	0	0	0	0	0	16	0	0	0	0	16	0	95	142	4	1	2	24
9311	-4768	2752	14720	11	0	11	0	0	0	0	0	16	0	0	0	0	15	0	95	142	3	1	3	24
9312	-4752	2704	14944	11	0	11	0	0	0	0	0	16	0	0	0	9	22	0	95	142	2	1	3	23
9313	-4960	2720	14720	11	0	11	0	0	0	0	0	16	0	0	0	7	27	0	95	142	2	1	3	22
9314	-4976	2752	14736	11	0	11	0	0	0	0	0	16	0	0	0	2	4	0	95	142	2	1	3	23
9315	-4976	2736	14752	11	0	11	0	0	0	0	0	16	0	0	0	0	0	0	95	142	2	1	3	23
9316	-4752	2752	14720	11	0	11	0	0	0	0	0	16	0	0	0	0	0	0	95	142	2	1	3	22
9317	-4768	2912	14944	11	0	11	0	0	0	0	0	16	0	0	0	0	0	0	95	142	2	1	3	23
9318	-4976	2688	14752	11	0	11	0	0	0	0	0	16	0	0	0	0	0	0	95	142	2	1	3	23
9319	-4912	2736	14752	11	0	11	0	0	0	0	0	16	0	0	0	0	0	0	95	142	2	1	3	22
9320	-4944	2752	14768	11	0	11	0	0	0	0	0	16	0	0	0	0	0	0	95	142	2	1	3	21
9321	-4944	2912	14736	11	0	11	0	0	0	0	0	16	0	0	0	0	0	0	95	142	2	1	3	20
9322	-4928	2720	14960	11	0	11	0	0	0	0	0	16	0	0	0	0	0	0	95	142	2	1	3	19
9323	-4960	2896	14752	11	0	11	0	0	0	0	0	16	0	0	0	0	0	0	95	142	2	1	3	19
9324	-4992	2704	14800	11	0	11	0	0	0	0	0	16	0	0	0	0	0	0	95	142	2	1	3	20
9325	-4944	2688	14784	11	0	11	0	0	0	0	0	16	0	0	0	0	0	0	95	142	2	1	3	20
9326	-4928	2752	14720	11	0	11	0	0	0	0	0	16	0	0	0	0	0	0	95	142	2	1	3	21
9327	-4992	2736	14736	11	0	11	0	0	0	0	0	16	0	0	0	0	0	0	95	142	3	1	3	20
9328	-4800	2720	14720	11	0	11	0	0	0	0	0	16	0	0	0	0	0	0	95	142	3	1	3	19
9329	-4800	3072	14752	11	0	11	0	0	0	0	0	16	0	0	0	0	0	0	95	142	3	1	3	22
9330	-4768	3072	14720	11	0	11	0	0	0	0	0	16	0	0	0	0	0	0	95	142	3	1	3	23
9331	-4800	2768	14960	11	0	11	0	0	0	0	0	16	0	0	0	0	0	0	95	142	4	1	3	23
9332	-4752	2752	14944	11	0	11	0	0	0	0	0	16	0	0	0	0	0	0	95	142	4	1	2	66
9333	-4976	2784	14944	11	0	11	0	0	0	0	0	16	0	0	0	0	0	0	95	142	5	2	9	1009
9334	-4928	2832	14672	11	0	11	0	0	0	0	0	16	0	0	0	0	0	0	95	142	4376	634	706	2015
9335	-4896	2928	14720	11	0	11	0	0	0	0	0	16	0	0	0	0	0	0	95	142	6898	832	1112	2816
9336	-4784	2704	14560	11	0	11	0	0	0	0	0	16	0	0	0	0	0	0	95	142	7090	876	1209	3492
9337	-4832	2736	14608	11	0	11	0	0	0	0	0	16	0	0	0	0	0	0	95	142	9600	1518	1714	3694
9338	-4976	3104	15120	11	0	11	0	0	0	0	0	16	0	0	0	0	0	0	95	142	9770	1937	2147	3172
9339	-4816	2432	14848	11	0	11	0	0	0	0	0	16	0	0	0	0	0	0	95	142	9868	1962	2285	3147
9340	-4816	2528	14224	11	0	11	0	0	0	0	0	16	0	0	0	0	0	0	95	142	10660	2366	2566	2944
9341	-4800	2864	14656	11	0	11	0	0	0	0	0	16	0	0	0	0	0	0	95	142	12353	2817	2791	2578
9342	-5136	2896	14576	11	0	11	0	0	0	0	0	16	0	0	0	0	0	0	95	142	8040	2230	2178	2126
9343	-5136	2720	14928	11	0	11	0	0	0	0	0	16	0	0	0	0	0	0	95	142	5522	2052	1803	1514
9344	-4848	2768	14912	11	0	11	0	0	0	0	0	16	0	0	0	0	0	0	95	142	5332	2013	1713	997
9345	-4832	2784	14944	11	0	11	0	0	0	0	0	16	0	8	0	0	0	0	95	142	2822	1371	1209	623
9346	-4832	2800	14720	11	0	11	0	0	0	0	0	16	0	0	0	0	0	0	95	142	2652	952	777	379
9347	-4800	2800	14928	11	0	11	0	0	0	0	0	16	0	0	0	0	0	0	95	142	2554	927	639	229
9348	-4816	2784	14720	11	0	11	0	0	0	0	0	16	0	0	0	0	0	1	95	142	1761	524	358	150
9349	-4752	2784	14768	11	0	11	0	0	0	0	0	16	0	0	0	0	0	1	95	142	69	73	127	120
9350	-4960	2768	14752	11	0	11	0	0	0	0	0	20	0	8	0	0	0	5	95	142	13	33	44	111
9351	-4928	2720	14944	11	0	11	0	0	0	0	0	16	0	0	0	0	0	35	95	142	15	13	16	108
9352	-4976	2752	14912	11	0	11	0	0	0	0	0	16	0	0	0	0	0	62	95	142	17	9	10	108
9353	-4976	2752	14928	11	0	11	0	0	0	0	0	16	0	0	0	0	0	75	95	142	21	10	10	108
9354	-4992	2752	14944	11	0	11	0	0	0	0	0	16	0	0	0	0	0	93	95	142	22	11	11	109
9355	-4752	2768	14928	11	0	11	0	0	0	0	0	16	0	8	0	0	0	88	95	142	23	13	12	103
9356	-4768	2720	14928	11	0	11	0	0	0	0	0	16	0	0	0	0	3	36	95	142	24	13	12	95
9357	-4752	2928	14944	11	0	11	0	0	0	0	0	16	0	0	0	0	39	22	95	142	27	13	12	89
9358	-4784	2928	14896	11	0	11	0	0	0	0	0	16	0	0	0	0	45	0	95	142	25	8	11	78
9359	-4944	2704	14944	11	0	11	0	0	0	0	0	16	1	0	0	0	57	0	95	142	20	8	9	72
9360	-4960	2784	14944	11	0	11	0	0	0	0	0	16	0	0	0	0	89	0	95	142	15	8	8	71
9361	-4960	2704	14928	11	0	11	0	0	0	0	0	16	0	0	0	0	98	0	95	142	14	7	7	66
9362	-4992	3072	14720	11	0	11	0	0	0	0	0	16	0	0	0	0	97	0	95	142	13	6	6	62
9363	-4960	2800	14752	11	0	11	0	0	0	0	0	16	0	0	0	0	96	0	95	142	13	5	5	62
9364	-4976	2752	14720	11	0	11	0	0	0	0	0	16	0	0	0	0	95	0	95	142	12	5	5	59
9365	-4944	2880	14960	11	0	11	0	0	0	0	0	16	0	0	0	0	87	0	95	142	8	4	4	49
9366	-4752	2912	14736	11	0	11	0	0	0	0	0	16	0	0	0	0	55	0	95	142	7	3	4	41
9367	-4912	2736	14736	11	0	11	0	0	0	0	0	16	0	0	0	0	38	0	95	142	8	3	4	35
9368	-4960	2704	14768	11	0	11	0	0	0	0	0	16	0	0	0	0	18	0	95	142	6	2	3	30
9369	-4752	2720	14768	11	0	11	0	0	0	0	0	16	0	0	0	0	7	0	95	142	3	2	3	26
9370	-4960	2704	14736	11	0	11	0	0	0	0	0	16	0	0	0	0	7	0	95	142	4	1	3	25
9371	-4960	2688	14768	11	0	11	0	0	0	0	0	16	0	0	0	2	16	0	95	142	4	1	3	24
9372	-4992	2912	14736	11	0	11	0	0	0	0	0	16	0	0	0	3	25	0	95	142	3	1	3	22
9373	-4960	2912	14736	11	0	11	0	0	0	0	0	16	0	0	0	1	2	0	95	142	3	1	3	20
9374	-4768	2864	14960	11	0	11	0	0	0	0	0	16	0	0	0	0	0	0	95	142	3	1	2	20
9375	-4976	2736	14720	11	0	11	0	0	0	0	0	16	0	0	0	0	0	0	95	142	2	0	2	22
9376	-4976	2688	14736	11	0	11	0	0	0	0	0	16	0	0	0	0	0	0	95	142	2	0	2	21
9377	-4784	2928	14720	11	0	11	0	0	0	0	0	16	0	0	0	0	0	0	95	142	2	1	2	22
9378	-4992	2688	14720	11	0	11	0	0	0	0	0	16	0	0	0	0	0	0	95	142	2	1	2	22
9379	-4784	2912	14720	11	0	11	0	0	0	0	0	16	0	0	0	0	0	0	95	142	2	1	2	21
9380	-4752	2896	14944	11	0	11	0	0	0	0	0	16	0	0	0	0	0	0	95	142	2	1	2	21
9381	-4752	2752	14960	11	0	11	0	0	0	0	0	16	0	0	0	0	0	0	95	142	3	1	3	20
9382	-4976	2784	14944	11	0	11	0	0	0	0	0	16	0	0	0	0	0	0	95	142	3	1	3	19
9383	-4960	2736	14960	11	0	11	0	0	0	0	0	16	0	0	0	0	0	0	95	142	4	1	3	20
9384	-4960	2704	14752	11	0	11	0	0	0	0	0	16	0	0	0	0	0	0	95	142	4	1	3	22
9385	-4944	2768	14720	11	0	11	0	0	0	0	0	16	0	0	0	0	0	0	95	142	4	1	3	23
9386	-4912	2736	14752	11	0	11	0	0	0	0	0	16	0	0	0	0	0	0	95	142	4	1	4	23
9387	-4944	2720	14768	11	0	11	0	0	0	0	0	16	0	0	0	0	0	0	95	142	4	1	4	21
9388	-4992	2720	14736	11	0	11	0	0	0	0	0	16	0	0	0	0	0	0	95	142	4	1	4	22
9389	-4768	2704	14832	11	0	11	0	0	0	0	0	16	0	0	0	0	0	0	95	142	4	1	4	21
9390	-4768	2704	14752	11	0	11	0	0	0	0	0	16	0	0	0	0	0	0	95	142	4	1	3	22
9391	-4976	2784	14960	11	0	11	0	0	0	0	0	16	0	0	0	0	0	0	95	142	3	1	4	27
9392	-4944	2720	14768	11	0	11	0	0	0	0	0	16	0	0	0	0	0	0	95	142	5	1	3	28
9393	-4944	2688	14768	11	0	11	0	0	0	0	0	16	0	0	0	0	0	0	95	142	4	1	3	25
9394	-4912	2880	14800	11	0	11	0	0	0	0	0	16	0	0	0	0	0	0	95	142	4	1	2	24
9395	-4960	2880	14736	11	0	11	0	0	0	0	0	16	0	0	0	0	0	0	95	142	4	1	2	22
9396	-4928	2912	14768	11	0	11	0	0	0	0	0	16	0	0	0	0	0	0	95	142	4	1	3	21
9397	-4944	2720	14736	11	0	11	0	0	0	0	0	16	0	0	0	0	0	0	95	142	3	1	3	19
9398	-4992	2720	14752	11	0	11	0	0	0	0	0	16	0	0	0	0	0	0	95	142	4	1	3	24
9399	-4976	2704	14768	11	0	11	0	0	0	0	0	16	0	0	0	0	0	0	95	142	3	1	2	245
9400	-4752	2896	14528	11	0	11	0	0	0	0	0	16	0	0	0	0	0	0	95	142	50	14	10	987
9401	-4752	2688	14928	11	0	11	0	0	0	0	0	16	0	0	0	0	0	0	95	142	62	30	41	2061
9402	-4800	2752	14560	11	0	11	0	0	0	0	0	16	0	0	0	0	0	0	95	142	145	74	150	3016
9403	-4800	2752	14864	11	0	11	0	0	0	0	0	16	0	0	0	0	0	0	95	142	7037	1281	510	2988
9404	-4768	2768	14544	11	0	11	0	0	0	0	0	16	0	0	0	0	0	0	95	142	7113	1324	562	2622
9405	-4784	2800	14960	11	0	11	0	0	0	0	0	16	0	0	0	0	0	0	95	142	7352	1449	865	2686
9406	-4864	2800	14560	11	0	11	0	0	0	0	0	16	0	0	0	0	0	0	95	142	7579	1608	941	2760
9407	-4768	2960	15200	11	0	11	0	0	0	0	0	16	0	0	0	0	0	0	95	142	7678	1698	1046	2403
9408	-4784	2736	15168	11	0	11	0	0	0	0	0	16	0	0	0	0	0	0	95	142	7902	1781	1099	1971
9409	-4832	2800	15168	11	0	11	0	0	0	0	0	16	0	0	0	0	0	0	95	142	7919	1788	1141	1457
9410	-4992	3104	14784	11	0	11	0	0	0	0	0	16	0	0	0	0	0	0	95	142	7850	1777	1063	993
9411	-4992	2688	14720	11	0	11	0	0	0	0	0	16	0	0	0	0	0	0	95	142	958	571	710	651
9412	-4768	2688	14752	11	0	11	0	0	0	0	0	16	0	8	0	0	0	0	95	142	884	529	659	410
9413	-4784	2768	14720	11	0	11	0	0	0	0	0	16	0	0	0	0	0	0	95	142	645	404	357	252
9414	-4960	3072	14960	11	0	11	0	0	0	0	0	16	0	0	0	0	0	0	95	142	417	245	281	155
9415	-4928	2768	14960	11	0	11	0	0	0	0	0	16	0	0	0	0	0	3	95	142	318	155	176	97
9416	-4944	2720	14736	11	0	11	0	0	0	0	0	16	0	0	0	0	0	4	95	142	47	58	116	70
9417	-4992	2768	14752	11	0	11	0	0	0	0	0	20	0	8	0	0	0	23	95	142	18	36	43	60
9418	-4976	2784	14752	11	0	11	0	0	0	0	0	16	0	0	0	0	0	51	95	142	6	4	13	64
9419	-4784	2720	14752	11	0	11	0	0	0	0	0	16	0	0	0	0	0	83	95	142	6	4	6	69
9420	-4976	2784	14768	11	0	11	0	0	0	0	0	16	0	0	0	0	0	87	95	142	7	4	5	78
9421	-4784	2688	14784	11	0	11	0	0	0	0	0	16	0	0	0	0	0	94	95	142	8	5	6	90
9422	-4752	2704	14768	11	0	11	0	0	0	0	0	16	0	8	0	0	0	83	95	142	9	5	7	100
9423	-4768	2704	14768	11	0	11	0	0	0	0	0	16	0	0	0	0	15	22	95	142	10	9	8	106
9424	-4768	2704	14784	11	0	11	0	0	0	0	0	16	0	0	0	0	42	10	95	142	10	10	9	97
9425	-4768	2704	14752	11	0	11	0	0	0	0	0	16	0	0	0	0	46	0	95	142	10	11	10	88
9426	-4976	2704	14752	11	0	11	0	0	0	0	0	16	1	0	0	0	51	0	95	142	11	10	9	85
9427	-4992	2752	14736	11	0	11	0	0	0	0	0	16	0	0	0	0	84	0	95	142	14	10	9	83
9428	-4976	2752	14720	11	0	11	0	0	0	0	0	16	0	0	0	0	96	0	95	142	13	10	8	80
9429	-4960	2736	14960	11	0	11	0	0	0	0	0	16	0	0	0	0	95	0	95	142	13	10	8	69
9430	-4976	2752	14736	11	0	11	0	0	0	0	0	16	0	0	0	0	93	0	95	142	13	9	7	63
9431	-4960	2736	14784	11	0	11	0	0	0	0	0	16	0	0	0	0	90	0	95	142	13	6	6	56
9432	-4944	2912	14736	11	0	11	0	0	0	0	0	16	0	0	0	0	77	0	95	142	15	5	6	53
9433	-4960	2720	14752	11	0	11	0	0	0	0	0	16	0	0	0	0	30	0	95	142	15	4	5	52
9434	-4784	2720	14736	11	0	11	0	0	0	0	0	16	0	0	0	0	12	0	95	142	13	4	5	49
9435	-4992	2720	14752	11	0	11	0	0	0	0	0	16	0	0	0	0	6	0	95	142	11	3	5	43
9436	-4944	2928	14736	11	0	11	0	0	0	0	0	16	0	0	0	0	4	0	95	142	10	2	5	38
9437	-4944	2704	14752	11	0	11	0	0	0	0	0	16	0	0	0	0	6	0	95	142	10	2	4	34
9438	-4752	2688	14768	11	0	11	0	0	0	0	0	16	0	0	0	0	16	0	95	142	9	2	4	30
9439	-4960	2864	14768	11	0	11	0	0	0	0	0	16	0	0	0	0	14	0	95	142	8	2	4	27
9440	-4944	2688	14784	11	0	11	0	0	0	0	0	16	0	0	0	0	0	0	95	142	6	2	4	26
9441	-4912	2736	14784	11	0	11	0	0	0	0	0	16	0	0	0	0	0	0	95	142	6	2	3	24
9442	-4944	2800	14736	11	0	11	0	0	0	0	0	16	0	0	0	0	0	0	95	142	6	1	3	24
9443	-4944	2800	14720	11	0	11	0	0	0	0	0	16	0	0	0	0	0	0	95	142	3	1	3	23
9444	-4960	2800	14944	11	0	11	0	0	0	0	0	16	0	0	0	0	0	0	95	142	3	1	3	21
9445	-4928	2768	14944	11	0	11	0	0	0	0	0	16	0	0	0	0	0	0	95	142	3	1	3	23
9446	-4928	2752	14752	11	0	11	0	0	0	0	0	16	0	0	0	0	0	0	95	142	3	1	3	24
9447	-4960	2768	14720	11	0	11	0	0	0	0	0	16	0	0	0	0	0	0	95	142	3	1	3	23
9448	-4944	2704	14752	11	0	11	0	0	0	0	0	16	0	0	0	0	0	0	95	142	3	1	3	21
9449	-4976	2704	14736	11	0	11	0	0	0	0	0	16	0	0	0	0	0	0	95	142	2	1	3	21
9450	-4960	2720	14752	11	0	11	0	0	0	0	0	16	0	0	0	0	0	0	95	142	2	1	3	20
9451	-4976	2928	14800	11	0	11	0	0	0	0	0	16	0	0	0	0	0	0	95	142	3	1	3	21
9452	-4976	2912	14752	11	0	11	0	0	0	0	0	16	0	0	0	0	0	0	95	142	3	1	3	19
9453	-4976	2912	14784	11	0	11	0	0	0	0	0	16	0	0	0	0	0	0	95	142	3	1	3	18
9454	-4944	2928	14752	11	0	11	0	0	0	0	0	16	0	0	0	0	0	0	95	142	2	1	3	20
9455	-4960	2736	14800	11	0	11	0	0	0	0	0	16	0	0	0	0	0	0	95	142	2	1	3	20
9456	-4976	2688	14736	11	0	11	0	0	0	0	0	16	0	0	0	0	0	0	95	142	3	1	3	21
9457	-4976	2896	14752	11	0	11	0	0	0	0	0	16	0	0	0	0	0	0	95	142	3	1	3	24
9458	-4944	2912	14736	11	0	11	0	0	0	0	0	16	0	0	0	0	0	0	95	142	3	1	3	26
9459	-4944	2912	14944	11	0	11	0	0	0	0	0	16	0	0	0	0	0	0	95	142	3	1	3	25
9460	-4768	2928	14928	11	0	11	0	0	0	0	0	16	0	0	0	0	0	0	95	142	3	1	3	25
9461	-4944	2704	14944	11	0	11	0	0	0	0	0	16	0	0	0	0	0	0	95	142	3	1	3	23
9462	-4928	2912	14720	11	0	11	0	0	0	0	0	16	0	0	0	0	0	0	95	142	3	1	3	21
9463	-4928	2928	14736	11	0	11	0	0	0	0	0	16	0	0	0	0	0	0	95	142	3	1	3	20
9464	-4976	2688	14752	11	0	11	0	0	0	0	0	16	0	0	0	0	0	0	95	142	2	1	3	860
9465	-4912	3168	15104	11	0	11	0	0	0	0	0	16	0	0	0	0	0	0	95	142	76	7	6	1810
9466	-4880	3168	15168	11	0	11	0	0	0	0	0	16	0	0	0	0	0	0	95	142	7750	1320	790	2202
9467	-4608	3328	14976	11	0	11	0	0	0	0	0	16	0	0	0	0	0	0	95	142	7882	1362	827	2106
9468	-4960	2800	14928	11	0	11	0	0	0	0	0	16	0	0	0	0	0	0	95	142	8157	1456	969	2174
9469	-4544	3104	15136	11	0	11	0	0	0	0	0	16	0	0	0	0	0	0	95	142	8260	1604	1078	2227
9470	-4912	3136	14976	11	0	11	0	0	0	0	0	16	0	0	0	0	0	0	95	142	8463	1696	1175	2010
9471	-4960	2512	15152	11	0	11	0	0	0	0	0	16	0	0	0	0	0	0	95	142	8529	1879	1324	1545
9472	-4944	2864	14832	11	0	11	0	0	0	0	0	16	0	0	0	0	0	0	95	142	8583	1909	1419	1103
9473	-4960	2896	14768	11	0	11	0	0	0	0	0	16	0	0	0	0	0	0	95	142	8546	1932	1575	976
9474	-4960	2784	14768	11	0	11	0	0	0	0	0	16	0	0	0	0	0	0	95	142	1022	687	916	1105
9475	-4768	2832	14512	11	0	11	0	0	0	0	0	16	0	8	0	0	0	0	95	142	1249	885	966	1018
9476	-4944	2464	14912	11	0	11	0	0	0	0	0	16	0	0	0	0	0	0	95	142	1051	809	870	816
9477	-4912	2864	14944	11	0	11	0	0	0	0	0	16	0	0	0	0	0	0	95	142	956	669	793	575
9478	-4960	2736	14928	11	0	11	0	0	0	0	0	16	0	0	0	0	0	0	95	142	754	578	707	379
9479	-4944	3088	14960	11	0	11	0	0	0	0	0	16	0	0	0	0	0	2	95	142	689	395	559	239
9480	-4928	3072	14912	11	0	11	0	0	0	0	0	20	0	8	0	0	0	1	95	142	634	365	464	150
9481	-4752	3104	14928	11	0	11	0	0	0	0	0	16	0	0	0	0	0	9	95	142	597	337	305	93
9482	-4768	3088	14944	11	0	11	0	0	0	0	0	16	0	0	0	0	0	51	95	142	449	269	179	60
9483	-4992	3088	14960	11	0	11	0	0	0	0	0	16	0	0	0	0	0	64	95	142	89	29	92	44
9484	-4752	2768	14720	11	0	11	0	0	0	0	0	16	0	0	0	0	0	73	95	142	11	10	46	41
9485	-4768	2736	14960	11	0	11	0	0	0	0	0	16	0	8	0	0	0	84	95	142	4	4	15	63
9486	-4800	2768	14736	11	0	11	0	0	0	0	0	16	0	0	0	0	0	86	95	142	4	6	5	85
9487	-4752	2752	14960	11	0	11	0	0	0	0	0	16	0	0	0	0	3	6	95	142	5	8	6	93
9488	-4816	2720	14720	11	0	11	0	0	0	0	0	16	0	0	0	0	40	28	95	142	5	9	8	99
9489	-4784	2768	14736	11	0	11	0	0	0	0	0	16	0	0	0	0	45	0	95	142	6	12	9	105
9490	-4752	2752	14768	11	0	11	0	0	0	0	0	16	0	0	0	0	48	0	95	142	10	15	11	111
9491	-4944	2720	14960	11	0	11	0	0	0	0	0	16	1	0	0	0	79	0	95	142	11	16	12	108
9492	-4976	2848	14768	11	0	11	0	0	0	0	0	16	0	0	0	0	95	0	95	142	11	17	13	116
9493	-4752	2928	14720	11	0	11	0	0	0	0	0	16	0	0	0	0	96	0	95	142	13	17	15	107
9494	-4960	2912	14736	11	0	11	0	0	0	0	0	16	0	0	0	0	94	0	95	142	13	15	15	101
9495	-4960	2688	14752	11	0	11	0	0	0	0	0	16	0	0	0	0	94	0	95	142	18	15	14	92
9496	-4960	2912	14736	11	0	11	0	0	0	0	0	16	0	0	0	0	84	0	95	142	18	15	13	89
9497	-4976	2928	14720	11	0	11	0	0	0	0	0	16	0	0	0	0	36	0	95	142	20	12	12	80
9498	-4960	2704	14928	11	0	11	0	0	0	0	0	16	0	0	0	0	27	0	95	142	16	9	10	74
9499	-4992	2736	14928	11	0	11	0	0	0	0	0	16	0	0	0	0	13	0	95	142	16	8	10	67
9500	-4976	2688	14944	11	0	11	0	0	0	0	0	16	0	0	0	0	7	0	95	142	17	8	8	62
9501	-4960	2688	14960	11	0	11	0	0	0	0	0	16	0	0	0	0	5	0	95	142	16	7	7	57
9502	-4960	2704	14960	11	0	11	0	0	0	0	0	16	0	0	0	0	4	0	95	142	15	6	6	51
9503	-4992	2720	14944	11	0	11	0	0	0	0	0	16	0	0	0	0	9	0	95	142	9	4	5	45
9504	-4992	2800	14960	11	0	11	0	0	0	0	0	16	0	0	0	0	2	0	95	142	9	2	4	41
9505	-4800	2800	14784	11	0	11	0	0	0	0	0	16	0	0	0	0	0	0	95	142	7	2	4	35
9506	-4960	2752	14736	11	0	11	0	0	0	0	0	16	0	0	0	0	0	0	95	142	7	2	3	32
9507	-4928	2768	14752	11	0	11	0	0	0	0	0	16	0	0	0	0	0	0	95	142	6	2	3	29
9508	-4896	2752	14720	11	0	11	0	0	0	0	0	16	0	0	0	0	0	0	95	142	5	2	3	28
9509	-4896	2736	14752	11	0	11	0	0	0	0	0	16	0	0	0	0	0	0	95	142	4	1	3	27
9510	-4944	2736	14720	11	0	11	0	0	0	0	0	16	0	0	0	0	0	0	95	142	4	1	3	26
9511	-4944	2736	14784	11	0	11	0	0	0	0	0	16	0	0	0	0	0	0	95	142	5	1	3	23
9512	-4896	2720	14800	11	0	11	0	0	0	0	0	16	0	0	0	0	0	0	95	142	4	1	3	21
9513	-4944	2736	14784	11	0	11	0	0	0	0	0	16	0	0	0	0	0	0	95	142	4	1	3	19
9514	-4592	2736	14752	11	0	11	0	0	0	0	0	16	0	0	0	0	0	0	95	142	4	1	3	20
9515	-4896	2880	14768	11	0	11	0	0	0	0	0	16	0	0	0	0	0	0	95	142	4	1	3	23
9516	-4912	2912	14752	11	0	11	0	0	0	0	0	16	0	0	0	0	0	0	95	142	4	1	3	24
9517	-4960	2720	14784	11	0	11	0	0	0	0	0	16	0	0	0	0	0	0	95	142	4	1	3	24
9518	-4960	2688	14800	11	0	11	0	0	0	0	0	16	0	0	0	0	0	0	95	142	4	1	3	23
9519	-4976	2688	14784	11	0	11	0	0	0	0	0	16	0	0	0	0	0	0	95	142	3	1	3	21
9520	-4912	2704	14752	11	0	11	0	0	0	0	0	16	0	0	0	0	0	0	95	142	3	1	3	20
9521	-4976	2736	14752	11	0	11	0	0	0	0	0	16	0	0	0	0	0	0	95	142	3	1	2	19
9522	-4896	3072	14768	11	0	11	0	0	0	0	0	16	0	0	0	0	0	0	95	142	3	1	3	18
9523	-4928	2800	14720	11	0	11	0	0	0	0	0	16	0	0	0	0	0	0	95	142	3	1	3	16
9524	-4976	2768	14784	11	0	11	0	0	0	0	0	16	0	0	0	0	0	0	95	142	2	1	2	19
9525	-4768	2720	14784	11	0	11	0	0	0	0	0	16	0	0	0	0	0	0	95	142	2	1	2	22
9526	-4976	2768	14816	11	0	11	0	0	0	0	0	16	0	0	0	0	0	0	95	142	2	1	2	24
9527	-4992	2928	14720	11	0	11	0	0	0	0	0	16	0	0	0	0	0	0	95	142	2	1	3	26
9528	-4944	2768	14720	11	0	11	0	0	0	0	0	16	0	0	0	0	0	0	95	142	2	1	3	25
9529	-4960	2688	14720	11	0	11	0	0	0	0	0	16	0	0	0	0	0	0	95	142	2	1	3	23
9530	-4768	2912	14768	11	0	11	0	0	0	0	0	16	0	0	0	0	0	0	95	142	2	1	3	20
9531	-4992	2688	14784	11	0	11	0	0	0	0	0	16	0	0	0	0	0	0	95	142	2	1	3	19
9532	-4976	2736	14752	11	0	11	0	0	0	0	0	16	0	0	0	0	0	0	95	142	3	1	3	19
9533	-4992	2720	14832	11	0	11	0	0	0	0	0	16	0	0	0	0	0	0	95	142	3	1	3	326
9534	-4880	3120	14976	11	0	11	0	0	0	0	0	16	0	0	0	0	0	0	95	142	94	100	27	826
9535	-4944	2784	14720	11	0	11	0	0	0	0	0	16	0	0	0	0	0	0	95	142	276	144	55	1660
9536	-4944	2736	14864	11	0	11	0	0	0	0	0	16	0	0	0	0	0	0	95	142	320	296	176	2891
9537	-4944	2816	14528	11	0	11	0	0	0	0	0	16	0	0	0	0	0	0	95	142	7372	536	268	4130
9538	-4848	2896	14960	11	0	11	0	0	0	0	0	16	0	0	0	0	0	0	95	142	24941	3790	1365	4936
9539	-5152	2832	14688	11	0	11	0	0	0	0	0	16	0	0	0	0	0	0	95	142	26537	4052	1515	4486
9540	-4928	3088	15168	11	0	11	0	0	0	0	0	16	0	0	0	0	0	0	95	142	27309	4163	1663	3608
9541	-4928	3104	14800	11	0	11	0	0	0	0	0	16	0	0	0	0	0	0	95	142	27512	4241	1759	2688
9542	-4752	2832	14800	11	0	11	0	0	0	0	0	16	0	0	0	0	0	0	95	142	27770	4184	1803	1883
9543	-4784	2544	14832	11	0	11	0	0	0	0	0	16	0	0	0	0	0	0	95	142	27620	4166	1798	1298
9544	-4784	2832	14752	11	0	11	0	0	0	0	0	16	0	0	0	0	0	0	95	142	27578	4018	1699	861
9545	-4976	2928	14720	11	0	11	0	0	0	0	0	16	0	0	0	0	0	0	95	142	20526	3783	1619	549
9546	-4928	2720	14752	11	0	11	0	0	0	0	0	16	0	8	0	0	0	0	95	142	2957	529	524	341
9547	-4944	2688	14960	11	0	11	0	0	0	0	0	16	0	0	0	0	0	0	95	142	1361	267	374	209
9548	-4960	2720	14720	11	0	11	0	0	0	0	0	16	0	0	0	0	0	0	95	142	589	155	226	129
9549	-4976	2736	14928	11	0	11	0	0	0	0	0	16	0	0	0	0	0	4	95	142	386	77	130	80
9550	-4976	2784	14944	11	0	11	0	0	0	0	0	16	0	0	0	0	0	8	95	142	37	36	63	55
9551	-4960	2736	14928	11	0	11	0	0	0	0	0	20	0	8	0	0	0	28	95	142	5	11	39	42
9552	-4752	2736	14784	11	0	11	0	0	0	0	0	16	0	0	0	0	0	55	95	142	3	6	16	35
9553	-4992	2768	14944	11	0	11	0	0	0	0	0	16	0	0	0	0	0	85	95	142	3	1	6	39
9554	-4752	2800	14944	11	0	11	0	0	0	0	0	16	0	0	0	0	0	86	95	142	6	3	3	49
9555	-4960	2736	14928	11	0	11	0	0	0	0	0	16	0	0	0	0	0	93	95	142	8	4	3	53
9556	-4896	2752	14720	11	0	11	0	0	0	0	0	16	0	8	0	0	0	77	95	142	9	5	4	61
9557	-4976	2704	14768	11	0	11	0	0	0	0	0	16	0	0	0	0	22	5	95	142	10	6	5	76
9558	-4960	3072	14784	11	0	11	0	0	0	0	0	16	0	0	0	0	42	2	95	142	11	7	6	86
9559	-4976	2768	14800	11	0	11	0	0	0	0	0	16	0	0	0	0	46	0	95	142	14	10	7	95
9560	-4976	3072	14752	11	0	11	0	0	0	0	0	16	0	0	0	0	47	0	95	142	15	12	8	99
9561	-4976	3088	14736	11	0	11	0	0	0	0	0	16	1	0	0	0	75	0	95	142	15	13	9	104
9562	-4976	2752	14752	11	0	11	0	0	0	0	0	16	0	0	0	0	93	0	95	142	13	11	9	102
9563	-4944	2752	14784	11	0	11	0	0	0	0	0	16	0	0	0	0	93	0	95	142	17	12	9	97
9564	-4928	2736	14784	11	0	8	0	0	0	0	0	16	0	0	0	0	89	0	95	142	20	12	9	89
9565	-4912	2688	14752	0	0	8	0	0	0	0	0	16	0	0	0	0	84	0	95	142	19	11	8	78
9566	-4928	2896	14720	0	0	8	0	0	0	0	0	16	0	0	0	0	66	0	95	142	19	10	7	73
9567	-4976	2832	14768	0	0	8	0	0	0	0	0	16	0	0	0	0	15	0	95	142	18	8	7	72
9568	-4992	2896	14752	0	0	8	0	0	0	0	0	16	0	0	0	0	7	0	95	142	18	7	6	63
9569	-4784	2736	14832	0	0	8	0	0	0	0	0	16	0	0	0	0	4	0	95	142	19	6	5	56
9570	-4992	2768	14752	0	0	8	0	0	0	0	0	16	0	0	0	0	3	0	95	142	18	5	5	54
9571	-4800	2720	14720	0	0	8	0	0	0	0	0	16	0	0	0	0	4	0	95	142	13	4	5	52
9572	-4960	2928	14720	0	0	8	0	0	0	0	0	16	0	0	0	0	11	0	95	142	11	3	5	45
9573	-4976	2704	14720	0	0	8	0	0	0	0	0	16	0	0	0	0	7	0	95	142	10	3	4	42
9574	-4976	2736	14720	0	0	8	0	0	0	0	0	16	0	0	0	0	0	0	95	142	9	3	4	37
9575	-4944	2704	14768	0	0	8	0	0	0	0	0	16	0	0	0	0	0	0	95	142	7	3	3	33
9576	-4960	2704	14736	0	0	8	0	0	0	0	0	16	0	0	0	0	0	0	95	142	7	2	3	30
9577	-4784	2752	14736	0	0	8	0	0	0	0	0	16	0	0	0	0	0	0	95	142	6	2	3	25
9578	-4784	2736	14960	0	0	8	0	0	0	0	0	16	0	0	0	0	0	0	95	142	5	2	4	22
9579	-4768	2768	14720	0	0	8	0	0	0	0	0	16	0	0	0	0	0	0	95	142	4	2	3	19
9580	-4976	2688	14944	0	0	8	0	0	0	0	0	16	0	0	0	0	0	0	95	142	4	2	3	20
9581	-4768	2752	14720	0	0	8	0	0	0	0	0	16	0	0	0	0	0	0	95	142	4	1	3	23
9582	-4752	2928	14784	0	0	8	0	0	0	0	0	16	0	0	0	0	0	0	95	142	5	1	3	25
9583	-4976	2704	14752	0	0	8	0	0	0	0	0	16	0	0	0	0	0	0	95	142	4	1	3	23
9584	-4960	2704	14752	0	0	8	0	0	0	0	0	16	0	0	0	0	0	0	95	142	4	1	3	21
9585	-4960	2704	14784	0	0	8	0	0	0	0	0	16	0	0	0	0	0	0	95	142	4	1	3	21
9586	-4992	2704	14736	0	0	8	0	0	0	0	0	16	0	0	0	0	0	0	95	142	3	1	3	20
9587	-4992	2720	14736	0	0	8	0	0	0	0	0	16	0	0	0	0	0	0	95	142	4	1	3	21
9588	-4928	2736	14720	0	0	8	0	0	0	0	0	16	0	0	0	0	0	0	95	142	4	1	2	19
9589	-4960	2928	14752	0	0	8	0	0	0	0	0	16	0	0	0	0	0	0	95	142	3	1	2	20
9590	-4944	2720	14736	0	0	8	0	0	0	0	0	16	0	0	0	0	0	0	95	142	2	1	2	20
9591	-4880	2928	14720	0	0	8	0	0	0	0	0	16	0	0	0	0	0	0	95	142	2	1	2	19
9592	-4880	2704	14720	0	0	8	0	0	0	0	0	16	0	0	0	0	0	0	95	142	3	1	3	19
9593	-4928	2928	14944	0	0	8	0	0	0	0	0	16	0	0	0	0	0	0	95	142	3	1	3	21
9594	-4608	2720	14768	0	0	8	0	0	0	0	0	16	0	0	0	0	0	0	95	142	4	1	3	28
9595	-4960	2752	15104	0	0	8	0	0	0	0	0	16	0	0	0	0	0	0	95	142	4	2	3	538
9596	-4608	3104	15152	0	0	8	0	0	0	0	0	16	0	0	0	0	0	0	95	142	22	19	35	1382
9597	-4912	3104	14992	0	0	8	0	0	0	0	0	16	0	0	0	0	0	0	95	142	57	53	118	2128
9598	-4592	3184	15424	0	0	8	0	0	0	0	0	16	0	0	0	0	0	0	95	142	132	114	188	2076
9599	-4592	2896	15136	0	0	8	0	0	0	0	0	16	0	0	0	0	0	0	95	142	853	142	369	1839
9600	-4784	2448	14560	0	0	8	0	0	0	0	0	16	0	0	0	0	0	0	95	142	974	191	488	2295
9601	-4832	2480	14608	0	0	8	0	0	0	0	0	16	0	0	0	0	0	0	95	142	1083	231	604	2413
9602	-4960	3152	14816	0	0	8	0	0	0	0	0	16	0	0	0	0	0	0	95	142	1140	268	844	2199
9603	-4880	2816	14768	0	0	8	0	0	0	0	0	16	0	0	0	0	0	0	95	142	1242	312	952	1914
9604	-4576	2432	14720	0	0	8	0	0	0	0	0	16	0	0	0	0	0	0	95	142	1416	309	947	1500
9605	-4880	3088	14960	0	0	8	0	0	0	0	0	16	0	0	0	0	0	0	95	142	1413	309	905	1149
9606	-4592	2768	14736	0	0	8	0	0	0	0	0	16	0	0	0	0	0	0	95	142	1366	265	856	791
9607	-4880	2720	14768	0	0	8	0	0	0	0	0	16	0	8	0	0	0	0	95	142	645	238	682	509
9608	-4880	2704	14768	0	0	8	0	0	0	0	0	16	0	0	0	0	0	0	95	142	524	188	563	317
9609	-4608	2752	14960	0	0	8	0	0	0	0	0	16	0	0	0	0	0	0	95	142	414	148	446	194
9610	-4944	2688	14768	0	0	8	0	0	0	0	0	16	0	0	0	0	0	1	95	142	357	111	207	118
9611	-4944	2688	14768	0	0	8	0	0	0	0	0	16	0	0	0	0	0	3	95	142	255	67	98	85
9612	-4912	2736	14784	0	0	8	0	0	0	0	0	20	0	8	0	0	0	7	95	142	62	53	71	77
9613	-4944	2704	14768	0	0	8	0	0	0	0	0	16	0	0	0	0	0	33	95	142	32	19	32	77
9614	-4880	2688	14720	0	0	8	0	0	0	0	0	16	0	0	0	0	0	74	95	142	5	3	10	82
9615	-4976	2720	14736	0	0	8	0	0	0	0	0	16	0	0	0	0	0	89	95	142	6	4	5	94
9616	-4960	2736	14736	0	0	8	0	0	0	0	0	16	0	0	0	0	0	92	95	142	8	6	5	97
9617	-4944	2720	14960	0	0	8	0	0	0	0	0	16	0	8	0	0	0	95	95	142	10	8	6	100
9618	-4880	2688	14768	0	0	8	0	0	0	0	0	16	0	0	0	0	1	53	95	142	13	9	8	97
9619	-4912	2896	14752	0	0	8	0	0	0	0	0	16	0	0	0	0	26	14	95	142	14	10	9	108
9620	-4608	2896	14768	0	0	8	0	0	0	0	0	16	0	0	0	0	43	0	95	142	14	11	11	105
9621	-4576	2720	14768	0	0	8	0	0	0	0	0	16	0	0	0	0	47	0	95	142	16	12	10	101
9622	-4880	2880	14800	0	0	8	0	0	0	0	0	16	1	0	0	0	73	0	95	142	16	12	10	90
9623	-4880	2896	14768	0	0	8	0	0	0	0	0	16	0	0	0	0	94	0	95	142	17	11	10	85
9624	-4896	2720	14816	0	0	8	0	0	0	0	0	16	0	0	0	0	96	0	95	142	15	10	9	83
9625	-4880	2704	14800	0	0	8	0	0	0	0	0	16	0	0	0	0	95	0	95	142	15	8	8	80
9626	-4912	2688	15120	0	0	8	0	0	0	0	0	16	0	0	0	0	94	0	95	142	13	8	7	71
9627	-4896	2736	14784	0	0	8	0	0	0	0	0	16	0	0	0	0	88	0	95	142	13	7	6	67
9628	-4928	2736	14736	0	0	8	0	0	0	0	0	16	0	0	0	0	65	0	95	142	12	6	5	67
9629	-4592	2688	14768	0	0	8	0	0	0	0	0	16	0	0	0	0	22	0	95	142	10	5	5	63
9630	-4912	2864	14800	0	0	8	0	0	0	0	0	16	0	0	0	0	8	0	95	142	9	4	4	54
9631	-4896	2928	14752	0	0	8	0	0	0	0	0	16	0	0	0	0	5	0	95	142	7	4	4	45
9632	-4912	2928	14720	0	0	8	0	0	0	0	0	16	0	0	0	0	3	0	95	142	7	3	4	40
9633	-4944	2736	14736	0	0	8	0	0	0	0	0	16	0	0	0	0	11	0	95	142	5	2	4	36
9634	-4928	2736	14816	0	0	8	0	0	0	0	0	16	0	0	0	0	20	0	95	142	5	2	4	31
9635	-4896	2704	14816	0	0	8	0	0	0	0	0	16	0	0	0	0	2	0	95	142	6	2	4	29
9636	-4944	2704	14800	0	0	8	0	0	0	0	0	16	0	0	0	0	0	0	95	142	5	2	3	28
9637	-4928	2704	14752	0	0	8	0	0	0	0	0	16	0	0	0	0	0	0	95	142	5	1	3	26
9638	-4928	2688	14720	0	0	8	0	0	0	0	0	16	0	0	0	0	0	0	95	142	4	2	3	25
9639	-4896	2848	14752	0	0	8	0	0	0	0	0	16	0	0	0	0	0	0	95	142	4	2	3	24
9640	-4944	2896	14784	0	0	8	0	0	0	0	0	0	0	0	0	0	0	0	95	142	4	1	3	23
9641	-4928	2912	14736	0	0	8	0	0	0	0	0	0	0	0	0	0	0	0	95	142	4	1	3	24
9642	-4928	2928	14752	0	0	8	0	0	0	0	0	0	0	0	0	0	0	0	95	142	4	1	3	23
9643	-4896	2720	14784	0	0	8	0	0	0	0	0	0	0	0	0	0	0	0	95	142	3	1	3	21
9644	-4576	2720	14800	0	0	8	0	0	0	0	0	0	0	0	0	0	0	0	95	142	4	1	3	19
9645	-4912	2720	15104	0	0	8	0	0	0	0	0	0	0	0	0	0	0	0	95	142	3	1	3	17
9646	-4608	2736	14832	0	0	8	0	0	0	0	0	0	0	0	0	0	0	0	95	142	3	1	3	16
9647	-4912	2768	14800	0	0	8	0	0	0	0	0	0	0	0	0	0	0	0	95	142	3	1	3	17
9648	-4944	2704	14784	0	0	8	0	0	0	0	0	0	0	0	0	0	0	0	95	142	3	1	3	16
9649	-4928	2752	14816	0	0	8	0	0	0	0	0	0	0	0	0	0	0	0	95	142	2	1	3	16
9650	-4880	2688	15104	0	0	8	0	0	0	0	0	0	0	0	0	0	0	0	95	142	2	1	3	17
9651	-4912	2720	14816	0	0	8	0	0	0	0	0	0	0	0	0	0	0	0	95	142	2	1	2	19
9652	-4880	2720	14752	0	0	8	0	0	0	0	0	0	0	0	0	0	0	0	95	142	3	1	2	22
9653	-4528	2688	14752	0	0	8	0	0	0	0	0	0	0	0	0	0	0	0	95	142	3	1	3	23
9654	-4544	2720	14752	0	0	8	0	0	0	0	0	0	0	0	0	0	0	0	95	142	4	1	3	22
9655	-4880	2736	14752	0	0	8	0	0	0	0	0	0	0	0	0	0	0	0	95	142	4	1	3	20
9656	-4880	2736	14736	0	0	8	0	0	0	0	0	0	0	0	0	0	0	0	95	142	4	1	3	21
9657	-4912	2736	14752	0	0	8	0	0	0	0	0	0	0	0	0	0	0	0	95	142	4	1	3	22
9658	-4880	2736	14752	0	0	8	0	0	0	0	0	0	0	0	0	0	0	0	95	142	4	1	2	299
9659	-4992	2880	14928	0	0	8	0	0	0	0	0	0	0	0	0	0	0	0	95	142	28	17	13	1135
9660	-4576	2784	15216	0	0	8	0	0	0	0	0	0	0	0	0	0	0	0	95	142	60	44	62	2266
9661	-4976	2768	14848	0	0	8	0	0	0	0	0	0	0	0	0	0	0	0	95	142	2472	837	570	3086
9662	-4928	3136	15136	0	0	8	0	0	0	0	0	0	0	0	0	0	0	0	95	142	6838	1246	816	2821
9663	-4928	2864	14832	0	0	8	0	0	0	0	0	0	0	0	0	0	0	0	95	142	7109	1367	963	2271
9664	-4544	2768	15200	0	0	8	0	0	0	0	0	0	0	0	0	0	0	0	95	142	7274	1395	1014	2605
9665	-4592	2880	14960	0	0	8	0	0	0	0	0	0	0	0	0	0	0	0	95	142	9635	1756	1422	2875
9666	-4688	2752	15120	0	0	8	0	0	0	0	0	0	0	0	0	0	0	0	95	142	11377	1986	1760	2519
9667	-4576	2480	14864	0	0	8	0	0	0	0	0	0	0	0	0	0	0	0	95	142	11489	2061	1849	2113
9668	-4608	2432	14496	0	0	8	0	0	0	0	0	0	0	0	0	0	0	0	95	142	11552	2068	1876	1893
9669	-4976	2464	14480	0	0	8	0	0	0	0	0	0	0	0	0	0	0	0	95	142	9454	1322	1469	1662
9670	-4928	2432	14544	0	0	8	0	0	0	0	0	0	0	0	0	0	0	0	95	142	5390	920	1261	1215
9671	-4928	2544	14720	0	0	8	0	0	0	0	0	0	0	8	0	0	0	0	95	142	5119	814	1124	809
9672	-4576	2720	14768	0	0	8	0	0	0	0	0	0	0	0	0	0	0	0	95	142	4955	786	1073	513
9673	-4608	2912	14752	0	0	8	0	0	0	0	0	0	0	0	0	0	0	0	95	142	2593	424	666	316
9674	-4608	2688	14784	0	0	8	0	0	0	0	0	0	0	0	0	0	0	0	95	142	852	195	328	192
9675	-4592	2912	14736	0	0	8	0	0	0	0	0	0	0	0	0	0	0	1	95	142	716	105	227	118
9676	-4608	2704	14768	0	0	8	0	0	0	0	0	4	0	8	0	0	0	11	95	142	620	71	152	76
9677	-4608	2752	14768	0	0	8	0	0	0	0	0	0	0	0	0	0	0	45	95	142	304	23	52	57
9678	-4608	2704	14784	0	0	8	0	0	0	0	0	0	0	0	0	0	0	54	95	142	3	16	14	66
9679	-4576	2688	14800	0	0	8	0	0	0	0	0	0	0	0	0	0	0	66	95	142	3	2	4	86
9680	-4560	2912	14736	0	0	8	0	0	0	0	0	0	0	0	0	0	0	88	95	142	4	2	5	108
9681	-4576	2704	14784	0	0	8	0	0	0	0	0	0	0	8	0	0	0	73	95	142	5	4	8	118
9682	-4576	2752	14784	0	0	8	0	0	0	0	0	0	0	0	0	0	4	36	95	142	6	6	11	126
9683	-4880	2736	14784	0	0	8	0	0	0	0	0	0	0	0	0	0	41	19	95	142	8	10	15	126
9684	-4608	2704	14832	0	0	8	0	0	0	0	0	0	0	0	0	0	45	0	95	142	13	12	18	136
9685	-4576	2688	14816	0	0	8	0	0	0	0	0	0	1	0	0	0	68	0	95	142	16	13	19	132
9686	-4880	2848	15120	0	0	8	0	0	0	0	0	0	0	0	0	0	92	0	95	142	18	13	20	122
9687	-4592	2864	14800	0	0	8	0	0	0	0	0	0	0	0	0	0	98	0	95	142	18	14	22	114
9688	-4576	2848	14832	0	0	8	0	0	0	0	0	0	0	0	0	0	97	0	95	142	23	14	21	108
9689	-4560	2896	15136	0	0	8	0	0	0	0	0	0	0	0	0	0	96	0	95	142	25	15	20	97
9690	-4576	2896	14768	0	0	8	0	0	0	0	0	0	0	0	0	0	94	0	95	142	25	14	18	88
9691	-4608	2880	14816	0	0	8	0	0	0	0	0	0	0	0	0	0	84	0	95	142	25	11	13	81
9692	-4928	2896	14800	0	0	8	0	0	0	0	0	0	0	0	0	0	66	0	95	142	20	9	10	72
9693	-4912	2688	14784	0	0	8	0	0	0	0	0	0	0	0	0	0	50	0	95	142	20	9	9	68
9694	-4960	2912	14784	0	0	8	0	0	0	0	0	0	0	0	0	0	30	0	95	142	19	8	8	65
9695	-4896	2912	14720	0	0	8	0	0	0	0	0	0	0	0	0	0	12	0	95	142	18	8	6	64
9696	-4608	2912	14752	0	0	8	0	0	0	0	0	0	0	0	0	0	13	0	95	142	12	7	4	61
9697	-4912	2864	14784	0	0	8	0	0	0	0	0	0	0	0	0	0	25	0	95	142	9	4	4	51
9698	-4912	2912	14784	0	0	8	0	0	0	0	0	0	0	0	0	0	31	0	95	142	9	4	4	43
9699	-4608	2896	14768	0	0	8	0	0	0	0	0	0	0	0	0	0	15	0	95	142	9	3	3	39
9700	-4608	2864	14816	0	0	8	0	0	0	0	0	0	0	0	0	0	4	0	95	142	9	2	3	35
9701	-4928	2912	14816	0	0	8	0	0	0	0	0	0	0	0	0	0	6	0	95	142	6	2	3	30
9702	-4960	2688	14784	0	0	8	0	0	0	0	0	0	0	0	0	0	3	0	95	142	6	2	3	25
9703	-4960	2688	14784	0	0	8	0	0	0	0	0	0	0	0	0	0	2	0	95	142	5	2	3	21
9704	-4880	2688	14768	0	0	8	0	0	0	0	0	0	0	0	0	0	0	0	95	142	6	2	3	19
9705	-4608	2912	14800	0	0	8	0	0	0	0	0	0	0	0	0	0	0	0	95	142	5	1	3	19
9706	-4896	2688	14768	0	0	8	0	0	0	0	0	0	0	0	0	0	0	0	95	142	6	1	3	17
9707	-4608	2896	14784	0	0	8	0	0	0	0	0	0	0	0	0	0	0	0	95	142	4	1	3	16
9708	-4608	2880	14816	0	0	8	0	0	0	0	0	0	0	0	0	0	0	0	95	142	3	1	3	16
9709	-4880	2896	14784	0	0	8	0	0	0	0	0	0	0	0	0	0	0	0	95	142	3	1	3	15
9710	-4576	2896	14816	0	0	8	0	0	0	0	0	0	0	0	0	0	0	0	95	142	3	1	3	16
9711	-4592	2704	14784	0	0	8	0	0	0	0	0	0	0	0	0	0	0	0	95	142	3	1	3	17
9712	-4592	2912	14816	0	0	8	0	0	0	0	0	0	0	0	0	0	0	0	95	142	2	1	3	20
9713	-4608	2688	14800	0	0	8	0	0	0	0	0	0	0	0	0	0	0	0	95	142	2	1	3	20
9714	-4592	2688	14816	0	0	8	0	0	0	0	0	0	0	0	0	0	0	0	95	142	2	1	3	19
9715	-4592	2688	14816	0	0	8	0	0	0	0	0	0	0	0	0	0	0	0	95	142	2	1	3	18
9716	-4592	2912	15120	0	0	8	0	0	0	0	0	0	0	0	0	0	0	0	95	142	2	1	3	18
9717	-4576	2688	14832	0	0	8	0	0	0	0	0	0	0	0	0	0	0	0	95	142	3	1	3	17
9718	-4608	2704	14784	0	0	8	0	0	0	0	0	0	0	0	0	0	0	0	95	142	3	1	3	17
9719	-4896	2912	14784	0	0	8	0	0	0	0	0	0	0	0	0	0	0	0	95	142	3	1	3	16
9720	-4896	2848	14800	0	0	8	0	0	0	0	0	0	0	0	0	0	0	0	95	142	3	1	3	16
9721	-4912	2880	14768	0	0	8	0	0	0	0	0	0	0	0	0	0	0	0	95	142	3	1	3	298
9722	-4912	2688	14736	0	0	8	0	0	0	0	0	0	0	0	0	0	0	0	95	142	59	5	13	769
9723	-4608	2720	14992	0	0	8	0	0	0	0	0	0	0	0	0	0	0	0	95	142	127	33	50	1496
9724	-4704	3088	15232	0	0	8	0	0	0	0	0	0	0	0	0	0	0	0	95	142	4206	356	101	1994
9725	-4576	2752	14816	0	0	8	0	0	0	0	0	0	0	0	0	0	0	0	95	142	4365	515	193	2587
9726	-4576	2928	14800	0	0	8	0	0	0	0	0	0	0	0	0	0	0	0	95	142	6349	1512	537	3064
9727	-4736	3088	15376	0	0	8	0	0	0	0	0	0	0	0	0	0	0	0	95	142	6461	1604	755	3488
9728	-4576	2944	15424	0	0	8	0	0	0	0	0	0	0	0	0	0	0	0	95	142	22761	6194	2029	3299
9729	-4720	3008	15264	0	0	8	0	0	0	0	0	0	0	0	0	0	0	0	95	142	23294	6382	2109	2819
9730	-4608	3136	15232	0	0	8	0	0	0	0	0	0	0	0	0	0	0	0	95	142	23522	6476	2136	2507
9731	-4608	2768	15152	0	0	8	0	0	0	0	0	0	0	0	0	0	0	0	95	142	24499	6701	2256	2033
9732	-4592	2768	14816	0	0	8	0	0	0	0	0	0	0	0	0	0	0	0	95	142	20422	6380	2211	1450
9733	-4608	3088	14768	0	0	8	0	0	0	0	0	0	0	0	0	0	0	0	95	142	20263	6223	2123	948
9734	-4608	3072	14816	0	0	8	0	0	0	0	0	0	0	0	0	0	0	0	95	142	18279	5227	1779	590
9735	-4560	2736	14768	0	0	8	0	0	0	0	0	0	0	8	0	0	0	0	95	142	18167	5135	1561	357
9736	-4576	2704	14768	0	0	8	0	0	0	0	0	0	0	0	0	0	0	0	95	142	1867	544	287	213
9737	-4592	2752	14944	0	0	8	0	0	0	0	0	0	0	0	0	0	0	1	95	142	1334	356	208	128
9738	-4576	2752	14736	0	0	8	0	0	0	0	0	0	0	0	0	0	0	2	95	142	1050	258	171	79
9739	-4576	2768	14784	0	0	8	0	0	0	0	0	0	0	0	0	0	0	15	95	142	4	6	13	52
9740	-4880	2704	14736	0	0	8	0	0	0	0	0	4	0	8	0	0	0	47	95	142	3	4	8	38
9741	-4544	2688	14768	0	0	8	0	0	0	0	0	0	0	0	0	0	0	68	95	142	2	1	3	34
9742	-4576	2704	14768	0	0	8	0	0	0	0	0	0	0	0	0	0	0	78	95	142	2	1	3	39
9743	-4528	2752	14816	0	0	8	0	0	0	0	0	0	0	0	0	0	0	89	95	142	2	1	3	49
9744	-4512	2768	14816	0	0	8	0	0	0	0	0	0	0	0	0	0	0	87	95	142	2	1	3	71
9745	-4736	2784	14784	0	0	8	0	0	0	0	0	0	0	8	0	0	5	31	95	142	4	1	4	83
9746	-4560	2736	14784	0	0	8	0	0	0	0	0	0	0	0	0	0	41	10	95	142	7	2	5	84
9747	-4608	2752	14832	0	0	8	0	0	0	0	0	0	0	0	0	0	45	0	95	142	10	3	5	92
9748	-4608	2768	14800	0	0	8	0	0	0	0	0	0	1	0	0	0	51	0	95	142	13	5	6	94
9749	-4608	2752	14816	0	0	8	0	0	0	0	0	0	0	0	0	0	82	0	95	142	15	7	6	91
9750	-4912	2704	14832	0	0	8	0	0	0	0	0	0	0	0	0	0	96	0	95	142	17	7	7	90
9751	-4592	2720	14800	0	0	8	0	0	0	0	0	0	0	0	0	0	96	0	95	142	19	8	7	86
9752	-4576	2736	14832	0	0	8	0	0	0	0	0	0	0	0	0	0	93	0	95	142	21	8	7	83
9753	-4592	2704	14832	0	0	8	0	0	0	0	0	0	0	0	0	0	90	0	95	142	21	9	7	79
9754	-4528	2736	14800	0	0	8	0	0	0	0	0	0	0	0	0	0	76	0	95	142	20	10	6	71
9755	-4544	2928	14768	0	0	8	0	0	0	0	0	0	0	0	0	0	44	0	95	142	17	9	6	62
9756	-4576	2912	14768	0	0	8	0	0	0	0	0	0	0	0	0	0	22	0	95	142	16	7	6	60
9757	-4880	2896	14816	0	0	8	0	0	0	0	0	0	0	0	0	0	9	0	95	142	16	6	6	55
9758	-4880	2688	14768	0	0	8	0	0	0	0	0	0	0	0	0	0	5	0	95	142	14	5	5	48
9759	-4592	2752	14752	0	0	8	0	0	0	0	0	0	0	0	0	0	5	0	95	142	12	5	5	42
9760	-4544	2704	14752	0	0	8	0	0	0	0	0	0	0	0	0	0	16	0	95	142	11	5	4	40
9761	-4592	2688	14832	0	0	8	0	0	0	0	0	0	0	0	0	0	24	0	95	142	10	4	4	35
9762	-4576	2912	14784	0	0	8	0	0	0	0	0	0	0	0	0	0	3	0	95	142	8	3	4	31
9763	-4880	2688	14800	0	0	8	0	0	0	0	0	0	0	0	0	0	0	0	95	142	8	3	4	28
9764	-4560	2912	14816	0	0	8	0	0	0	0	0	0	0	0	0	0	0	0	95	142	6	3	4	25
9765	-4512	2880	14736	0	0	8	0	0	0	0	0	0	0	0	0	0	0	0	95	142	6	2	4	24
9766	-4592	2928	14768	0	0	8	0	0	0	0	0	0	0	0	0	0	0	0	95	142	6	2	4	22
9767	-4528	2704	14800	0	0	8	0	0	0	0	0	0	0	0	0	0	0	0	95	142	6	2	4	21
9768	-4576	2928	14832	0	0	8	0	0	0	0	0	0	0	0	0	0	0	0	95	142	6	2	4	19
9769	-4576	2912	14800	0	0	8	0	0	0	0	0	0	0	0	0	0	0	0	95	142	4	1	3	19
9770	-4576	2896	14816	0	0	8	0	0	0	0	0	0	0	0	0	0	0	0	95	142	4	1	3	19
9771	-4880	2704	14800	0	0	8	0	0	0	0	0	0	0	0	0	0	0	0	95	142	4	1	3	19
9772	-4880	2928	14784	0	0	8	0	0	0	0	0	0	0	0	0	0	0	0	95	142	4	1	3	21
9773	-4592	2688	14816	0	0	8	0	0	0	0	0	0	0	0	0	0	0	0	95	142	4	1	3	21
9774	-4592	2912	14816	0	0	8	0	0	0	0	0	0	0	0	0	0	0	0	95	142	3	1	3	19
9775	-4880	2880	14752	0	0	8	0	0	0	0	0	0	0	0	0	0	0	0	95	142	3	1	3	18
9776	-4608	2704	14736	0	0	8	0	0	0	0	0	0	0	0	0	0	0	0	95	142	3	1	3	17
9777	-4592	2912	14752	0	0	8	0	0	0	0	0	0	0	0	0	0	0	0	95	142	3	1	3	16
9778	-4576	2896	14960	0	0	8	0	0	0	0	0	0	0	0	0	0	0	0	95	142	3	1	3	16
9779	-4880	2864	14752	0	0	8	0	0	0	0	0	0	0	0	0	0	0	0	95	142	2	1	3	16
9780	-4880	2912	14800	0	0	8	0	0	0	0	0	0	0	0	0	0	0	0	95	142	2	1	3	16
9781	-4608	2896	14832	0	0	8	0	0	0	0	0	0	0	0	0	0	0	0	95	142	2	1	3	15
9782	-4560	2896	15104	0	0	8	0	0	0	0	0	0	0	0	0	0	0	0	95	142	2	1	3	16
9783	-4576	2720	15120	0	0	8	0	0	0	0	0	0	0	0	0	0	0	0	95	142	2	1	3	18
9784	-4576	2688	14816	0	0	8	0	0	0	0	0	0	0	0	0	0	0	0	95	142	3	1	3	19
9785	-4896	2928	14800	0	0	8	0	0	0	0	0	0	0	0	0	0	0	0	95	142	4	1	3	19
9786	-4880	2896	14832	0	0	8	0	0	0	0	0	0	0	0	0	0	0	0	95	142	4	1	3	18
9787	-4576	2912	15104	0	0	8	0	0	0	0	0	0	0	0	0	0	0	0	95	142	4	1	3	17
9788	-4928	2912	14768	0	0	8	0	0	0	0	0	0	0	0	0	0	0	0	95	142	4	1	3	18
9789	-4912	2704	14768	0	0	8	0	0	0	0	0	0	0	0	0	0	0	0	95	142	4	1	3	16
9790	-4512	2704	14816	0	0	8	0	0	0	0	0	0	0	0	0	0	0	0	95	142	4	1	3	17
9791	-4560	2896	14816	0	0	8	0	0	0	0	0	0	0	0	0	0	0	0	95	142	3	1	3	17
9792	-4544	2688	14800	0	0	8	0	0	0	0	0	0	0	0	0	0	0	0	95	142	3	1	3	19
9793	-4608	2688	14800	0	0	8	0	0	0	0	0	0	0	0	0	0	0	0	95	142	3	1	3	18
9794	-4880	2896	14784	0	0	8	0	0	0	0	0	0	0	0	0	2	0	0	95	142	3	1	3	19
9795	-4576	2912	14816	0	0	8	0	0	0	0	0	0	0	0	0	1	0	0	95	142	3	1	3	20
9796	-4576	2896	14832	0	0	8	0	0	0	0	0	0	0	0	0	0	0	0	95	142	2	1	3	20
9797	-4608	2928	15120	0	0	8	0	0	0	0	0	0	0	0	0	0	0	0	95	142	3	1	3	19
9798	-4592	2928	15120	0	0	8	0	0	0	0	0	0	0	0	0	0	0	0	95	142	3	1	3	18
9799	-4560	2704	14800	0	0	8	0	0	0	0	0	0	0	0	0	0	0	0	95	142	3	1	3	17
9800	-4576	2928	14784	0	0	8	0	0	0	0	0	0	0	0	0	0	0	0	95	142	3	1	3	17
9801	-4880	2912	14720	0	0	8	0	0	0	0	0	0	0	0	0	0	0	0	95	142	3	1	3	17
9802	-4608	2896	14768	0	0	8	0	0	0	0	0	0	0	0	0	0	0	0	95	142	3	1	3	18
9803	-4880	2688	14720	0	0	8	0	0	0	0	0	0	0	0	0	0	0	0	95	142	3	1	3	19
9804	-4560	2912	14768	0	0	8	0	0	0	0	0	0	0	0	0	0	0	0	95	142	3	1	3	19
9805	-4736	2688	14816	0	0	8	0	0	0	0	0	0	0	0	0	0	0	0	95	142	4	1	3	21
9806	-4544	2720	14784	0	0	8	0	0	0	0	0	0	0	0	0	0	0	0	95	142	3	1	3	22
9807	-4544	2880	14752	0	0	8	0	0	0	0	0	0	0	0	0	0	0	0	95	142	3	1	3	21
9808	-4576	2896	14752	0	0	8	0	0	0	0	0	0	0	0	0	0	0	0	95	142	3	1	3	19
9809	-4576	2912	14816	0	0	8	0	0	0	0	0	0	0	0	0	0	0	0	95	142	3	1	3	18
9810	-4592	2848	15120	0	0	8	0	0	0	0	0	0	0	0	0	0	0	0	95	142	3	1	3	17
9811	-4592	2912	15120	0	0	8	0	0	0	0	0	0	0	0	0	0	0	0	95	142	3	1	3	26
9812	-4560	2688	14768	0	0	8	0	0	0	0	0	0	0	0	0	0	0	0	95	142	4	2	4	277
9813	-4528	2752	15200	0	0	8	0	0	0	0	0	0	0	0	0	0	0	0	95	142	107	32	11	835
9814	-4560	3104	15360	0	0	8	0	0	0	0	0	0	0	0	0	0	0	0	95	142	131	91	49	1332
9815	-4560	2992	15056	0	0	8	0	0	0	0	0	0	0	0	0	0	0	0	95	142	1256	231	130	1374
9816	-4576	2864	14800	0	0	8	0	0	0	0	0	0	0	0	0	0	0	0	95	142	1769	281	174	1393
9817	-4944	2448	14560	0	0	8	0	0	0	0	0	0	0	0	0	0	0	0	95	142	1774	299	271	1303
9818	-4912	2624	14480	0	0	8	0	0	0	0	0	0	0	0	0	0	0	0	95	142	1878	328	312	1189
9819	-4928	2464	14752	0	0	8	0	0	0	0	0	0	0	0	0	0	0	0	95	142	1916	338	336	1089
9820	-4880	2736	14736	0	0	8	0	0	0	0	0	0	0	0	0	0	0	0	95	142	1920	344	380	995
9821	-4928	2800	14800	0	0	8	0	0	0	0	0	0	0	0	0	0	0	0	95	142	1864	335	402	888
9822	-4528	2928	14784	0	0	8	0	0	0	0	0	0	0	0	0	0	0	0	95	142	1845	283	398	712
9823	-4544	2752	14832	0	0	8	0	0	0	0	0	0	0	0	0	0	0	1	95	142	782	159	329	521
9824	-4560	2720	14816	0	0	8	0	0	0	0	0	0	0	8	0	0	0	2	95	142	269	110	288	351
9825	-4576	2736	14816	0	0	8	0	0	0	0	0	0	0	0	0	0	0	2	95	142	264	91	192	226
9826	-4544	2736	14832	0	0	8	0	0	0	0	0	0	0	0	0	0	0	2	95	142	161	63	151	144
9827	-4592	2768	14816	0	0	8	0	0	0	0	0	0	0	0	0	0	0	6	95	142	123	53	126	93
9828	-4608	2736	15104	0	0	8	0	0	0	0	0	0	0	0	0	0	0	17	95	142	118	47	81	61
9829	-4592	2720	14784	0	0	8	0	0	0	0	0	4	0	8	0	0	0	18	95	142	71	25	52	46
9830	-4576	2688	14800	0	0	8	0	0	0	0	0	0	0	0	0	0	0	37	95	142	66	17	18	41
9831	-4576	2720	14784	0	0	8	0	0	0	0	0	0	0	0	0	0	0	67	95	142	4	2	6	53
9832	-4592	2752	14800	0	0	8	0	0	0	0	0	0	0	0	0	0	0	85	95	142	6	2	4	66
9833	-4880	2752	14832	0	0	8	0	0	0	0	0	0	0	0	0	0	0	88	95	142	9	4	4	74
9834	-4560	2912	14784	0	0	8	0	0	0	0	0	0	0	8	0	0	0	91	95	142	15	6	4	81
9835	-4560	2736	14800	0	0	8	0	0	0	0	0	0	0	0	0	0	4	34	95	142	17	9	5	87
9836	-4560	2912	14800	0	0	8	0	0	0	0	0	0	0	0	0	0	41	0	95	142	17	9	6	95
9837	-4880	2928	14832	0	0	8	0	0	0	0	0	0	0	0	0	0	42	0	95	142	19	10	7	103
9838	-4896	2704	14800	0	0	8	0	0	0	0	0	0	0	0	0	0	45	0	95	142	19	11	8	103
9839	-4912	2688	14752	0	0	8	0	0	0	0	0	0	0	0	0	1	47	0	95	142	22	12	9	100
9840	-4576	2928	14800	0	0	8	0	0	0	0	0	0	1	0	0	1	69	0	95	142	18	11	9	94
9841	-4880	2928	14832	0	0	8	0	0	0	0	0	0	0	0	0	4	82	0	95	142	16	10	9	92
9842	-4896	2896	14800	0	0	8	0	0	0	0	0	0	0	0	0	3	81	0	95	142	12	9	9	83
9843	-4608	2928	14736	0	0	8	0	0	0	0	0	0	0	0	0	1	76	0	95	142	11	7	8	78
9844	-4880	2928	14768	0	0	8	0	0	0	0	0	0	0	0	0	0	74	0	95	142	13	7	8	73
9845	-4592	2912	14752	0	0	8	0	0	0	0	0	0	0	0	0	0	19	0	95	142	14	7	7	64
9846	-4560	2704	14736	0	0	8	0	0	0	0	0	0	0	0	0	0	5	0	95	142	13	7	6	57
9847	-4512	2928	14768	0	0	8	0	0	0	0	0	0	0	0	0	0	2	0	95	142	12	6	5	49
9848	-4560	2912	15120	0	0	8	0	0	0	0	0	0	0	0	0	0	2	0	95	142	12	5	5	44
9849	-4608	2816	15120	0	0	8	0	0	0	0	0	0	0	0	0	0	1	0	95	142	12	5	4	40
9850	-4896	2912	14832	0	0	8	0	0	0	0	0	0	0	0	0	0	0	0	95	142	10	4	3	36
9851	-4896	2928	14832	0	0	8	0	0	0	0	0	0	0	0	0	0	0	0	95	142	9	3	3	33
9852	-4608	2912	14752	0	0	8	0	0	0	0	0	0	0	0	0	0	0	0	95	142	7	3	3	30
9853	-4592	2928	14800	0	0	8	0	0	0	0	0	0	0	0	0	0	0	0	95	142	5	2	3	28
9854	-4560	2752	14832	0	0	8	0	0	0	0	0	0	0	0	0	0	0	0	95	142	5	2	3	25
9855	-4880	2928	14800	0	0	8	0	0	0	0	0	0	0	0	0	0	0	0	95	142	4	2	3	23
9856	-4592	2704	14816	0	0	8	0	0	0	0	0	0	0	0	0	0	0	0	95	142	4	2	3	22
9857	-4608	2704	14784	0	0	8	0	0	0	0	0	0	0	0	0	0	0	0	95	142	3	2	3	23
9858	-4592	2912	14832	0	0	8	0	0	0	0	0	0	0	0	0	0	0	0	95	142	4	2	3	23
9859	-4560	2688	14832	0	0	8	0	0	0	0	0	0	0	0	0	0	0	0	95	142	4	2	3	22
9860	-4528	2928	15104	0	0	8	0	0	0	0	0	0	0	0	0	0	0	0	95	142	3	1	3	21
9861	-4528	2704	15136	0	0	8	0	0	0	0	0	0	0	0	0	0	0	0	95	142	3	1	3	21
9862	-4512	2912	14832	0	0	8	0	0	0	0	0	0	0	0	0	0	0	0	95	142	3	1	3	20
9863	-4544	2880	15104	0	0	8	0	0	0	0	0	0	0	0	0	0	0	0	95	142	3	1	3	20
9864	-4560	2928	14768	0	0	8	0	0	0	0	0	0	0	0	0	0	0	0	95	142	3	1	3	19
9865	-4608	2688	14800	0	0	8	0	0	0	0	0	0	0	0	0	0	0	0	95	142	3	1	3	19
9866	-4608	2896	14784	0	0	8	0	0	0	0	0	0	0	0	0	0	0	0	95	142	2	1	3	21
9867	-4608	2848	14800	0	0	8	0	0	0	0	0	0	0	0	0	0	0	0	95	142	2	1	3	20
9868	-4608	2832	14768	0	0	8	0	0	0	0	0	0	0	0	0	0	0	0	95	142	2	1	3	19
9869	-4576	2912	14784	0	0	8	0	0	0	0	0	0	0	0	0	0	0	0	95	142	2	1	3	20
9870	-4608	2896	14768	0	0	8	0	0	0	0	0	0	0	0	0	0	0	0	95	142	2	1	3	20
9871	-4576	2848	14784	0	0	8	0	0	0	0	0	0	0	0	0	0	0	0	95	142	2	1	3	19
9872	-4880	2912	14784	0	0	8	0	0	0	0	0	0	0	0	0	0	0	0	95	142	2	1	3	18
9873	-4592	2720	14816	0	0	8	0	0	0	0	0	0	0	0	0	0	0	0	95	142	2	1	3	18
9874	-4592	2720	14816	0	0	8	0	0	0	0	0	0	0	0	0	0	0	0	95	142	2	1	3	20
9875	-4560	2880	14800	0	0	8	0	0	0	0	0	0	0	0	0	0	0	0	95	142	3	1	3	21
9876	-4576	2928	14832	0	0	8	0	0	0	0	0	0	0	0	0	0	0	0	95	142	2	1	3	34
9877	-4544	2704	14816	0	0	8	0	0	0	0	0	0	0	0	0	0	0	0	95	142	3	1	4	110
9878	-4560	2688	15120	0	0	8	0	0	0	0	0	0	0	0	0	0	0	0	95	142	8	7	17	381
9879	-4896	2720	14816	0	0	8	0	0	0	0	0	0	0	0	0	0	0	0	95	142	10	11	49	850
9880	-4576	3152	14992	0	0	8	0	0	0	0	0	0	0	0	0	0	0	0	95	142	773	55	113	1362
9881	-4720	3072	14656	0	0	8	0	0	0	0	0	0	0	0	0	0	0	0	95	142	1387	106	162	1735
9882	-4736	2816	14224	0	0	8	0	0	0	0	0	0	0	0	0	0	0	0	95	142	1591	130	249	1933
9883	-4608	2832	14736	0	0	8	0	0	0	0	0	0	0	0	0	0	0	0	95	142	2248	594	366	2315
9884	-4608	2800	14320	0	0	8	0	0	0	0	0	0	0	0	0	0	0	0	95	142	5212	1402	510	2894
9885	-4496	3104	15120	0	0	8	0	0	0	0	0	0	0	0	0	0	0	0	95	142	11774	2658	1252	3291
9886	-4608	3168	14720	0	0	8	0	0	0	0	0	0	0	0	0	0	0	0	95	142	12535	2914	1339	2903
9887	-4928	2960	14928	0	0	8	0	0	0	0	0	0	0	0	0	0	0	0	95	142	12543	2962	1364	2342
9888	-4496	2784	14784	0	0	8	0	0	0	0	0	0	0	0	0	0	0	0	95	142	11791	2950	1309	1702
9889	-4496	2784	14736	0	0	8	0	0	0	0	0	0	0	0	0	0	0	0	95	142	11182	2907	1274	1127
9890	-4512	3072	14784	0	0	8	0	0	0	0	0	0	0	0	0	0	0	0	95	142	10978	2884	1188	708
9891	-4576	2784	14720	0	0	8	0	0	0	0	0	0	0	0	0	0	0	0	95	142	10321	2420	1071	433
9892	-4592	2752	14768	0	0	8	0	0	0	0	0	0	0	8	0	0	0	0	95	142	7357	1612	926	260
9893	-4592	2688	14768	0	0	8	0	0	0	0	0	0	0	0	0	0	0	0	95	142	795	356	184	158
9894	-4576	2736	14784	0	0	8	0	0	0	0	0	0	0	0	0	0	0	2	95	142	29	94	84	99
9895	-4576	2720	14832	0	0	8	0	0	0	0	0	0	0	0	0	0	0	7	95	142	19	42	27	65
9896	-4528	2768	14816	0	0	8	0	0	0	0	0	0	0	0	0	0	0	29	95	142	8	10	18	53
9897	-4544	2704	14832	0	0	8	0	0	0	0	0	4	0	8	0	0	0	48	95	142	6	3	4	61
9898	-4544	2896	14832	0	0	8	0	0	0	0	0	0	0	0	0	0	0	72	95	142	12	4	5	74
9899	-4912	2832	15136	0	0	8	0	0	0	0	0	0	0	0	0	0	0	82	95	142	15	4	5	90
9900	-4880	2880	14832	0	0	8	0	0	0	0	0	0	0	0	0	0	0	90	95	142	16	5	7	101
9901	-4608	2928	14832	0	0	8	0	0	0	0	0	0	0	0	0	0	0	83	95	142	21	8	8	103
9902	-4544	2752	14800	0	0	8	0	0	0	0	0	0	0	8	0	0	17	33	95	142	25	10	9	103
9903	-4608	2720	14800	0	0	8	0	0	0	0	0	0	0	0	0	0	42	11	95	142	27	11	9	113
9904	-4880	2928	14832	0	0	8	0	0	0	0	0	0	0	0	0	0	45	0	95	142	29	12	9	108
9905	-4880	2880	15104	0	0	8	0	0	0	0	0	0	1	0	0	0	51	0	95	142	27	12	10	104
9906	-4880	2928	14800	0	0	8	0	0	0	0	0	0	0	0	0	0	80	0	95	142	24	10	9	94
9907	-4944	2736	14832	0	0	8	0	0	0	0	0	0	0	0	0	0	94	0	95	142	24	11	9	84
9908	-4912	2704	15120	0	0	8	0	0	0	0	0	0	0	0	0	0	94	0	95	142	23	10	7	70
9909	-4560	2736	14800	0	0	8	0	0	0	0	0	0	0	0	0	0	91	0	95	142	19	8	6	58
9910	-4560	2720	14816	0	0	8	0	0	0	0	0	0	0	0	0	0	86	0	95	142	15	6	5	50
9911	-4512	2736	14768	0	0	8	0	0	0	0	0	0	0	0	0	0	71	0	95	142	13	6	4	43
9912	-4512	2704	14800	0	0	8	0	0	0	0	0	0	0	0	0	0	36	0	95	142	12	4	4	37
9913	-4560	2896	14832	0	0	8	0	0	0	0	0	0	0	0	0	0	16	0	95	142	12	4	3	34
9914	-4576	2928	14800	0	0	8	0	0	0	0	0	0	0	0	0	0	7	0	95	142	8	3	3	30
9915	-4544	2736	14816	0	0	8	0	0	0	0	0	0	0	0	0	0	5	0	95	142	6	2	2	25
9916	-4576	2720	14816	0	0	8	0	0	0	0	0	0	0	0	0	0	6	0	95	142	6	2	2	24
9917	-4496	2928	14816	0	0	8	0	0	0	0	0	0	0	0	0	0	17	0	95	142	6	2	2	20
9918	-4496	2752	14816	0	0	8	0	0	0	0	0	0	0	0	0	0	22	0	95	142	5	2	2	17
9919	-4608	2720	14816	0	0	8	0	0	0	0	0	0	0	0	0	0	1	0	95	142	5	1	2	16
9920	-4944	2688	14768	0	0	8	0	0	0	0	0	0	0	0	0	0	0	0	95	142	5	1	2	16
9921	-4896	2704	14768	0	0	8	0	0	0	0	0	0	0	0	0	0	0	0	95	142	4	1	2	18
9922	-4576	2736	15104	0	0	8	0	0	0	0	0	0	0	0	0	0	0	0	95	142	3	1	2	17
9923	-4544	2752	15136	0	0	8	0	0	0	0	0	0	0	0	0	0	0	0	95	142	3	1	2	16
9924	-4576	2736	14816	0	0	8	0	0	0	0	0	0	0	0	0	0	0	0	95	142	3	1	3	17
9925	-4576	2720	14832	0	0	8	0	0	0	0	0	0	0	0	0	0	0	0	95	142	2	1	3	19
9926	-4608	2704	14784	0	0	8	0	0	0	0	0	0	0	0	0	0	0	0	95	142	2	1	3	18
9927	-4896	2704	14768	0	0	8	0	0	0	0	0	0	0	0	0	0	0	0	95	142	2	1	3	18
9928	-4592	2720	14768	0	0	8	0	0	0	0	0	0	0	0	0	0	0	0	95	142	2	1	3	17
9929	-4912	2928	14784	0	0	8	0	0	0	0	0	0	0	0	0	0	0	0	95	142	3	1	3	18
9930	-4896	2720	14800	0	0	8	0	0	0	0	0	0	0	0	0	0	0	0	95	142	3	1	3	18
9931	-4576	2736	14816	0	0	8	0	0	0	0	0	0	0	0	0	0	0	0	95	142	3	1	3	18
9932	-4528	2704	14816	0	0	8	0	0	0	0	0	0	0	0	0	0	0	0	95	142	3	1	3	17
9933	-4592	2928	14832	0	0	8	0	0	0	0	0	0	0	0	0	0	0	0	95	142	3	1	3	19
9934	-4576	2688	14816	0	0	8	0	0	0	0	0	0	0	0	0	0	0	0	95	142	4	1	3	19
9935	-4592	2736	14816	0	0	8	0	0	0	0	0	0	0	0	0	0	0	0	95	142	3	1	3	20
9936	-4592	2752	14768	0	0	8	0	0	0	0	0	0	0	0	0	0	0	0	95	142	3	1	3	19
9937	-4528	2704	14784	0	0	8	0	0	0	0	0	0	0	0	0	0	0	0	95	142	3	1	3	18
9938	-4544	2928	14816	0	0	8	0	0	0	0	0	0	0	0	0	0	0	0	95	142	3	1	3	18
9939	-4592	2688	15120	0	0	8	0	0	0	0	0	0	0	0	0	0	0	0	95	142	2	1	3	17
9940	-4576	2928	14800	0	0	8	0	0	0	0	0	0	0	0	0	0	0	0	95	142	2	1	3	16
9941	-4560	2928	14800	0	0	8	0	0	0	0	0	0	0	0	0	0	0	0	95	142	2	1	3	16
9942	-4560	2688	14768	0	0	8	0	0	0	0	0	0	0	0	0	0	0	0	95	142	2	1	3	17
9943	-4880	2704	14800	0	0	8	0	0	0	0	0	0	0	0	0	0	0	0	95	142	3	1	3	19
9944	-4608	2704	15104	0	0	8	0	0	0	0	0	0	0	0	0	0	0	0	95	142	2	1	3	23
9945	-4576	2688	15136	0	0	8	0	0	0	0	0	0	0	0	0	0	0	0	95	142	2	1	3	24
9946	-4560	2736	15136	0	0	8	0	0	0	0	0	0	0	0	0	0	0	0	95	142	2	1	4	29
9947	-4560	2896	15104	0	0	8	0	0	0	0	0	0	0	0	0	0	0	0	95	142	4	1	5	31
9948	-4880	2928	14768	0	0	8	0	0	0	0	0	0	0	0	0	0	0	0	95	142	5	1	7	32
9949	-4880	2752	14800	0	0	8	0	0	0	0	0	0	0	0	0	0	0	0	95	142	6	2	8	33
9950	-4576	2752	14784	0	0	8	0	0	0	0	0	0	0	0	0	0	0	0	95	142	7	2	9	35
9951	-4576	2720	14784	0	0	8	0	0	0	0	0	0	0	0	0	0	0	0	95	142	7	3	19	51
9952	-4560	2688	14752	0	0	8	0	0	0	0	0	0	0	0	0	0	0	0	95	142	8	4	22	71
9953	-4592	2912	14768	0	0	8	0	0	0	0	0	0	0	0	0	0	0	0	95	142	10	13	34	721
9954	-4528	3072	14752	0	0	8	0	0	0	0	0	0	0	0	0	0	0	0	95	142	283	72	87	1658
9955	-4896	2688	14736	0	0	8	0	0	0	0	0	0	0	0	0	0	0	0	95	142	3740	761	356	2401
9956	-4544	3152	14976	0	0	8	0	0	0	0	0	0	0	0	0	0	0	0	95	142	3906	885	403	2806
9957	-4544	3120	14800	0	0	8	0	0	0	0	0	0	0	0	0	0	0	0	95	142	5926	1835	777	2820
9958	-4544	3168	14960	0	0	8	0	0	0	0	0	0	0	0	0	0	0	0	95	142	5985	1874	797	2850
9959	-4576	3104	15136	0	0	8	0	0	0	0	0	0	0	0	0	0	0	0	95	142	6065	1902	803	2691
9960	-4688	2736	14832	0	0	8	0	0	0	0	0	0	0	0	0	0	0	0	95	142	7098	1958	841	2091
9961	-4528	2752	14832	0	0	8	0	0	0	0	0	0	0	0	0	0	0	0	95	142	7136	1959	834	1435
9962	-4528	3072	14816	0	0	8	0	0	0	0	0	0	0	0	0	0	0	0	95	142	6864	1901	781	918
9963	-4560	3072	14816	0	0	8	0	0	0	0	0	0	0	0	0	0	0	0	95	142	3405	1212	510	564
9964	-4592	2720	14800	0	0	8	0	0	0	0	0	0	0	0	0	0	0	0	95	142	3238	1087	463	341
9965	-4608	2928	14784	0	0	8	0	0	0	0	0	0	0	8	0	0	0	0	95	142	1218	137	86	214
9966	-4960	2720	14752	0	0	8	0	0	0	0	0	0	0	0	0	0	0	0	95	142	1161	98	66	151
9967	-4544	2896	14832	0	0	8	0	0	0	0	0	0	0	0	0	0	0	1	95	142	1081	70	50	121
9968	-4688	2752	14784	0	0	8	0	0	0	0	0	0	0	0	0	0	0	5	95	142	51	15	11	125
9969	-4944	2992	14736	0	0	8	0	0	0	0	0	0	0	0	0	0	0	5	95	142	18	8	8	139
9970	-4640	3360	14800	0	0	8	0	0	0	0	0	4	0	8	0	0	0	14	95	142	23	10	12	130
9971	-4704	3664	14880	0	0	8	0	0	0	0	0	0	0	0	0	0	0	66	95	142	27	11	12	118
9972	-4928	2960	15008	0	0	8	0	0	0	0	0	2	8192	0	0	0	0	91	95	142	30	12	14	107
9973	-4672	3168	14816	0	0	8	0	0	0	0	0	0	0	0	0	0	0	93	95	142	31	14	16	100
9974	-4880	2992	14752	0	0	8	0	0	0	0	0	0	0	0	0	0	0	93	95	142	32	15	17	97
9975	-4848	3024	14736	0	0	8	0	0	0	0	0	0	0	0	0	0	0	90	95	142	33	16	18	95
9976	-4704	3168	14720	0	0	8	0	0	0	0	0	0	0	0	0	0	9	5	95	142	32	15	18	107
9977	-4656	3168	14800	0	0	8	0	0	0	0	0	0	0	0	0	0	40	2	95	142	32	21	18	106
9978	-4624	3072	14944	0	0	8	0	0	0	0	0	0	0	0	0	0	45	0	95	142	26	18	14	103
9979	-4608	2960	14960	0	0	8	0	0	0	0	0	0	0	0	0	0	47	0	95	142	23	18	14	87
9980	-4816	2992	14944	0	0	8	0	0	0	0	0	0	1	0	0	0	73	0	95	142	21	18	12	67
9981	-4928	3040	14960	0	0	8	0	0	0	0	0	0	0	0	0	1	95	0	95	142	19	16	11	52
9982	-4880	3344	14736	0	0	8	0	0	0	0	0	0	0	0	0	3	95	0	95	142	15	14	9	41
9983	-5168	3248	14880	0	0	8	0	0	0	0	0	0	0	0	0	2	92	0	95	142	13	12	8	52
9984	-4288	3472	14176	0	0	8	0	0	0	0	0	0	0	0	0	1	91	0	95	142	12	13	11	68
